kode_bps,nama_wilayah,tahun,triwulan,periode,tipe_pelayanan,nama_penyakit,kode_icd10,status_kasus,jumlah_pasien,tipe_data
3501,Kabupaten Pacitan,2024,Q1,2024-Q1,rawat_jalan,Infeksi Saluran Pernapasan Akut (ISPA),J06,menular,954,Historis (Observasi)
3501,Kabupaten Pacitan,2024,Q1,2024-Q1,rawat_inap,Demam Berdarah Dengue (DBD),A90,menular,244,Historis (Observasi)
3501,Kabupaten Pacitan,2024,Q1,2024-Q1,rawat_inap,Tuberkulosis Paru (TB),A15,menular,135,Historis (Observasi)
3501,Kabupaten Pacitan,2024,Q1,2024-Q1,rawat_jalan,Diare dan Gastroenteritis,A09,menular,299,Historis (Observasi)
3501,Kabupaten Pacitan,2024,Q1,2024-Q1,rawat_jalan,Hipertensi Esensial,I10,tidak_menular,803,Historis (Observasi)
3501,Kabupaten Pacitan,2024,Q1,2024-Q1,rawat_jalan,Diabetes Melitus Tipe 2,E11,tidak_menular,654,Historis (Observasi)
3501,Kabupaten Pacitan,2024,Q1,2024-Q1,rawat_inap,Pneumonia,J18,menular,121,Historis (Observasi)
3501,Kabupaten Pacitan,2024,Q1,2024-Q1,rawat_jalan,Demam Tifoid,A01,menular,253,Historis (Observasi)
3501,Kabupaten Pacitan,2024,Q1,2024-Q1,rawat_inap,Penyakit Jantung Iskemik,I25,tidak_menular,89,Historis (Observasi)
3501,Kabupaten Pacitan,2024,Q1,2024-Q1,rawat_jalan,Gastritis dan Duodenitis,K29,tidak_menular,355,Historis (Observasi)
3501,Kabupaten Pacitan,2024,Q2,2024-Q2,rawat_jalan,Infeksi Saluran Pernapasan Akut (ISPA),J06,menular,579,Historis (Observasi)
3501,Kabupaten Pacitan,2024,Q2,2024-Q2,rawat_inap,Demam Berdarah Dengue (DBD),A90,menular,207,Historis (Observasi)
3501,Kabupaten Pacitan,2024,Q2,2024-Q2,rawat_inap,Tuberkulosis Paru (TB),A15,menular,174,Historis (Observasi)
3501,Kabupaten Pacitan,2024,Q2,2024-Q2,rawat_jalan,Diare dan Gastroenteritis,A09,menular,555,Historis (Observasi)
3501,Kabupaten Pacitan,2024,Q2,2024-Q2,rawat_jalan,Hipertensi Esensial,I10,tidak_menular,709,Historis (Observasi)
3501,Kabupaten Pacitan,2024,Q2,2024-Q2,rawat_jalan,Diabetes Melitus Tipe 2,E11,tidak_menular,612,Historis (Observasi)
3501,Kabupaten Pacitan,2024,Q2,2024-Q2,rawat_inap,Pneumonia,J18,menular,108,Historis (Observasi)
3501,Kabupaten Pacitan,2024,Q2,2024-Q2,rawat_jalan,Demam Tifoid,A01,menular,132,Historis (Observasi)
3501,Kabupaten Pacitan,2024,Q2,2024-Q2,rawat_inap,Penyakit Jantung Iskemik,I25,tidak_menular,160,Historis (Observasi)
3501,Kabupaten Pacitan,2024,Q2,2024-Q2,rawat_jalan,Gastritis dan Duodenitis,K29,tidak_menular,413,Historis (Observasi)
3501,Kabupaten Pacitan,2024,Q3,2024-Q3,rawat_jalan,Infeksi Saluran Pernapasan Akut (ISPA),J06,menular,917,Historis (Observasi)
3501,Kabupaten Pacitan,2024,Q3,2024-Q3,rawat_inap,Demam Berdarah Dengue (DBD),A90,menular,92,Historis (Observasi)
3501,Kabupaten Pacitan,2024,Q3,2024-Q3,rawat_inap,Tuberkulosis Paru (TB),A15,menular,103,Historis (Observasi)
3501,Kabupaten Pacitan,2024,Q3,2024-Q3,rawat_jalan,Diare dan Gastroenteritis,A09,menular,321,Historis (Observasi)
3501,Kabupaten Pacitan,2024,Q3,2024-Q3,rawat_jalan,Hipertensi Esensial,I10,tidak_menular,677,Historis (Observasi)
3501,Kabupaten Pacitan,2024,Q3,2024-Q3,rawat_jalan,Diabetes Melitus Tipe 2,E11,tidak_menular,609,Historis (Observasi)
3501,Kabupaten Pacitan,2024,Q3,2024-Q3,rawat_inap,Pneumonia,J18,menular,101,Historis (Observasi)
3501,Kabupaten Pacitan,2024,Q3,2024-Q3,rawat_jalan,Demam Tifoid,A01,menular,118,Historis (Observasi)
3501,Kabupaten Pacitan,2024,Q3,2024-Q3,rawat_inap,Penyakit Jantung Iskemik,I25,tidak_menular,233,Historis (Observasi)
3501,Kabupaten Pacitan,2024,Q3,2024-Q3,rawat_jalan,Gastritis dan Duodenitis,K29,tidak_menular,460,Historis (Observasi)
3501,Kabupaten Pacitan,2024,Q4,2024-Q4,rawat_jalan,Infeksi Saluran Pernapasan Akut (ISPA),J06,menular,958,Historis (Observasi)
3501,Kabupaten Pacitan,2024,Q4,2024-Q4,rawat_inap,Demam Berdarah Dengue (DBD),A90,menular,93,Historis (Observasi)
3501,Kabupaten Pacitan,2024,Q4,2024-Q4,rawat_inap,Tuberkulosis Paru (TB),A15,menular,106,Historis (Observasi)
3501,Kabupaten Pacitan,2024,Q4,2024-Q4,rawat_jalan,Diare dan Gastroenteritis,A09,menular,291,Historis (Observasi)
3501,Kabupaten Pacitan,2024,Q4,2024-Q4,rawat_jalan,Hipertensi Esensial,I10,tidak_menular,948,Historis (Observasi)
3501,Kabupaten Pacitan,2024,Q4,2024-Q4,rawat_jalan,Diabetes Melitus Tipe 2,E11,tidak_menular,302,Historis (Observasi)
3501,Kabupaten Pacitan,2024,Q4,2024-Q4,rawat_inap,Pneumonia,J18,menular,83,Historis (Observasi)
3501,Kabupaten Pacitan,2024,Q4,2024-Q4,rawat_jalan,Demam Tifoid,A01,menular,147,Historis (Observasi)
3501,Kabupaten Pacitan,2024,Q4,2024-Q4,rawat_inap,Penyakit Jantung Iskemik,I25,tidak_menular,215,Historis (Observasi)
3501,Kabupaten Pacitan,2024,Q4,2024-Q4,rawat_jalan,Gastritis dan Duodenitis,K29,tidak_menular,255,Historis (Observasi)
3502,Kabupaten Ponorogo,2024,Q1,2024-Q1,rawat_jalan,Infeksi Saluran Pernapasan Akut (ISPA),J06,menular,1891,Historis (Observasi)
3502,Kabupaten Ponorogo,2024,Q1,2024-Q1,rawat_inap,Demam Berdarah Dengue (DBD),A90,menular,275,Historis (Observasi)
3502,Kabupaten Ponorogo,2024,Q1,2024-Q1,rawat_inap,Tuberkulosis Paru (TB),A15,menular,312,Historis (Observasi)
3502,Kabupaten Ponorogo,2024,Q1,2024-Q1,rawat_jalan,Diare dan Gastroenteritis,A09,menular,510,Historis (Observasi)
3502,Kabupaten Ponorogo,2024,Q1,2024-Q1,rawat_jalan,Hipertensi Esensial,I10,tidak_menular,975,Historis (Observasi)
3502,Kabupaten Ponorogo,2024,Q1,2024-Q1,rawat_jalan,Diabetes Melitus Tipe 2,E11,tidak_menular,1049,Historis (Observasi)
3502,Kabupaten Ponorogo,2024,Q1,2024-Q1,rawat_inap,Pneumonia,J18,menular,333,Historis (Observasi)
3502,Kabupaten Ponorogo,2024,Q1,2024-Q1,rawat_jalan,Demam Tifoid,A01,menular,260,Historis (Observasi)
3502,Kabupaten Ponorogo,2024,Q1,2024-Q1,rawat_inap,Penyakit Jantung Iskemik,I25,tidak_menular,243,Historis (Observasi)
3502,Kabupaten Ponorogo,2024,Q1,2024-Q1,rawat_jalan,Gastritis dan Duodenitis,K29,tidak_menular,364,Historis (Observasi)
3502,Kabupaten Ponorogo,2024,Q2,2024-Q2,rawat_jalan,Infeksi Saluran Pernapasan Akut (ISPA),J06,menular,987,Historis (Observasi)
3502,Kabupaten Ponorogo,2024,Q2,2024-Q2,rawat_inap,Demam Berdarah Dengue (DBD),A90,menular,308,Historis (Observasi)
3502,Kabupaten Ponorogo,2024,Q2,2024-Q2,rawat_inap,Tuberkulosis Paru (TB),A15,menular,269,Historis (Observasi)
3502,Kabupaten Ponorogo,2024,Q2,2024-Q2,rawat_jalan,Diare dan Gastroenteritis,A09,menular,765,Historis (Observasi)
3502,Kabupaten Ponorogo,2024,Q2,2024-Q2,rawat_jalan,Hipertensi Esensial,I10,tidak_menular,1035,Historis (Observasi)
3502,Kabupaten Ponorogo,2024,Q2,2024-Q2,rawat_jalan,Diabetes Melitus Tipe 2,E11,tidak_menular,543,Historis (Observasi)
3502,Kabupaten Ponorogo,2024,Q2,2024-Q2,rawat_inap,Pneumonia,J18,menular,236,Historis (Observasi)
3502,Kabupaten Ponorogo,2024,Q2,2024-Q2,rawat_jalan,Demam Tifoid,A01,menular,291,Historis (Observasi)
3502,Kabupaten Ponorogo,2024,Q2,2024-Q2,rawat_inap,Penyakit Jantung Iskemik,I25,tidak_menular,242,Historis (Observasi)
3502,Kabupaten Ponorogo,2024,Q2,2024-Q2,rawat_jalan,Gastritis dan Duodenitis,K29,tidak_menular,845,Historis (Observasi)
3502,Kabupaten Ponorogo,2024,Q3,2024-Q3,rawat_jalan,Infeksi Saluran Pernapasan Akut (ISPA),J06,menular,1437,Historis (Observasi)
3502,Kabupaten Ponorogo,2024,Q3,2024-Q3,rawat_inap,Demam Berdarah Dengue (DBD),A90,menular,149,Historis (Observasi)
3502,Kabupaten Ponorogo,2024,Q3,2024-Q3,rawat_inap,Tuberkulosis Paru (TB),A15,menular,415,Historis (Observasi)
3502,Kabupaten Ponorogo,2024,Q3,2024-Q3,rawat_jalan,Diare dan Gastroenteritis,A09,menular,1030,Historis (Observasi)
3502,Kabupaten Ponorogo,2024,Q3,2024-Q3,rawat_jalan,Hipertensi Esensial,I10,tidak_menular,1078,Historis (Observasi)
3502,Kabupaten Ponorogo,2024,Q3,2024-Q3,rawat_jalan,Diabetes Melitus Tipe 2,E11,tidak_menular,1131,Historis (Observasi)
3502,Kabupaten Ponorogo,2024,Q3,2024-Q3,rawat_inap,Pneumonia,J18,menular,137,Historis (Observasi)
3502,Kabupaten Ponorogo,2024,Q3,2024-Q3,rawat_jalan,Demam Tifoid,A01,menular,454,Historis (Observasi)
3502,Kabupaten Ponorogo,2024,Q3,2024-Q3,rawat_inap,Penyakit Jantung Iskemik,I25,tidak_menular,191,Historis (Observasi)
3502,Kabupaten Ponorogo,2024,Q3,2024-Q3,rawat_jalan,Gastritis dan Duodenitis,K29,tidak_menular,788,Historis (Observasi)
3502,Kabupaten Ponorogo,2024,Q4,2024-Q4,rawat_jalan,Infeksi Saluran Pernapasan Akut (ISPA),J06,menular,1540,Historis (Observasi)
3502,Kabupaten Ponorogo,2024,Q4,2024-Q4,rawat_inap,Demam Berdarah Dengue (DBD),A90,menular,555,Historis (Observasi)
3502,Kabupaten Ponorogo,2024,Q4,2024-Q4,rawat_inap,Tuberkulosis Paru (TB),A15,menular,196,Historis (Observasi)
3502,Kabupaten Ponorogo,2024,Q4,2024-Q4,rawat_jalan,Diare dan Gastroenteritis,A09,menular,819,Historis (Observasi)
3502,Kabupaten Ponorogo,2024,Q4,2024-Q4,rawat_jalan,Hipertensi Esensial,I10,tidak_menular,1657,Historis (Observasi)
3502,Kabupaten Ponorogo,2024,Q4,2024-Q4,rawat_jalan,Diabetes Melitus Tipe 2,E11,tidak_menular,522,Historis (Observasi)
3502,Kabupaten Ponorogo,2024,Q4,2024-Q4,rawat_inap,Pneumonia,J18,menular,155,Historis (Observasi)
3502,Kabupaten Ponorogo,2024,Q4,2024-Q4,rawat_jalan,Demam Tifoid,A01,menular,350,Historis (Observasi)
3502,Kabupaten Ponorogo,2024,Q4,2024-Q4,rawat_inap,Penyakit Jantung Iskemik,I25,tidak_menular,181,Historis (Observasi)
3502,Kabupaten Ponorogo,2024,Q4,2024-Q4,rawat_jalan,Gastritis dan Duodenitis,K29,tidak_menular,363,Historis (Observasi)
3503,Kabupaten Trenggalek,2024,Q1,2024-Q1,rawat_jalan,Infeksi Saluran Pernapasan Akut (ISPA),J06,menular,601,Historis (Observasi)
3503,Kabupaten Trenggalek,2024,Q1,2024-Q1,rawat_inap,Demam Berdarah Dengue (DBD),A90,menular,225,Historis (Observasi)
3503,Kabupaten Trenggalek,2024,Q1,2024-Q1,rawat_inap,Tuberkulosis Paru (TB),A15,menular,240,Historis (Observasi)
3503,Kabupaten Trenggalek,2024,Q1,2024-Q1,rawat_jalan,Diare dan Gastroenteritis,A09,menular,533,Historis (Observasi)
3503,Kabupaten Trenggalek,2024,Q1,2024-Q1,rawat_jalan,Hipertensi Esensial,I10,tidak_menular,1003,Historis (Observasi)
3503,Kabupaten Trenggalek,2024,Q1,2024-Q1,rawat_jalan,Diabetes Melitus Tipe 2,E11,tidak_menular,345,Historis (Observasi)
3503,Kabupaten Trenggalek,2024,Q1,2024-Q1,rawat_inap,Pneumonia,J18,menular,105,Historis (Observasi)
3503,Kabupaten Trenggalek,2024,Q1,2024-Q1,rawat_jalan,Demam Tifoid,A01,menular,271,Historis (Observasi)
3503,Kabupaten Trenggalek,2024,Q1,2024-Q1,rawat_inap,Penyakit Jantung Iskemik,I25,tidak_menular,144,Historis (Observasi)
3503,Kabupaten Trenggalek,2024,Q1,2024-Q1,rawat_jalan,Gastritis dan Duodenitis,K29,tidak_menular,262,Historis (Observasi)
3503,Kabupaten Trenggalek,2024,Q2,2024-Q2,rawat_jalan,Infeksi Saluran Pernapasan Akut (ISPA),J06,menular,642,Historis (Observasi)
3503,Kabupaten Trenggalek,2024,Q2,2024-Q2,rawat_inap,Demam Berdarah Dengue (DBD),A90,menular,325,Historis (Observasi)
3503,Kabupaten Trenggalek,2024,Q2,2024-Q2,rawat_inap,Tuberkulosis Paru (TB),A15,menular,320,Historis (Observasi)
3503,Kabupaten Trenggalek,2024,Q2,2024-Q2,rawat_jalan,Diare dan Gastroenteritis,A09,menular,549,Historis (Observasi)
3503,Kabupaten Trenggalek,2024,Q2,2024-Q2,rawat_jalan,Hipertensi Esensial,I10,tidak_menular,519,Historis (Observasi)
3503,Kabupaten Trenggalek,2024,Q2,2024-Q2,rawat_jalan,Diabetes Melitus Tipe 2,E11,tidak_menular,438,Historis (Observasi)
3503,Kabupaten Trenggalek,2024,Q2,2024-Q2,rawat_inap,Pneumonia,J18,menular,203,Historis (Observasi)
3503,Kabupaten Trenggalek,2024,Q2,2024-Q2,rawat_jalan,Demam Tifoid,A01,menular,321,Historis (Observasi)
3503,Kabupaten Trenggalek,2024,Q2,2024-Q2,rawat_inap,Penyakit Jantung Iskemik,I25,tidak_menular,155,Historis (Observasi)
3503,Kabupaten Trenggalek,2024,Q2,2024-Q2,rawat_jalan,Gastritis dan Duodenitis,K29,tidak_menular,446,Historis (Observasi)
3503,Kabupaten Trenggalek,2024,Q3,2024-Q3,rawat_jalan,Infeksi Saluran Pernapasan Akut (ISPA),J06,menular,620,Historis (Observasi)
3503,Kabupaten Trenggalek,2024,Q3,2024-Q3,rawat_inap,Demam Berdarah Dengue (DBD),A90,menular,289,Historis (Observasi)
3503,Kabupaten Trenggalek,2024,Q3,2024-Q3,rawat_inap,Tuberkulosis Paru (TB),A15,menular,268,Historis (Observasi)
3503,Kabupaten Trenggalek,2024,Q3,2024-Q3,rawat_jalan,Diare dan Gastroenteritis,A09,menular,551,Historis (Observasi)
3503,Kabupaten Trenggalek,2024,Q3,2024-Q3,rawat_jalan,Hipertensi Esensial,I10,tidak_menular,1149,Historis (Observasi)
3503,Kabupaten Trenggalek,2024,Q3,2024-Q3,rawat_jalan,Diabetes Melitus Tipe 2,E11,tidak_menular,459,Historis (Observasi)
3503,Kabupaten Trenggalek,2024,Q3,2024-Q3,rawat_inap,Pneumonia,J18,menular,200,Historis (Observasi)
3503,Kabupaten Trenggalek,2024,Q3,2024-Q3,rawat_jalan,Demam Tifoid,A01,menular,250,Historis (Observasi)
3503,Kabupaten Trenggalek,2024,Q3,2024-Q3,rawat_inap,Penyakit Jantung Iskemik,I25,tidak_menular,243,Historis (Observasi)
3503,Kabupaten Trenggalek,2024,Q3,2024-Q3,rawat_jalan,Gastritis dan Duodenitis,K29,tidak_menular,286,Historis (Observasi)
3503,Kabupaten Trenggalek,2024,Q4,2024-Q4,rawat_jalan,Infeksi Saluran Pernapasan Akut (ISPA),J06,menular,988,Historis (Observasi)
3503,Kabupaten Trenggalek,2024,Q4,2024-Q4,rawat_inap,Demam Berdarah Dengue (DBD),A90,menular,315,Historis (Observasi)
3503,Kabupaten Trenggalek,2024,Q4,2024-Q4,rawat_inap,Tuberkulosis Paru (TB),A15,menular,133,Historis (Observasi)
3503,Kabupaten Trenggalek,2024,Q4,2024-Q4,rawat_jalan,Diare dan Gastroenteritis,A09,menular,579,Historis (Observasi)
3503,Kabupaten Trenggalek,2024,Q4,2024-Q4,rawat_jalan,Hipertensi Esensial,I10,tidak_menular,530,Historis (Observasi)
3503,Kabupaten Trenggalek,2024,Q4,2024-Q4,rawat_jalan,Diabetes Melitus Tipe 2,E11,tidak_menular,561,Historis (Observasi)
3503,Kabupaten Trenggalek,2024,Q4,2024-Q4,rawat_inap,Pneumonia,J18,menular,247,Historis (Observasi)
3503,Kabupaten Trenggalek,2024,Q4,2024-Q4,rawat_jalan,Demam Tifoid,A01,menular,289,Historis (Observasi)
3503,Kabupaten Trenggalek,2024,Q4,2024-Q4,rawat_inap,Penyakit Jantung Iskemik,I25,tidak_menular,221,Historis (Observasi)
3503,Kabupaten Trenggalek,2024,Q4,2024-Q4,rawat_jalan,Gastritis dan Duodenitis,K29,tidak_menular,609,Historis (Observasi)
3504,Kabupaten Tulungagung,2024,Q1,2024-Q1,rawat_jalan,Infeksi Saluran Pernapasan Akut (ISPA),J06,menular,1793,Historis (Observasi)
3504,Kabupaten Tulungagung,2024,Q1,2024-Q1,rawat_inap,Demam Berdarah Dengue (DBD),A90,menular,416,Historis (Observasi)
3504,Kabupaten Tulungagung,2024,Q1,2024-Q1,rawat_inap,Tuberkulosis Paru (TB),A15,menular,254,Historis (Observasi)
3504,Kabupaten Tulungagung,2024,Q1,2024-Q1,rawat_jalan,Diare dan Gastroenteritis,A09,menular,1111,Historis (Observasi)
3504,Kabupaten Tulungagung,2024,Q1,2024-Q1,rawat_jalan,Hipertensi Esensial,I10,tidak_menular,1451,Historis (Observasi)
3504,Kabupaten Tulungagung,2024,Q1,2024-Q1,rawat_jalan,Diabetes Melitus Tipe 2,E11,tidak_menular,896,Historis (Observasi)
3504,Kabupaten Tulungagung,2024,Q1,2024-Q1,rawat_inap,Pneumonia,J18,menular,225,Historis (Observasi)
3504,Kabupaten Tulungagung,2024,Q1,2024-Q1,rawat_jalan,Demam Tifoid,A01,menular,270,Historis (Observasi)
3504,Kabupaten Tulungagung,2024,Q1,2024-Q1,rawat_inap,Penyakit Jantung Iskemik,I25,tidak_menular,227,Historis (Observasi)
3504,Kabupaten Tulungagung,2024,Q1,2024-Q1,rawat_jalan,Gastritis dan Duodenitis,K29,tidak_menular,748,Historis (Observasi)
3504,Kabupaten Tulungagung,2024,Q2,2024-Q2,rawat_jalan,Infeksi Saluran Pernapasan Akut (ISPA),J06,menular,1587,Historis (Observasi)
3504,Kabupaten Tulungagung,2024,Q2,2024-Q2,rawat_inap,Demam Berdarah Dengue (DBD),A90,menular,547,Historis (Observasi)
3504,Kabupaten Tulungagung,2024,Q2,2024-Q2,rawat_inap,Tuberkulosis Paru (TB),A15,menular,282,Historis (Observasi)
3504,Kabupaten Tulungagung,2024,Q2,2024-Q2,rawat_jalan,Diare dan Gastroenteritis,A09,menular,735,Historis (Observasi)
3504,Kabupaten Tulungagung,2024,Q2,2024-Q2,rawat_jalan,Hipertensi Esensial,I10,tidak_menular,1440,Historis (Observasi)
3504,Kabupaten Tulungagung,2024,Q2,2024-Q2,rawat_jalan,Diabetes Melitus Tipe 2,E11,tidak_menular,701,Historis (Observasi)
3504,Kabupaten Tulungagung,2024,Q2,2024-Q2,rawat_inap,Pneumonia,J18,menular,374,Historis (Observasi)
3504,Kabupaten Tulungagung,2024,Q2,2024-Q2,rawat_jalan,Demam Tifoid,A01,menular,429,Historis (Observasi)
3504,Kabupaten Tulungagung,2024,Q2,2024-Q2,rawat_inap,Penyakit Jantung Iskemik,I25,tidak_menular,263,Historis (Observasi)
3504,Kabupaten Tulungagung,2024,Q2,2024-Q2,rawat_jalan,Gastritis dan Duodenitis,K29,tidak_menular,681,Historis (Observasi)
3504,Kabupaten Tulungagung,2024,Q3,2024-Q3,rawat_jalan,Infeksi Saluran Pernapasan Akut (ISPA),J06,menular,1987,Historis (Observasi)
3504,Kabupaten Tulungagung,2024,Q3,2024-Q3,rawat_inap,Demam Berdarah Dengue (DBD),A90,menular,634,Historis (Observasi)
3504,Kabupaten Tulungagung,2024,Q3,2024-Q3,rawat_inap,Tuberkulosis Paru (TB),A15,menular,378,Historis (Observasi)
3504,Kabupaten Tulungagung,2024,Q3,2024-Q3,rawat_jalan,Diare dan Gastroenteritis,A09,menular,1114,Historis (Observasi)
3504,Kabupaten Tulungagung,2024,Q3,2024-Q3,rawat_jalan,Hipertensi Esensial,I10,tidak_menular,1743,Historis (Observasi)
3504,Kabupaten Tulungagung,2024,Q3,2024-Q3,rawat_jalan,Diabetes Melitus Tipe 2,E11,tidak_menular,797,Historis (Observasi)
3504,Kabupaten Tulungagung,2024,Q3,2024-Q3,rawat_inap,Pneumonia,J18,menular,237,Historis (Observasi)
3504,Kabupaten Tulungagung,2024,Q3,2024-Q3,rawat_jalan,Demam Tifoid,A01,menular,373,Historis (Observasi)
3504,Kabupaten Tulungagung,2024,Q3,2024-Q3,rawat_inap,Penyakit Jantung Iskemik,I25,tidak_menular,181,Historis (Observasi)
3504,Kabupaten Tulungagung,2024,Q3,2024-Q3,rawat_jalan,Gastritis dan Duodenitis,K29,tidak_menular,741,Historis (Observasi)
3504,Kabupaten Tulungagung,2024,Q4,2024-Q4,rawat_jalan,Infeksi Saluran Pernapasan Akut (ISPA),J06,menular,1607,Historis (Observasi)
3504,Kabupaten Tulungagung,2024,Q4,2024-Q4,rawat_inap,Demam Berdarah Dengue (DBD),A90,menular,553,Historis (Observasi)
3504,Kabupaten Tulungagung,2024,Q4,2024-Q4,rawat_inap,Tuberkulosis Paru (TB),A15,menular,240,Historis (Observasi)
3504,Kabupaten Tulungagung,2024,Q4,2024-Q4,rawat_jalan,Diare dan Gastroenteritis,A09,menular,1191,Historis (Observasi)
3504,Kabupaten Tulungagung,2024,Q4,2024-Q4,rawat_jalan,Hipertensi Esensial,I10,tidak_menular,1661,Historis (Observasi)
3504,Kabupaten Tulungagung,2024,Q4,2024-Q4,rawat_jalan,Diabetes Melitus Tipe 2,E11,tidak_menular,971,Historis (Observasi)
3504,Kabupaten Tulungagung,2024,Q4,2024-Q4,rawat_inap,Pneumonia,J18,menular,189,Historis (Observasi)
3504,Kabupaten Tulungagung,2024,Q4,2024-Q4,rawat_jalan,Demam Tifoid,A01,menular,527,Historis (Observasi)
3504,Kabupaten Tulungagung,2024,Q4,2024-Q4,rawat_inap,Penyakit Jantung Iskemik,I25,tidak_menular,390,Historis (Observasi)
3504,Kabupaten Tulungagung,2024,Q4,2024-Q4,rawat_jalan,Gastritis dan Duodenitis,K29,tidak_menular,767,Historis (Observasi)
3505,Kabupaten Blitar,2024,Q1,2024-Q1,rawat_jalan,Infeksi Saluran Pernapasan Akut (ISPA),J06,menular,1267,Historis (Observasi)
3505,Kabupaten Blitar,2024,Q1,2024-Q1,rawat_inap,Demam Berdarah Dengue (DBD),A90,menular,293,Historis (Observasi)
3505,Kabupaten Blitar,2024,Q1,2024-Q1,rawat_inap,Tuberkulosis Paru (TB),A15,menular,207,Historis (Observasi)
3505,Kabupaten Blitar,2024,Q1,2024-Q1,rawat_jalan,Diare dan Gastroenteritis,A09,menular,1280,Historis (Observasi)
3505,Kabupaten Blitar,2024,Q1,2024-Q1,rawat_jalan,Hipertensi Esensial,I10,tidak_menular,1457,Historis (Observasi)
3505,Kabupaten Blitar,2024,Q1,2024-Q1,rawat_jalan,Diabetes Melitus Tipe 2,E11,tidak_menular,1198,Historis (Observasi)
3505,Kabupaten Blitar,2024,Q1,2024-Q1,rawat_inap,Pneumonia,J18,menular,342,Historis (Observasi)
3505,Kabupaten Blitar,2024,Q1,2024-Q1,rawat_jalan,Demam Tifoid,A01,menular,544,Historis (Observasi)
3505,Kabupaten Blitar,2024,Q1,2024-Q1,rawat_inap,Penyakit Jantung Iskemik,I25,tidak_menular,290,Historis (Observasi)
3505,Kabupaten Blitar,2024,Q1,2024-Q1,rawat_jalan,Gastritis dan Duodenitis,K29,tidak_menular,566,Historis (Observasi)
3505,Kabupaten Blitar,2024,Q2,2024-Q2,rawat_jalan,Infeksi Saluran Pernapasan Akut (ISPA),J06,menular,2401,Historis (Observasi)
3505,Kabupaten Blitar,2024,Q2,2024-Q2,rawat_inap,Demam Berdarah Dengue (DBD),A90,menular,261,Historis (Observasi)
3505,Kabupaten Blitar,2024,Q2,2024-Q2,rawat_inap,Tuberkulosis Paru (TB),A15,menular,552,Historis (Observasi)
3505,Kabupaten Blitar,2024,Q2,2024-Q2,rawat_jalan,Diare dan Gastroenteritis,A09,menular,831,Historis (Observasi)
3505,Kabupaten Blitar,2024,Q2,2024-Q2,rawat_jalan,Hipertensi Esensial,I10,tidak_menular,888,Historis (Observasi)
3505,Kabupaten Blitar,2024,Q2,2024-Q2,rawat_jalan,Diabetes Melitus Tipe 2,E11,tidak_menular,829,Historis (Observasi)
3505,Kabupaten Blitar,2024,Q2,2024-Q2,rawat_inap,Pneumonia,J18,menular,363,Historis (Observasi)
3505,Kabupaten Blitar,2024,Q2,2024-Q2,rawat_jalan,Demam Tifoid,A01,menular,394,Historis (Observasi)
3505,Kabupaten Blitar,2024,Q2,2024-Q2,rawat_inap,Penyakit Jantung Iskemik,I25,tidak_menular,235,Historis (Observasi)
3505,Kabupaten Blitar,2024,Q2,2024-Q2,rawat_jalan,Gastritis dan Duodenitis,K29,tidak_menular,482,Historis (Observasi)
3505,Kabupaten Blitar,2024,Q3,2024-Q3,rawat_jalan,Infeksi Saluran Pernapasan Akut (ISPA),J06,menular,1055,Historis (Observasi)
3505,Kabupaten Blitar,2024,Q3,2024-Q3,rawat_inap,Demam Berdarah Dengue (DBD),A90,menular,500,Historis (Observasi)
3505,Kabupaten Blitar,2024,Q3,2024-Q3,rawat_inap,Tuberkulosis Paru (TB),A15,menular,280,Historis (Observasi)
3505,Kabupaten Blitar,2024,Q3,2024-Q3,rawat_jalan,Diare dan Gastroenteritis,A09,menular,1073,Historis (Observasi)
3505,Kabupaten Blitar,2024,Q3,2024-Q3,rawat_jalan,Hipertensi Esensial,I10,tidak_menular,1029,Historis (Observasi)
3505,Kabupaten Blitar,2024,Q3,2024-Q3,rawat_jalan,Diabetes Melitus Tipe 2,E11,tidak_menular,814,Historis (Observasi)
3505,Kabupaten Blitar,2024,Q3,2024-Q3,rawat_inap,Pneumonia,J18,menular,303,Historis (Observasi)
3505,Kabupaten Blitar,2024,Q3,2024-Q3,rawat_jalan,Demam Tifoid,A01,menular,365,Historis (Observasi)
3505,Kabupaten Blitar,2024,Q3,2024-Q3,rawat_inap,Penyakit Jantung Iskemik,I25,tidak_menular,439,Historis (Observasi)
3505,Kabupaten Blitar,2024,Q3,2024-Q3,rawat_jalan,Gastritis dan Duodenitis,K29,tidak_menular,605,Historis (Observasi)
3505,Kabupaten Blitar,2024,Q4,2024-Q4,rawat_jalan,Infeksi Saluran Pernapasan Akut (ISPA),J06,menular,2088,Historis (Observasi)
3505,Kabupaten Blitar,2024,Q4,2024-Q4,rawat_inap,Demam Berdarah Dengue (DBD),A90,menular,550,Historis (Observasi)
3505,Kabupaten Blitar,2024,Q4,2024-Q4,rawat_inap,Tuberkulosis Paru (TB),A15,menular,300,Historis (Observasi)
3505,Kabupaten Blitar,2024,Q4,2024-Q4,rawat_jalan,Diare dan Gastroenteritis,A09,menular,1096,Historis (Observasi)
3505,Kabupaten Blitar,2024,Q4,2024-Q4,rawat_jalan,Hipertensi Esensial,I10,tidak_menular,1327,Historis (Observasi)
3505,Kabupaten Blitar,2024,Q4,2024-Q4,rawat_jalan,Diabetes Melitus Tipe 2,E11,tidak_menular,1400,Historis (Observasi)
3505,Kabupaten Blitar,2024,Q4,2024-Q4,rawat_inap,Pneumonia,J18,menular,356,Historis (Observasi)
3505,Kabupaten Blitar,2024,Q4,2024-Q4,rawat_jalan,Demam Tifoid,A01,menular,350,Historis (Observasi)
3505,Kabupaten Blitar,2024,Q4,2024-Q4,rawat_inap,Penyakit Jantung Iskemik,I25,tidak_menular,497,Historis (Observasi)
3505,Kabupaten Blitar,2024,Q4,2024-Q4,rawat_jalan,Gastritis dan Duodenitis,K29,tidak_menular,853,Historis (Observasi)
3506,Kabupaten Kediri,2024,Q1,2024-Q1,rawat_jalan,Infeksi Saluran Pernapasan Akut (ISPA),J06,menular,3017,Historis (Observasi)
3506,Kabupaten Kediri,2024,Q1,2024-Q1,rawat_inap,Demam Berdarah Dengue (DBD),A90,menular,771,Historis (Observasi)
3506,Kabupaten Kediri,2024,Q1,2024-Q1,rawat_inap,Tuberkulosis Paru (TB),A15,menular,689,Historis (Observasi)
3506,Kabupaten Kediri,2024,Q1,2024-Q1,rawat_jalan,Diare dan Gastroenteritis,A09,menular,1282,Historis (Observasi)
3506,Kabupaten Kediri,2024,Q1,2024-Q1,rawat_jalan,Hipertensi Esensial,I10,tidak_menular,1772,Historis (Observasi)
3506,Kabupaten Kediri,2024,Q1,2024-Q1,rawat_jalan,Diabetes Melitus Tipe 2,E11,tidak_menular,1645,Historis (Observasi)
3506,Kabupaten Kediri,2024,Q1,2024-Q1,rawat_inap,Pneumonia,J18,menular,547,Historis (Observasi)
3506,Kabupaten Kediri,2024,Q1,2024-Q1,rawat_jalan,Demam Tifoid,A01,menular,587,Historis (Observasi)
3506,Kabupaten Kediri,2024,Q1,2024-Q1,rawat_inap,Penyakit Jantung Iskemik,I25,tidak_menular,599,Historis (Observasi)
3506,Kabupaten Kediri,2024,Q1,2024-Q1,rawat_jalan,Gastritis dan Duodenitis,K29,tidak_menular,1121,Historis (Observasi)
3506,Kabupaten Kediri,2024,Q2,2024-Q2,rawat_jalan,Infeksi Saluran Pernapasan Akut (ISPA),J06,menular,1969,Historis (Observasi)
3506,Kabupaten Kediri,2024,Q2,2024-Q2,rawat_inap,Demam Berdarah Dengue (DBD),A90,menular,394,Historis (Observasi)
3506,Kabupaten Kediri,2024,Q2,2024-Q2,rawat_inap,Tuberkulosis Paru (TB),A15,menular,522,Historis (Observasi)
3506,Kabupaten Kediri,2024,Q2,2024-Q2,rawat_jalan,Diare dan Gastroenteritis,A09,menular,849,Historis (Observasi)
3506,Kabupaten Kediri,2024,Q2,2024-Q2,rawat_jalan,Hipertensi Esensial,I10,tidak_menular,1958,Historis (Observasi)
3506,Kabupaten Kediri,2024,Q2,2024-Q2,rawat_jalan,Diabetes Melitus Tipe 2,E11,tidak_menular,1694,Historis (Observasi)
3506,Kabupaten Kediri,2024,Q2,2024-Q2,rawat_inap,Pneumonia,J18,menular,341,Historis (Observasi)
3506,Kabupaten Kediri,2024,Q2,2024-Q2,rawat_jalan,Demam Tifoid,A01,menular,541,Historis (Observasi)
3506,Kabupaten Kediri,2024,Q2,2024-Q2,rawat_inap,Penyakit Jantung Iskemik,I25,tidak_menular,722,Historis (Observasi)
3506,Kabupaten Kediri,2024,Q2,2024-Q2,rawat_jalan,Gastritis dan Duodenitis,K29,tidak_menular,1108,Historis (Observasi)
3506,Kabupaten Kediri,2024,Q3,2024-Q3,rawat_jalan,Infeksi Saluran Pernapasan Akut (ISPA),J06,menular,2380,Historis (Observasi)
3506,Kabupaten Kediri,2024,Q3,2024-Q3,rawat_inap,Demam Berdarah Dengue (DBD),A90,menular,389,Historis (Observasi)
3506,Kabupaten Kediri,2024,Q3,2024-Q3,rawat_inap,Tuberkulosis Paru (TB),A15,menular,594,Historis (Observasi)
3506,Kabupaten Kediri,2024,Q3,2024-Q3,rawat_jalan,Diare dan Gastroenteritis,A09,menular,1080,Historis (Observasi)
3506,Kabupaten Kediri,2024,Q3,2024-Q3,rawat_jalan,Hipertensi Esensial,I10,tidak_menular,2444,Historis (Observasi)
3506,Kabupaten Kediri,2024,Q3,2024-Q3,rawat_jalan,Diabetes Melitus Tipe 2,E11,tidak_menular,1914,Historis (Observasi)
3506,Kabupaten Kediri,2024,Q3,2024-Q3,rawat_inap,Pneumonia,J18,menular,511,Historis (Observasi)
3506,Kabupaten Kediri,2024,Q3,2024-Q3,rawat_jalan,Demam Tifoid,A01,menular,437,Historis (Observasi)
3506,Kabupaten Kediri,2024,Q3,2024-Q3,rawat_inap,Penyakit Jantung Iskemik,I25,tidak_menular,704,Historis (Observasi)
3506,Kabupaten Kediri,2024,Q3,2024-Q3,rawat_jalan,Gastritis dan Duodenitis,K29,tidak_menular,1176,Historis (Observasi)
3506,Kabupaten Kediri,2024,Q4,2024-Q4,rawat_jalan,Infeksi Saluran Pernapasan Akut (ISPA),J06,menular,1659,Historis (Observasi)
3506,Kabupaten Kediri,2024,Q4,2024-Q4,rawat_inap,Demam Berdarah Dengue (DBD),A90,menular,278,Historis (Observasi)
3506,Kabupaten Kediri,2024,Q4,2024-Q4,rawat_inap,Tuberkulosis Paru (TB),A15,menular,306,Historis (Observasi)
3506,Kabupaten Kediri,2024,Q4,2024-Q4,rawat_jalan,Diare dan Gastroenteritis,A09,menular,1329,Historis (Observasi)
3506,Kabupaten Kediri,2024,Q4,2024-Q4,rawat_jalan,Hipertensi Esensial,I10,tidak_menular,2026,Historis (Observasi)
3506,Kabupaten Kediri,2024,Q4,2024-Q4,rawat_jalan,Diabetes Melitus Tipe 2,E11,tidak_menular,744,Historis (Observasi)
3506,Kabupaten Kediri,2024,Q4,2024-Q4,rawat_inap,Pneumonia,J18,menular,555,Historis (Observasi)
3506,Kabupaten Kediri,2024,Q4,2024-Q4,rawat_jalan,Demam Tifoid,A01,menular,361,Historis (Observasi)
3506,Kabupaten Kediri,2024,Q4,2024-Q4,rawat_inap,Penyakit Jantung Iskemik,I25,tidak_menular,659,Historis (Observasi)
3506,Kabupaten Kediri,2024,Q4,2024-Q4,rawat_jalan,Gastritis dan Duodenitis,K29,tidak_menular,1023,Historis (Observasi)
3507,Kabupaten Malang,2024,Q1,2024-Q1,rawat_jalan,Infeksi Saluran Pernapasan Akut (ISPA),J06,menular,4702,Historis (Observasi)
3507,Kabupaten Malang,2024,Q1,2024-Q1,rawat_inap,Demam Berdarah Dengue (DBD),A90,menular,1375,Historis (Observasi)
3507,Kabupaten Malang,2024,Q1,2024-Q1,rawat_inap,Tuberkulosis Paru (TB),A15,menular,918,Historis (Observasi)
3507,Kabupaten Malang,2024,Q1,2024-Q1,rawat_jalan,Diare dan Gastroenteritis,A09,menular,1776,Historis (Observasi)
3507,Kabupaten Malang,2024,Q1,2024-Q1,rawat_jalan,Hipertensi Esensial,I10,tidak_menular,3396,Historis (Observasi)
3507,Kabupaten Malang,2024,Q1,2024-Q1,rawat_jalan,Diabetes Melitus Tipe 2,E11,tidak_menular,1611,Historis (Observasi)
3507,Kabupaten Malang,2024,Q1,2024-Q1,rawat_inap,Pneumonia,J18,menular,482,Historis (Observasi)
3507,Kabupaten Malang,2024,Q1,2024-Q1,rawat_jalan,Demam Tifoid,A01,menular,552,Historis (Observasi)
3507,Kabupaten Malang,2024,Q1,2024-Q1,rawat_inap,Penyakit Jantung Iskemik,I25,tidak_menular,693,Historis (Observasi)
3507,Kabupaten Malang,2024,Q1,2024-Q1,rawat_jalan,Gastritis dan Duodenitis,K29,tidak_menular,2261,Historis (Observasi)
3507,Kabupaten Malang,2024,Q2,2024-Q2,rawat_jalan,Infeksi Saluran Pernapasan Akut (ISPA),J06,menular,4447,Historis (Observasi)
3507,Kabupaten Malang,2024,Q2,2024-Q2,rawat_inap,Demam Berdarah Dengue (DBD),A90,menular,475,Historis (Observasi)
3507,Kabupaten Malang,2024,Q2,2024-Q2,rawat_inap,Tuberkulosis Paru (TB),A15,menular,587,Historis (Observasi)
3507,Kabupaten Malang,2024,Q2,2024-Q2,rawat_jalan,Diare dan Gastroenteritis,A09,menular,1886,Historis (Observasi)
3507,Kabupaten Malang,2024,Q2,2024-Q2,rawat_jalan,Hipertensi Esensial,I10,tidak_menular,3408,Historis (Observasi)
3507,Kabupaten Malang,2024,Q2,2024-Q2,rawat_jalan,Diabetes Melitus Tipe 2,E11,tidak_menular,2225,Historis (Observasi)
3507,Kabupaten Malang,2024,Q2,2024-Q2,rawat_inap,Pneumonia,J18,menular,835,Historis (Observasi)
3507,Kabupaten Malang,2024,Q2,2024-Q2,rawat_jalan,Demam Tifoid,A01,menular,691,Historis (Observasi)
3507,Kabupaten Malang,2024,Q2,2024-Q2,rawat_inap,Penyakit Jantung Iskemik,I25,tidak_menular,914,Historis (Observasi)
3507,Kabupaten Malang,2024,Q2,2024-Q2,rawat_jalan,Gastritis dan Duodenitis,K29,tidak_menular,1888,Historis (Observasi)
3507,Kabupaten Malang,2024,Q3,2024-Q3,rawat_jalan,Infeksi Saluran Pernapasan Akut (ISPA),J06,menular,2191,Historis (Observasi)
3507,Kabupaten Malang,2024,Q3,2024-Q3,rawat_inap,Demam Berdarah Dengue (DBD),A90,menular,583,Historis (Observasi)
3507,Kabupaten Malang,2024,Q3,2024-Q3,rawat_inap,Tuberkulosis Paru (TB),A15,menular,377,Historis (Observasi)
3507,Kabupaten Malang,2024,Q3,2024-Q3,rawat_jalan,Diare dan Gastroenteritis,A09,menular,2223,Historis (Observasi)
3507,Kabupaten Malang,2024,Q3,2024-Q3,rawat_jalan,Hipertensi Esensial,I10,tidak_menular,4396,Historis (Observasi)
3507,Kabupaten Malang,2024,Q3,2024-Q3,rawat_jalan,Diabetes Melitus Tipe 2,E11,tidak_menular,2971,Historis (Observasi)
3507,Kabupaten Malang,2024,Q3,2024-Q3,rawat_inap,Pneumonia,J18,menular,836,Historis (Observasi)
3507,Kabupaten Malang,2024,Q3,2024-Q3,rawat_jalan,Demam Tifoid,A01,menular,974,Historis (Observasi)
3507,Kabupaten Malang,2024,Q3,2024-Q3,rawat_inap,Penyakit Jantung Iskemik,I25,tidak_menular,897,Historis (Observasi)
3507,Kabupaten Malang,2024,Q3,2024-Q3,rawat_jalan,Gastritis dan Duodenitis,K29,tidak_menular,1911,Historis (Observasi)
3507,Kabupaten Malang,2024,Q4,2024-Q4,rawat_jalan,Infeksi Saluran Pernapasan Akut (ISPA),J06,menular,3096,Historis (Observasi)
3507,Kabupaten Malang,2024,Q4,2024-Q4,rawat_inap,Demam Berdarah Dengue (DBD),A90,menular,983,Historis (Observasi)
3507,Kabupaten Malang,2024,Q4,2024-Q4,rawat_inap,Tuberkulosis Paru (TB),A15,menular,393,Historis (Observasi)
3507,Kabupaten Malang,2024,Q4,2024-Q4,rawat_jalan,Diare dan Gastroenteritis,A09,menular,1690,Historis (Observasi)
3507,Kabupaten Malang,2024,Q4,2024-Q4,rawat_jalan,Hipertensi Esensial,I10,tidak_menular,2946,Historis (Observasi)
3507,Kabupaten Malang,2024,Q4,2024-Q4,rawat_jalan,Diabetes Melitus Tipe 2,E11,tidak_menular,3121,Historis (Observasi)
3507,Kabupaten Malang,2024,Q4,2024-Q4,rawat_inap,Pneumonia,J18,menular,449,Historis (Observasi)
3507,Kabupaten Malang,2024,Q4,2024-Q4,rawat_jalan,Demam Tifoid,A01,menular,926,Historis (Observasi)
3507,Kabupaten Malang,2024,Q4,2024-Q4,rawat_inap,Penyakit Jantung Iskemik,I25,tidak_menular,448,Historis (Observasi)
3507,Kabupaten Malang,2024,Q4,2024-Q4,rawat_jalan,Gastritis dan Duodenitis,K29,tidak_menular,1025,Historis (Observasi)
3508,Kabupaten Lumajang,2024,Q1,2024-Q1,rawat_jalan,Infeksi Saluran Pernapasan Akut (ISPA),J06,menular,1597,Historis (Observasi)
3508,Kabupaten Lumajang,2024,Q1,2024-Q1,rawat_inap,Demam Berdarah Dengue (DBD),A90,menular,467,Historis (Observasi)
3508,Kabupaten Lumajang,2024,Q1,2024-Q1,rawat_inap,Tuberkulosis Paru (TB),A15,menular,318,Historis (Observasi)
3508,Kabupaten Lumajang,2024,Q1,2024-Q1,rawat_jalan,Diare dan Gastroenteritis,A09,menular,1228,Historis (Observasi)
3508,Kabupaten Lumajang,2024,Q1,2024-Q1,rawat_jalan,Hipertensi Esensial,I10,tidak_menular,1376,Historis (Observasi)
3508,Kabupaten Lumajang,2024,Q1,2024-Q1,rawat_jalan,Diabetes Melitus Tipe 2,E11,tidak_menular,1034,Historis (Observasi)
3508,Kabupaten Lumajang,2024,Q1,2024-Q1,rawat_inap,Pneumonia,J18,menular,361,Historis (Observasi)
3508,Kabupaten Lumajang,2024,Q1,2024-Q1,rawat_jalan,Demam Tifoid,A01,menular,268,Historis (Observasi)
3508,Kabupaten Lumajang,2024,Q1,2024-Q1,rawat_inap,Penyakit Jantung Iskemik,I25,tidak_menular,428,Historis (Observasi)
3508,Kabupaten Lumajang,2024,Q1,2024-Q1,rawat_jalan,Gastritis dan Duodenitis,K29,tidak_menular,475,Historis (Observasi)
3508,Kabupaten Lumajang,2024,Q2,2024-Q2,rawat_jalan,Infeksi Saluran Pernapasan Akut (ISPA),J06,menular,2089,Historis (Observasi)
3508,Kabupaten Lumajang,2024,Q2,2024-Q2,rawat_inap,Demam Berdarah Dengue (DBD),A90,menular,553,Historis (Observasi)
3508,Kabupaten Lumajang,2024,Q2,2024-Q2,rawat_inap,Tuberkulosis Paru (TB),A15,menular,420,Historis (Observasi)
3508,Kabupaten Lumajang,2024,Q2,2024-Q2,rawat_jalan,Diare dan Gastroenteritis,A09,menular,1126,Historis (Observasi)
3508,Kabupaten Lumajang,2024,Q2,2024-Q2,rawat_jalan,Hipertensi Esensial,I10,tidak_menular,842,Historis (Observasi)
3508,Kabupaten Lumajang,2024,Q2,2024-Q2,rawat_jalan,Diabetes Melitus Tipe 2,E11,tidak_menular,577,Historis (Observasi)
3508,Kabupaten Lumajang,2024,Q2,2024-Q2,rawat_inap,Pneumonia,J18,menular,243,Historis (Observasi)
3508,Kabupaten Lumajang,2024,Q2,2024-Q2,rawat_jalan,Demam Tifoid,A01,menular,247,Historis (Observasi)
3508,Kabupaten Lumajang,2024,Q2,2024-Q2,rawat_inap,Penyakit Jantung Iskemik,I25,tidak_menular,476,Historis (Observasi)
3508,Kabupaten Lumajang,2024,Q2,2024-Q2,rawat_jalan,Gastritis dan Duodenitis,K29,tidak_menular,503,Historis (Observasi)
3508,Kabupaten Lumajang,2024,Q3,2024-Q3,rawat_jalan,Infeksi Saluran Pernapasan Akut (ISPA),J06,menular,1213,Historis (Observasi)
3508,Kabupaten Lumajang,2024,Q3,2024-Q3,rawat_inap,Demam Berdarah Dengue (DBD),A90,menular,535,Historis (Observasi)
3508,Kabupaten Lumajang,2024,Q3,2024-Q3,rawat_inap,Tuberkulosis Paru (TB),A15,menular,155,Historis (Observasi)
3508,Kabupaten Lumajang,2024,Q3,2024-Q3,rawat_jalan,Diare dan Gastroenteritis,A09,menular,1128,Historis (Observasi)
3508,Kabupaten Lumajang,2024,Q3,2024-Q3,rawat_jalan,Hipertensi Esensial,I10,tidak_menular,1223,Historis (Observasi)
3508,Kabupaten Lumajang,2024,Q3,2024-Q3,rawat_jalan,Diabetes Melitus Tipe 2,E11,tidak_menular,958,Historis (Observasi)
3508,Kabupaten Lumajang,2024,Q3,2024-Q3,rawat_inap,Pneumonia,J18,menular,351,Historis (Observasi)
3508,Kabupaten Lumajang,2024,Q3,2024-Q3,rawat_jalan,Demam Tifoid,A01,menular,249,Historis (Observasi)
3508,Kabupaten Lumajang,2024,Q3,2024-Q3,rawat_inap,Penyakit Jantung Iskemik,I25,tidak_menular,254,Historis (Observasi)
3508,Kabupaten Lumajang,2024,Q3,2024-Q3,rawat_jalan,Gastritis dan Duodenitis,K29,tidak_menular,629,Historis (Observasi)
3508,Kabupaten Lumajang,2024,Q4,2024-Q4,rawat_jalan,Infeksi Saluran Pernapasan Akut (ISPA),J06,menular,1855,Historis (Observasi)
3508,Kabupaten Lumajang,2024,Q4,2024-Q4,rawat_inap,Demam Berdarah Dengue (DBD),A90,menular,316,Historis (Observasi)
3508,Kabupaten Lumajang,2024,Q4,2024-Q4,rawat_inap,Tuberkulosis Paru (TB),A15,menular,278,Historis (Observasi)
3508,Kabupaten Lumajang,2024,Q4,2024-Q4,rawat_jalan,Diare dan Gastroenteritis,A09,menular,613,Historis (Observasi)
3508,Kabupaten Lumajang,2024,Q4,2024-Q4,rawat_jalan,Hipertensi Esensial,I10,tidak_menular,1516,Historis (Observasi)
3508,Kabupaten Lumajang,2024,Q4,2024-Q4,rawat_jalan,Diabetes Melitus Tipe 2,E11,tidak_menular,859,Historis (Observasi)
3508,Kabupaten Lumajang,2024,Q4,2024-Q4,rawat_inap,Pneumonia,J18,menular,302,Historis (Observasi)
3508,Kabupaten Lumajang,2024,Q4,2024-Q4,rawat_jalan,Demam Tifoid,A01,menular,227,Historis (Observasi)
3508,Kabupaten Lumajang,2024,Q4,2024-Q4,rawat_inap,Penyakit Jantung Iskemik,I25,tidak_menular,357,Historis (Observasi)
3508,Kabupaten Lumajang,2024,Q4,2024-Q4,rawat_jalan,Gastritis dan Duodenitis,K29,tidak_menular,978,Historis (Observasi)
3509,Kabupaten Jember,2024,Q1,2024-Q1,rawat_jalan,Infeksi Saluran Pernapasan Akut (ISPA),J06,menular,2777,Historis (Observasi)
3509,Kabupaten Jember,2024,Q1,2024-Q1,rawat_inap,Demam Berdarah Dengue (DBD),A90,menular,654,Historis (Observasi)
3509,Kabupaten Jember,2024,Q1,2024-Q1,rawat_inap,Tuberkulosis Paru (TB),A15,menular,945,Historis (Observasi)
3509,Kabupaten Jember,2024,Q1,2024-Q1,rawat_jalan,Diare dan Gastroenteritis,A09,menular,1283,Historis (Observasi)
3509,Kabupaten Jember,2024,Q1,2024-Q1,rawat_jalan,Hipertensi Esensial,I10,tidak_menular,3219,Historis (Observasi)
3509,Kabupaten Jember,2024,Q1,2024-Q1,rawat_jalan,Diabetes Melitus Tipe 2,E11,tidak_menular,1933,Historis (Observasi)
3509,Kabupaten Jember,2024,Q1,2024-Q1,rawat_inap,Pneumonia,J18,menular,405,Historis (Observasi)
3509,Kabupaten Jember,2024,Q1,2024-Q1,rawat_jalan,Demam Tifoid,A01,menular,763,Historis (Observasi)
3509,Kabupaten Jember,2024,Q1,2024-Q1,rawat_inap,Penyakit Jantung Iskemik,I25,tidak_menular,994,Historis (Observasi)
3509,Kabupaten Jember,2024,Q1,2024-Q1,rawat_jalan,Gastritis dan Duodenitis,K29,tidak_menular,1781,Historis (Observasi)
3509,Kabupaten Jember,2024,Q2,2024-Q2,rawat_jalan,Infeksi Saluran Pernapasan Akut (ISPA),J06,menular,2806,Historis (Observasi)
3509,Kabupaten Jember,2024,Q2,2024-Q2,rawat_inap,Demam Berdarah Dengue (DBD),A90,menular,1061,Historis (Observasi)
3509,Kabupaten Jember,2024,Q2,2024-Q2,rawat_inap,Tuberkulosis Paru (TB),A15,menular,1144,Historis (Observasi)
3509,Kabupaten Jember,2024,Q2,2024-Q2,rawat_jalan,Diare dan Gastroenteritis,A09,menular,1302,Historis (Observasi)
3509,Kabupaten Jember,2024,Q2,2024-Q2,rawat_jalan,Hipertensi Esensial,I10,tidak_menular,3834,Historis (Observasi)
3509,Kabupaten Jember,2024,Q2,2024-Q2,rawat_jalan,Diabetes Melitus Tipe 2,E11,tidak_menular,1405,Historis (Observasi)
3509,Kabupaten Jember,2024,Q2,2024-Q2,rawat_inap,Pneumonia,J18,menular,458,Historis (Observasi)
3509,Kabupaten Jember,2024,Q2,2024-Q2,rawat_jalan,Demam Tifoid,A01,menular,603,Historis (Observasi)
3509,Kabupaten Jember,2024,Q2,2024-Q2,rawat_inap,Penyakit Jantung Iskemik,I25,tidak_menular,827,Historis (Observasi)
3509,Kabupaten Jember,2024,Q2,2024-Q2,rawat_jalan,Gastritis dan Duodenitis,K29,tidak_menular,1813,Historis (Observasi)
3509,Kabupaten Jember,2024,Q3,2024-Q3,rawat_jalan,Infeksi Saluran Pernapasan Akut (ISPA),J06,menular,4223,Historis (Observasi)
3509,Kabupaten Jember,2024,Q3,2024-Q3,rawat_inap,Demam Berdarah Dengue (DBD),A90,menular,1063,Historis (Observasi)
3509,Kabupaten Jember,2024,Q3,2024-Q3,rawat_inap,Tuberkulosis Paru (TB),A15,menular,792,Historis (Observasi)
3509,Kabupaten Jember,2024,Q3,2024-Q3,rawat_jalan,Diare dan Gastroenteritis,A09,menular,1360,Historis (Observasi)
3509,Kabupaten Jember,2024,Q3,2024-Q3,rawat_jalan,Hipertensi Esensial,I10,tidak_menular,2530,Historis (Observasi)
3509,Kabupaten Jember,2024,Q3,2024-Q3,rawat_jalan,Diabetes Melitus Tipe 2,E11,tidak_menular,1405,Historis (Observasi)
3509,Kabupaten Jember,2024,Q3,2024-Q3,rawat_inap,Pneumonia,J18,menular,883,Historis (Observasi)
3509,Kabupaten Jember,2024,Q3,2024-Q3,rawat_jalan,Demam Tifoid,A01,menular,581,Historis (Observasi)
3509,Kabupaten Jember,2024,Q3,2024-Q3,rawat_inap,Penyakit Jantung Iskemik,I25,tidak_menular,1032,Historis (Observasi)
3509,Kabupaten Jember,2024,Q3,2024-Q3,rawat_jalan,Gastritis dan Duodenitis,K29,tidak_menular,1432,Historis (Observasi)
3509,Kabupaten Jember,2024,Q4,2024-Q4,rawat_jalan,Infeksi Saluran Pernapasan Akut (ISPA),J06,menular,4668,Historis (Observasi)
3509,Kabupaten Jember,2024,Q4,2024-Q4,rawat_inap,Demam Berdarah Dengue (DBD),A90,menular,886,Historis (Observasi)
3509,Kabupaten Jember,2024,Q4,2024-Q4,rawat_inap,Tuberkulosis Paru (TB),A15,menular,1097,Historis (Observasi)
3509,Kabupaten Jember,2024,Q4,2024-Q4,rawat_jalan,Diare dan Gastroenteritis,A09,menular,2340,Historis (Observasi)
3509,Kabupaten Jember,2024,Q4,2024-Q4,rawat_jalan,Hipertensi Esensial,I10,tidak_menular,3962,Historis (Observasi)
3509,Kabupaten Jember,2024,Q4,2024-Q4,rawat_jalan,Diabetes Melitus Tipe 2,E11,tidak_menular,1242,Historis (Observasi)
3509,Kabupaten Jember,2024,Q4,2024-Q4,rawat_inap,Pneumonia,J18,menular,703,Historis (Observasi)
3509,Kabupaten Jember,2024,Q4,2024-Q4,rawat_jalan,Demam Tifoid,A01,menular,532,Historis (Observasi)
3509,Kabupaten Jember,2024,Q4,2024-Q4,rawat_inap,Penyakit Jantung Iskemik,I25,tidak_menular,848,Historis (Observasi)
3509,Kabupaten Jember,2024,Q4,2024-Q4,rawat_jalan,Gastritis dan Duodenitis,K29,tidak_menular,1440,Historis (Observasi)
3510,Kabupaten Banyuwangi,2024,Q1,2024-Q1,rawat_jalan,Infeksi Saluran Pernapasan Akut (ISPA),J06,menular,1679,Historis (Observasi)
3510,Kabupaten Banyuwangi,2024,Q1,2024-Q1,rawat_inap,Demam Berdarah Dengue (DBD),A90,menular,625,Historis (Observasi)
3510,Kabupaten Banyuwangi,2024,Q1,2024-Q1,rawat_inap,Tuberkulosis Paru (TB),A15,menular,358,Historis (Observasi)
3510,Kabupaten Banyuwangi,2024,Q1,2024-Q1,rawat_jalan,Diare dan Gastroenteritis,A09,menular,1257,Historis (Observasi)
3510,Kabupaten Banyuwangi,2024,Q1,2024-Q1,rawat_jalan,Hipertensi Esensial,I10,tidak_menular,2372,Historis (Observasi)
3510,Kabupaten Banyuwangi,2024,Q1,2024-Q1,rawat_jalan,Diabetes Melitus Tipe 2,E11,tidak_menular,923,Historis (Observasi)
3510,Kabupaten Banyuwangi,2024,Q1,2024-Q1,rawat_inap,Pneumonia,J18,menular,392,Historis (Observasi)
3510,Kabupaten Banyuwangi,2024,Q1,2024-Q1,rawat_jalan,Demam Tifoid,A01,menular,562,Historis (Observasi)
3510,Kabupaten Banyuwangi,2024,Q1,2024-Q1,rawat_inap,Penyakit Jantung Iskemik,I25,tidak_menular,728,Historis (Observasi)
3510,Kabupaten Banyuwangi,2024,Q1,2024-Q1,rawat_jalan,Gastritis dan Duodenitis,K29,tidak_menular,1490,Historis (Observasi)
3510,Kabupaten Banyuwangi,2024,Q2,2024-Q2,rawat_jalan,Infeksi Saluran Pernapasan Akut (ISPA),J06,menular,1937,Historis (Observasi)
3510,Kabupaten Banyuwangi,2024,Q2,2024-Q2,rawat_inap,Demam Berdarah Dengue (DBD),A90,menular,538,Historis (Observasi)
3510,Kabupaten Banyuwangi,2024,Q2,2024-Q2,rawat_inap,Tuberkulosis Paru (TB),A15,menular,447,Historis (Observasi)
3510,Kabupaten Banyuwangi,2024,Q2,2024-Q2,rawat_jalan,Diare dan Gastroenteritis,A09,menular,1071,Historis (Observasi)
3510,Kabupaten Banyuwangi,2024,Q2,2024-Q2,rawat_jalan,Hipertensi Esensial,I10,tidak_menular,2995,Historis (Observasi)
3510,Kabupaten Banyuwangi,2024,Q2,2024-Q2,rawat_jalan,Diabetes Melitus Tipe 2,E11,tidak_menular,1885,Historis (Observasi)
3510,Kabupaten Banyuwangi,2024,Q2,2024-Q2,rawat_inap,Pneumonia,J18,menular,276,Historis (Observasi)
3510,Kabupaten Banyuwangi,2024,Q2,2024-Q2,rawat_jalan,Demam Tifoid,A01,menular,773,Historis (Observasi)
3510,Kabupaten Banyuwangi,2024,Q2,2024-Q2,rawat_inap,Penyakit Jantung Iskemik,I25,tidak_menular,691,Historis (Observasi)
3510,Kabupaten Banyuwangi,2024,Q2,2024-Q2,rawat_jalan,Gastritis dan Duodenitis,K29,tidak_menular,1421,Historis (Observasi)
3510,Kabupaten Banyuwangi,2024,Q3,2024-Q3,rawat_jalan,Infeksi Saluran Pernapasan Akut (ISPA),J06,menular,2236,Historis (Observasi)
3510,Kabupaten Banyuwangi,2024,Q3,2024-Q3,rawat_inap,Demam Berdarah Dengue (DBD),A90,menular,270,Historis (Observasi)
3510,Kabupaten Banyuwangi,2024,Q3,2024-Q3,rawat_inap,Tuberkulosis Paru (TB),A15,menular,591,Historis (Observasi)
3510,Kabupaten Banyuwangi,2024,Q3,2024-Q3,rawat_jalan,Diare dan Gastroenteritis,A09,menular,911,Historis (Observasi)
3510,Kabupaten Banyuwangi,2024,Q3,2024-Q3,rawat_jalan,Hipertensi Esensial,I10,tidak_menular,2565,Historis (Observasi)
3510,Kabupaten Banyuwangi,2024,Q3,2024-Q3,rawat_jalan,Diabetes Melitus Tipe 2,E11,tidak_menular,922,Historis (Observasi)
3510,Kabupaten Banyuwangi,2024,Q3,2024-Q3,rawat_inap,Pneumonia,J18,menular,431,Historis (Observasi)
3510,Kabupaten Banyuwangi,2024,Q3,2024-Q3,rawat_jalan,Demam Tifoid,A01,menular,392,Historis (Observasi)
3510,Kabupaten Banyuwangi,2024,Q3,2024-Q3,rawat_inap,Penyakit Jantung Iskemik,I25,tidak_menular,562,Historis (Observasi)
3510,Kabupaten Banyuwangi,2024,Q3,2024-Q3,rawat_jalan,Gastritis dan Duodenitis,K29,tidak_menular,823,Historis (Observasi)
3510,Kabupaten Banyuwangi,2024,Q4,2024-Q4,rawat_jalan,Infeksi Saluran Pernapasan Akut (ISPA),J06,menular,1498,Historis (Observasi)
3510,Kabupaten Banyuwangi,2024,Q4,2024-Q4,rawat_inap,Demam Berdarah Dengue (DBD),A90,menular,915,Historis (Observasi)
3510,Kabupaten Banyuwangi,2024,Q4,2024-Q4,rawat_inap,Tuberkulosis Paru (TB),A15,menular,625,Historis (Observasi)
3510,Kabupaten Banyuwangi,2024,Q4,2024-Q4,rawat_jalan,Diare dan Gastroenteritis,A09,menular,1467,Historis (Observasi)
3510,Kabupaten Banyuwangi,2024,Q4,2024-Q4,rawat_jalan,Hipertensi Esensial,I10,tidak_menular,1863,Historis (Observasi)
3510,Kabupaten Banyuwangi,2024,Q4,2024-Q4,rawat_jalan,Diabetes Melitus Tipe 2,E11,tidak_menular,1293,Historis (Observasi)
3510,Kabupaten Banyuwangi,2024,Q4,2024-Q4,rawat_inap,Pneumonia,J18,menular,430,Historis (Observasi)
3510,Kabupaten Banyuwangi,2024,Q4,2024-Q4,rawat_jalan,Demam Tifoid,A01,menular,460,Historis (Observasi)
3510,Kabupaten Banyuwangi,2024,Q4,2024-Q4,rawat_inap,Penyakit Jantung Iskemik,I25,tidak_menular,610,Historis (Observasi)
3510,Kabupaten Banyuwangi,2024,Q4,2024-Q4,rawat_jalan,Gastritis dan Duodenitis,K29,tidak_menular,703,Historis (Observasi)
3511,Kabupaten Bondowoso,2024,Q1,2024-Q1,rawat_jalan,Infeksi Saluran Pernapasan Akut (ISPA),J06,menular,774,Historis (Observasi)
3511,Kabupaten Bondowoso,2024,Q1,2024-Q1,rawat_inap,Demam Berdarah Dengue (DBD),A90,menular,223,Historis (Observasi)
3511,Kabupaten Bondowoso,2024,Q1,2024-Q1,rawat_inap,Tuberkulosis Paru (TB),A15,menular,216,Historis (Observasi)
3511,Kabupaten Bondowoso,2024,Q1,2024-Q1,rawat_jalan,Diare dan Gastroenteritis,A09,menular,636,Historis (Observasi)
3511,Kabupaten Bondowoso,2024,Q1,2024-Q1,rawat_jalan,Hipertensi Esensial,I10,tidak_menular,1154,Historis (Observasi)
3511,Kabupaten Bondowoso,2024,Q1,2024-Q1,rawat_jalan,Diabetes Melitus Tipe 2,E11,tidak_menular,686,Historis (Observasi)
3511,Kabupaten Bondowoso,2024,Q1,2024-Q1,rawat_inap,Pneumonia,J18,menular,170,Historis (Observasi)
3511,Kabupaten Bondowoso,2024,Q1,2024-Q1,rawat_jalan,Demam Tifoid,A01,menular,358,Historis (Observasi)
3511,Kabupaten Bondowoso,2024,Q1,2024-Q1,rawat_inap,Penyakit Jantung Iskemik,I25,tidak_menular,240,Historis (Observasi)
3511,Kabupaten Bondowoso,2024,Q1,2024-Q1,rawat_jalan,Gastritis dan Duodenitis,K29,tidak_menular,481,Historis (Observasi)
3511,Kabupaten Bondowoso,2024,Q2,2024-Q2,rawat_jalan,Infeksi Saluran Pernapasan Akut (ISPA),J06,menular,827,Historis (Observasi)
3511,Kabupaten Bondowoso,2024,Q2,2024-Q2,rawat_inap,Demam Berdarah Dengue (DBD),A90,menular,377,Historis (Observasi)
3511,Kabupaten Bondowoso,2024,Q2,2024-Q2,rawat_inap,Tuberkulosis Paru (TB),A15,menular,91,Historis (Observasi)
3511,Kabupaten Bondowoso,2024,Q2,2024-Q2,rawat_jalan,Diare dan Gastroenteritis,A09,menular,749,Historis (Observasi)
3511,Kabupaten Bondowoso,2024,Q2,2024-Q2,rawat_jalan,Hipertensi Esensial,I10,tidak_menular,1116,Historis (Observasi)
3511,Kabupaten Bondowoso,2024,Q2,2024-Q2,rawat_jalan,Diabetes Melitus Tipe 2,E11,tidak_menular,934,Historis (Observasi)
3511,Kabupaten Bondowoso,2024,Q2,2024-Q2,rawat_inap,Pneumonia,J18,menular,245,Historis (Observasi)
3511,Kabupaten Bondowoso,2024,Q2,2024-Q2,rawat_jalan,Demam Tifoid,A01,menular,275,Historis (Observasi)
3511,Kabupaten Bondowoso,2024,Q2,2024-Q2,rawat_inap,Penyakit Jantung Iskemik,I25,tidak_menular,277,Historis (Observasi)
3511,Kabupaten Bondowoso,2024,Q2,2024-Q2,rawat_jalan,Gastritis dan Duodenitis,K29,tidak_menular,439,Historis (Observasi)
3511,Kabupaten Bondowoso,2024,Q3,2024-Q3,rawat_jalan,Infeksi Saluran Pernapasan Akut (ISPA),J06,menular,903,Historis (Observasi)
3511,Kabupaten Bondowoso,2024,Q3,2024-Q3,rawat_inap,Demam Berdarah Dengue (DBD),A90,menular,442,Historis (Observasi)
3511,Kabupaten Bondowoso,2024,Q3,2024-Q3,rawat_inap,Tuberkulosis Paru (TB),A15,menular,186,Historis (Observasi)
3511,Kabupaten Bondowoso,2024,Q3,2024-Q3,rawat_jalan,Diare dan Gastroenteritis,A09,menular,703,Historis (Observasi)
3511,Kabupaten Bondowoso,2024,Q3,2024-Q3,rawat_jalan,Hipertensi Esensial,I10,tidak_menular,552,Historis (Observasi)
3511,Kabupaten Bondowoso,2024,Q3,2024-Q3,rawat_jalan,Diabetes Melitus Tipe 2,E11,tidak_menular,406,Historis (Observasi)
3511,Kabupaten Bondowoso,2024,Q3,2024-Q3,rawat_inap,Pneumonia,J18,menular,244,Historis (Observasi)
3511,Kabupaten Bondowoso,2024,Q3,2024-Q3,rawat_jalan,Demam Tifoid,A01,menular,305,Historis (Observasi)
3511,Kabupaten Bondowoso,2024,Q3,2024-Q3,rawat_inap,Penyakit Jantung Iskemik,I25,tidak_menular,291,Historis (Observasi)
3511,Kabupaten Bondowoso,2024,Q3,2024-Q3,rawat_jalan,Gastritis dan Duodenitis,K29,tidak_menular,533,Historis (Observasi)
3511,Kabupaten Bondowoso,2024,Q4,2024-Q4,rawat_jalan,Infeksi Saluran Pernapasan Akut (ISPA),J06,menular,770,Historis (Observasi)
3511,Kabupaten Bondowoso,2024,Q4,2024-Q4,rawat_inap,Demam Berdarah Dengue (DBD),A90,menular,289,Historis (Observasi)
3511,Kabupaten Bondowoso,2024,Q4,2024-Q4,rawat_inap,Tuberkulosis Paru (TB),A15,menular,218,Historis (Observasi)
3511,Kabupaten Bondowoso,2024,Q4,2024-Q4,rawat_jalan,Diare dan Gastroenteritis,A09,menular,623,Historis (Observasi)
3511,Kabupaten Bondowoso,2024,Q4,2024-Q4,rawat_jalan,Hipertensi Esensial,I10,tidak_menular,1389,Historis (Observasi)
3511,Kabupaten Bondowoso,2024,Q4,2024-Q4,rawat_jalan,Diabetes Melitus Tipe 2,E11,tidak_menular,611,Historis (Observasi)
3511,Kabupaten Bondowoso,2024,Q4,2024-Q4,rawat_inap,Pneumonia,J18,menular,219,Historis (Observasi)
3511,Kabupaten Bondowoso,2024,Q4,2024-Q4,rawat_jalan,Demam Tifoid,A01,menular,309,Historis (Observasi)
3511,Kabupaten Bondowoso,2024,Q4,2024-Q4,rawat_inap,Penyakit Jantung Iskemik,I25,tidak_menular,140,Historis (Observasi)
3511,Kabupaten Bondowoso,2024,Q4,2024-Q4,rawat_jalan,Gastritis dan Duodenitis,K29,tidak_menular,687,Historis (Observasi)
3512,Kabupaten Situbondo,2024,Q1,2024-Q1,rawat_jalan,Infeksi Saluran Pernapasan Akut (ISPA),J06,menular,891,Historis (Observasi)
3512,Kabupaten Situbondo,2024,Q1,2024-Q1,rawat_inap,Demam Berdarah Dengue (DBD),A90,menular,399,Historis (Observasi)
3512,Kabupaten Situbondo,2024,Q1,2024-Q1,rawat_inap,Tuberkulosis Paru (TB),A15,menular,278,Historis (Observasi)
3512,Kabupaten Situbondo,2024,Q1,2024-Q1,rawat_jalan,Diare dan Gastroenteritis,A09,menular,418,Historis (Observasi)
3512,Kabupaten Situbondo,2024,Q1,2024-Q1,rawat_jalan,Hipertensi Esensial,I10,tidak_menular,932,Historis (Observasi)
3512,Kabupaten Situbondo,2024,Q1,2024-Q1,rawat_jalan,Diabetes Melitus Tipe 2,E11,tidak_menular,645,Historis (Observasi)
3512,Kabupaten Situbondo,2024,Q1,2024-Q1,rawat_inap,Pneumonia,J18,menular,194,Historis (Observasi)
3512,Kabupaten Situbondo,2024,Q1,2024-Q1,rawat_jalan,Demam Tifoid,A01,menular,192,Historis (Observasi)
3512,Kabupaten Situbondo,2024,Q1,2024-Q1,rawat_inap,Penyakit Jantung Iskemik,I25,tidak_menular,142,Historis (Observasi)
3512,Kabupaten Situbondo,2024,Q1,2024-Q1,rawat_jalan,Gastritis dan Duodenitis,K29,tidak_menular,317,Historis (Observasi)
3512,Kabupaten Situbondo,2024,Q2,2024-Q2,rawat_jalan,Infeksi Saluran Pernapasan Akut (ISPA),J06,menular,849,Historis (Observasi)
3512,Kabupaten Situbondo,2024,Q2,2024-Q2,rawat_inap,Demam Berdarah Dengue (DBD),A90,menular,399,Historis (Observasi)
3512,Kabupaten Situbondo,2024,Q2,2024-Q2,rawat_inap,Tuberkulosis Paru (TB),A15,menular,169,Historis (Observasi)
3512,Kabupaten Situbondo,2024,Q2,2024-Q2,rawat_jalan,Diare dan Gastroenteritis,A09,menular,588,Historis (Observasi)
3512,Kabupaten Situbondo,2024,Q2,2024-Q2,rawat_jalan,Hipertensi Esensial,I10,tidak_menular,1231,Historis (Observasi)
3512,Kabupaten Situbondo,2024,Q2,2024-Q2,rawat_jalan,Diabetes Melitus Tipe 2,E11,tidak_menular,390,Historis (Observasi)
3512,Kabupaten Situbondo,2024,Q2,2024-Q2,rawat_inap,Pneumonia,J18,menular,144,Historis (Observasi)
3512,Kabupaten Situbondo,2024,Q2,2024-Q2,rawat_jalan,Demam Tifoid,A01,menular,332,Historis (Observasi)
3512,Kabupaten Situbondo,2024,Q2,2024-Q2,rawat_inap,Penyakit Jantung Iskemik,I25,tidak_menular,177,Historis (Observasi)
3512,Kabupaten Situbondo,2024,Q2,2024-Q2,rawat_jalan,Gastritis dan Duodenitis,K29,tidak_menular,531,Historis (Observasi)
3512,Kabupaten Situbondo,2024,Q3,2024-Q3,rawat_jalan,Infeksi Saluran Pernapasan Akut (ISPA),J06,menular,1190,Historis (Observasi)
3512,Kabupaten Situbondo,2024,Q3,2024-Q3,rawat_inap,Demam Berdarah Dengue (DBD),A90,menular,405,Historis (Observasi)
3512,Kabupaten Situbondo,2024,Q3,2024-Q3,rawat_inap,Tuberkulosis Paru (TB),A15,menular,92,Historis (Observasi)
3512,Kabupaten Situbondo,2024,Q3,2024-Q3,rawat_jalan,Diare dan Gastroenteritis,A09,menular,447,Historis (Observasi)
3512,Kabupaten Situbondo,2024,Q3,2024-Q3,rawat_jalan,Hipertensi Esensial,I10,tidak_menular,1143,Historis (Observasi)
3512,Kabupaten Situbondo,2024,Q3,2024-Q3,rawat_jalan,Diabetes Melitus Tipe 2,E11,tidak_menular,480,Historis (Observasi)
3512,Kabupaten Situbondo,2024,Q3,2024-Q3,rawat_inap,Pneumonia,J18,menular,111,Historis (Observasi)
3512,Kabupaten Situbondo,2024,Q3,2024-Q3,rawat_jalan,Demam Tifoid,A01,menular,296,Historis (Observasi)
3512,Kabupaten Situbondo,2024,Q3,2024-Q3,rawat_inap,Penyakit Jantung Iskemik,I25,tidak_menular,145,Historis (Observasi)
3512,Kabupaten Situbondo,2024,Q3,2024-Q3,rawat_jalan,Gastritis dan Duodenitis,K29,tidak_menular,491,Historis (Observasi)
3512,Kabupaten Situbondo,2024,Q4,2024-Q4,rawat_jalan,Infeksi Saluran Pernapasan Akut (ISPA),J06,menular,1213,Historis (Observasi)
3512,Kabupaten Situbondo,2024,Q4,2024-Q4,rawat_inap,Demam Berdarah Dengue (DBD),A90,menular,341,Historis (Observasi)
3512,Kabupaten Situbondo,2024,Q4,2024-Q4,rawat_inap,Tuberkulosis Paru (TB),A15,menular,240,Historis (Observasi)
3512,Kabupaten Situbondo,2024,Q4,2024-Q4,rawat_jalan,Diare dan Gastroenteritis,A09,menular,412,Historis (Observasi)
3512,Kabupaten Situbondo,2024,Q4,2024-Q4,rawat_jalan,Hipertensi Esensial,I10,tidak_menular,915,Historis (Observasi)
3512,Kabupaten Situbondo,2024,Q4,2024-Q4,rawat_jalan,Diabetes Melitus Tipe 2,E11,tidak_menular,616,Historis (Observasi)
3512,Kabupaten Situbondo,2024,Q4,2024-Q4,rawat_inap,Pneumonia,J18,menular,125,Historis (Observasi)
3512,Kabupaten Situbondo,2024,Q4,2024-Q4,rawat_jalan,Demam Tifoid,A01,menular,296,Historis (Observasi)
3512,Kabupaten Situbondo,2024,Q4,2024-Q4,rawat_inap,Penyakit Jantung Iskemik,I25,tidak_menular,287,Historis (Observasi)
3512,Kabupaten Situbondo,2024,Q4,2024-Q4,rawat_jalan,Gastritis dan Duodenitis,K29,tidak_menular,590,Historis (Observasi)
3513,Kabupaten Probolinggo,2024,Q1,2024-Q1,rawat_jalan,Infeksi Saluran Pernapasan Akut (ISPA),J06,menular,1640,Historis (Observasi)
3513,Kabupaten Probolinggo,2024,Q1,2024-Q1,rawat_inap,Demam Berdarah Dengue (DBD),A90,menular,540,Historis (Observasi)
3513,Kabupaten Probolinggo,2024,Q1,2024-Q1,rawat_inap,Tuberkulosis Paru (TB),A15,menular,506,Historis (Observasi)
3513,Kabupaten Probolinggo,2024,Q1,2024-Q1,rawat_jalan,Diare dan Gastroenteritis,A09,menular,913,Historis (Observasi)
3513,Kabupaten Probolinggo,2024,Q1,2024-Q1,rawat_jalan,Hipertensi Esensial,I10,tidak_menular,1344,Historis (Observasi)
3513,Kabupaten Probolinggo,2024,Q1,2024-Q1,rawat_jalan,Diabetes Melitus Tipe 2,E11,tidak_menular,789,Historis (Observasi)
3513,Kabupaten Probolinggo,2024,Q1,2024-Q1,rawat_inap,Pneumonia,J18,menular,156,Historis (Observasi)
3513,Kabupaten Probolinggo,2024,Q1,2024-Q1,rawat_jalan,Demam Tifoid,A01,menular,530,Historis (Observasi)
3513,Kabupaten Probolinggo,2024,Q1,2024-Q1,rawat_inap,Penyakit Jantung Iskemik,I25,tidak_menular,520,Historis (Observasi)
3513,Kabupaten Probolinggo,2024,Q1,2024-Q1,rawat_jalan,Gastritis dan Duodenitis,K29,tidak_menular,752,Historis (Observasi)
3513,Kabupaten Probolinggo,2024,Q2,2024-Q2,rawat_jalan,Infeksi Saluran Pernapasan Akut (ISPA),J06,menular,2037,Historis (Observasi)
3513,Kabupaten Probolinggo,2024,Q2,2024-Q2,rawat_inap,Demam Berdarah Dengue (DBD),A90,menular,642,Historis (Observasi)
3513,Kabupaten Probolinggo,2024,Q2,2024-Q2,rawat_inap,Tuberkulosis Paru (TB),A15,menular,135,Historis (Observasi)
3513,Kabupaten Probolinggo,2024,Q2,2024-Q2,rawat_jalan,Diare dan Gastroenteritis,A09,menular,768,Historis (Observasi)
3513,Kabupaten Probolinggo,2024,Q2,2024-Q2,rawat_jalan,Hipertensi Esensial,I10,tidak_menular,1497,Historis (Observasi)
3513,Kabupaten Probolinggo,2024,Q2,2024-Q2,rawat_jalan,Diabetes Melitus Tipe 2,E11,tidak_menular,1055,Historis (Observasi)
3513,Kabupaten Probolinggo,2024,Q2,2024-Q2,rawat_inap,Pneumonia,J18,menular,180,Historis (Observasi)
3513,Kabupaten Probolinggo,2024,Q2,2024-Q2,rawat_jalan,Demam Tifoid,A01,menular,389,Historis (Observasi)
3513,Kabupaten Probolinggo,2024,Q2,2024-Q2,rawat_inap,Penyakit Jantung Iskemik,I25,tidak_menular,292,Historis (Observasi)
3513,Kabupaten Probolinggo,2024,Q2,2024-Q2,rawat_jalan,Gastritis dan Duodenitis,K29,tidak_menular,440,Historis (Observasi)
3513,Kabupaten Probolinggo,2024,Q3,2024-Q3,rawat_jalan,Infeksi Saluran Pernapasan Akut (ISPA),J06,menular,1938,Historis (Observasi)
3513,Kabupaten Probolinggo,2024,Q3,2024-Q3,rawat_inap,Demam Berdarah Dengue (DBD),A90,menular,574,Historis (Observasi)
3513,Kabupaten Probolinggo,2024,Q3,2024-Q3,rawat_inap,Tuberkulosis Paru (TB),A15,menular,502,Historis (Observasi)
3513,Kabupaten Probolinggo,2024,Q3,2024-Q3,rawat_jalan,Diare dan Gastroenteritis,A09,menular,1005,Historis (Observasi)
3513,Kabupaten Probolinggo,2024,Q3,2024-Q3,rawat_jalan,Hipertensi Esensial,I10,tidak_menular,1828,Historis (Observasi)
3513,Kabupaten Probolinggo,2024,Q3,2024-Q3,rawat_jalan,Diabetes Melitus Tipe 2,E11,tidak_menular,1096,Historis (Observasi)
3513,Kabupaten Probolinggo,2024,Q3,2024-Q3,rawat_inap,Pneumonia,J18,menular,196,Historis (Observasi)
3513,Kabupaten Probolinggo,2024,Q3,2024-Q3,rawat_jalan,Demam Tifoid,A01,menular,343,Historis (Observasi)
3513,Kabupaten Probolinggo,2024,Q3,2024-Q3,rawat_inap,Penyakit Jantung Iskemik,I25,tidak_menular,240,Historis (Observasi)
3513,Kabupaten Probolinggo,2024,Q3,2024-Q3,rawat_jalan,Gastritis dan Duodenitis,K29,tidak_menular,732,Historis (Observasi)
3513,Kabupaten Probolinggo,2024,Q4,2024-Q4,rawat_jalan,Infeksi Saluran Pernapasan Akut (ISPA),J06,menular,2042,Historis (Observasi)
3513,Kabupaten Probolinggo,2024,Q4,2024-Q4,rawat_inap,Demam Berdarah Dengue (DBD),A90,menular,463,Historis (Observasi)
3513,Kabupaten Probolinggo,2024,Q4,2024-Q4,rawat_inap,Tuberkulosis Paru (TB),A15,menular,128,Historis (Observasi)
3513,Kabupaten Probolinggo,2024,Q4,2024-Q4,rawat_jalan,Diare dan Gastroenteritis,A09,menular,525,Historis (Observasi)
3513,Kabupaten Probolinggo,2024,Q4,2024-Q4,rawat_jalan,Hipertensi Esensial,I10,tidak_menular,1665,Historis (Observasi)
3513,Kabupaten Probolinggo,2024,Q4,2024-Q4,rawat_jalan,Diabetes Melitus Tipe 2,E11,tidak_menular,1053,Historis (Observasi)
3513,Kabupaten Probolinggo,2024,Q4,2024-Q4,rawat_inap,Pneumonia,J18,menular,296,Historis (Observasi)
3513,Kabupaten Probolinggo,2024,Q4,2024-Q4,rawat_jalan,Demam Tifoid,A01,menular,325,Historis (Observasi)
3513,Kabupaten Probolinggo,2024,Q4,2024-Q4,rawat_inap,Penyakit Jantung Iskemik,I25,tidak_menular,243,Historis (Observasi)
3513,Kabupaten Probolinggo,2024,Q4,2024-Q4,rawat_jalan,Gastritis dan Duodenitis,K29,tidak_menular,853,Historis (Observasi)
3514,Kabupaten Pasuruan,2024,Q1,2024-Q1,rawat_jalan,Infeksi Saluran Pernapasan Akut (ISPA),J06,menular,1774,Historis (Observasi)
3514,Kabupaten Pasuruan,2024,Q1,2024-Q1,rawat_inap,Demam Berdarah Dengue (DBD),A90,menular,558,Historis (Observasi)
3514,Kabupaten Pasuruan,2024,Q1,2024-Q1,rawat_inap,Tuberkulosis Paru (TB),A15,menular,577,Historis (Observasi)
3514,Kabupaten Pasuruan,2024,Q1,2024-Q1,rawat_jalan,Diare dan Gastroenteritis,A09,menular,759,Historis (Observasi)
3514,Kabupaten Pasuruan,2024,Q1,2024-Q1,rawat_jalan,Hipertensi Esensial,I10,tidak_menular,2509,Historis (Observasi)
3514,Kabupaten Pasuruan,2024,Q1,2024-Q1,rawat_jalan,Diabetes Melitus Tipe 2,E11,tidak_menular,1005,Historis (Observasi)
3514,Kabupaten Pasuruan,2024,Q1,2024-Q1,rawat_inap,Pneumonia,J18,menular,511,Historis (Observasi)
3514,Kabupaten Pasuruan,2024,Q1,2024-Q1,rawat_jalan,Demam Tifoid,A01,menular,705,Historis (Observasi)
3514,Kabupaten Pasuruan,2024,Q1,2024-Q1,rawat_inap,Penyakit Jantung Iskemik,I25,tidak_menular,598,Historis (Observasi)
3514,Kabupaten Pasuruan,2024,Q1,2024-Q1,rawat_jalan,Gastritis dan Duodenitis,K29,tidak_menular,1384,Historis (Observasi)
3514,Kabupaten Pasuruan,2024,Q2,2024-Q2,rawat_jalan,Infeksi Saluran Pernapasan Akut (ISPA),J06,menular,3141,Historis (Observasi)
3514,Kabupaten Pasuruan,2024,Q2,2024-Q2,rawat_inap,Demam Berdarah Dengue (DBD),A90,menular,835,Historis (Observasi)
3514,Kabupaten Pasuruan,2024,Q2,2024-Q2,rawat_inap,Tuberkulosis Paru (TB),A15,menular,266,Historis (Observasi)
3514,Kabupaten Pasuruan,2024,Q2,2024-Q2,rawat_jalan,Diare dan Gastroenteritis,A09,menular,1568,Historis (Observasi)
3514,Kabupaten Pasuruan,2024,Q2,2024-Q2,rawat_jalan,Hipertensi Esensial,I10,tidak_menular,1333,Historis (Observasi)
3514,Kabupaten Pasuruan,2024,Q2,2024-Q2,rawat_jalan,Diabetes Melitus Tipe 2,E11,tidak_menular,961,Historis (Observasi)
3514,Kabupaten Pasuruan,2024,Q2,2024-Q2,rawat_inap,Pneumonia,J18,menular,509,Historis (Observasi)
3514,Kabupaten Pasuruan,2024,Q2,2024-Q2,rawat_jalan,Demam Tifoid,A01,menular,508,Historis (Observasi)
3514,Kabupaten Pasuruan,2024,Q2,2024-Q2,rawat_inap,Penyakit Jantung Iskemik,I25,tidak_menular,619,Historis (Observasi)
3514,Kabupaten Pasuruan,2024,Q2,2024-Q2,rawat_jalan,Gastritis dan Duodenitis,K29,tidak_menular,771,Historis (Observasi)
3514,Kabupaten Pasuruan,2024,Q3,2024-Q3,rawat_jalan,Infeksi Saluran Pernapasan Akut (ISPA),J06,menular,1523,Historis (Observasi)
3514,Kabupaten Pasuruan,2024,Q3,2024-Q3,rawat_inap,Demam Berdarah Dengue (DBD),A90,menular,277,Historis (Observasi)
3514,Kabupaten Pasuruan,2024,Q3,2024-Q3,rawat_inap,Tuberkulosis Paru (TB),A15,menular,662,Historis (Observasi)
3514,Kabupaten Pasuruan,2024,Q3,2024-Q3,rawat_jalan,Diare dan Gastroenteritis,A09,menular,1626,Historis (Observasi)
3514,Kabupaten Pasuruan,2024,Q3,2024-Q3,rawat_jalan,Hipertensi Esensial,I10,tidak_menular,2835,Historis (Observasi)
3514,Kabupaten Pasuruan,2024,Q3,2024-Q3,rawat_jalan,Diabetes Melitus Tipe 2,E11,tidak_menular,1340,Historis (Observasi)
3514,Kabupaten Pasuruan,2024,Q3,2024-Q3,rawat_inap,Pneumonia,J18,menular,479,Historis (Observasi)
3514,Kabupaten Pasuruan,2024,Q3,2024-Q3,rawat_jalan,Demam Tifoid,A01,menular,508,Historis (Observasi)
3514,Kabupaten Pasuruan,2024,Q3,2024-Q3,rawat_inap,Penyakit Jantung Iskemik,I25,tidak_menular,314,Historis (Observasi)
3514,Kabupaten Pasuruan,2024,Q3,2024-Q3,rawat_jalan,Gastritis dan Duodenitis,K29,tidak_menular,786,Historis (Observasi)
3514,Kabupaten Pasuruan,2024,Q4,2024-Q4,rawat_jalan,Infeksi Saluran Pernapasan Akut (ISPA),J06,menular,2370,Historis (Observasi)
3514,Kabupaten Pasuruan,2024,Q4,2024-Q4,rawat_inap,Demam Berdarah Dengue (DBD),A90,menular,621,Historis (Observasi)
3514,Kabupaten Pasuruan,2024,Q4,2024-Q4,rawat_inap,Tuberkulosis Paru (TB),A15,menular,195,Historis (Observasi)
3514,Kabupaten Pasuruan,2024,Q4,2024-Q4,rawat_jalan,Diare dan Gastroenteritis,A09,menular,1211,Historis (Observasi)
3514,Kabupaten Pasuruan,2024,Q4,2024-Q4,rawat_jalan,Hipertensi Esensial,I10,tidak_menular,1776,Historis (Observasi)
3514,Kabupaten Pasuruan,2024,Q4,2024-Q4,rawat_jalan,Diabetes Melitus Tipe 2,E11,tidak_menular,755,Historis (Observasi)
3514,Kabupaten Pasuruan,2024,Q4,2024-Q4,rawat_inap,Pneumonia,J18,menular,213,Historis (Observasi)
3514,Kabupaten Pasuruan,2024,Q4,2024-Q4,rawat_jalan,Demam Tifoid,A01,menular,498,Historis (Observasi)
3514,Kabupaten Pasuruan,2024,Q4,2024-Q4,rawat_inap,Penyakit Jantung Iskemik,I25,tidak_menular,722,Historis (Observasi)
3514,Kabupaten Pasuruan,2024,Q4,2024-Q4,rawat_jalan,Gastritis dan Duodenitis,K29,tidak_menular,1229,Historis (Observasi)
3515,Kabupaten Sidoarjo,2024,Q1,2024-Q1,rawat_jalan,Infeksi Saluran Pernapasan Akut (ISPA),J06,menular,2452,Historis (Observasi)
3515,Kabupaten Sidoarjo,2024,Q1,2024-Q1,rawat_inap,Demam Berdarah Dengue (DBD),A90,menular,885,Historis (Observasi)
3515,Kabupaten Sidoarjo,2024,Q1,2024-Q1,rawat_inap,Tuberkulosis Paru (TB),A15,menular,914,Historis (Observasi)
3515,Kabupaten Sidoarjo,2024,Q1,2024-Q1,rawat_jalan,Diare dan Gastroenteritis,A09,menular,1550,Historis (Observasi)
3515,Kabupaten Sidoarjo,2024,Q1,2024-Q1,rawat_jalan,Hipertensi Esensial,I10,tidak_menular,1594,Historis (Observasi)
3515,Kabupaten Sidoarjo,2024,Q1,2024-Q1,rawat_jalan,Diabetes Melitus Tipe 2,E11,tidak_menular,2230,Historis (Observasi)
3515,Kabupaten Sidoarjo,2024,Q1,2024-Q1,rawat_inap,Pneumonia,J18,menular,581,Historis (Observasi)
3515,Kabupaten Sidoarjo,2024,Q1,2024-Q1,rawat_jalan,Demam Tifoid,A01,menular,939,Historis (Observasi)
3515,Kabupaten Sidoarjo,2024,Q1,2024-Q1,rawat_inap,Penyakit Jantung Iskemik,I25,tidak_menular,830,Historis (Observasi)
3515,Kabupaten Sidoarjo,2024,Q1,2024-Q1,rawat_jalan,Gastritis dan Duodenitis,K29,tidak_menular,1845,Historis (Observasi)
3515,Kabupaten Sidoarjo,2024,Q2,2024-Q2,rawat_jalan,Infeksi Saluran Pernapasan Akut (ISPA),J06,menular,3621,Historis (Observasi)
3515,Kabupaten Sidoarjo,2024,Q2,2024-Q2,rawat_inap,Demam Berdarah Dengue (DBD),A90,menular,544,Historis (Observasi)
3515,Kabupaten Sidoarjo,2024,Q2,2024-Q2,rawat_inap,Tuberkulosis Paru (TB),A15,menular,231,Historis (Observasi)
3515,Kabupaten Sidoarjo,2024,Q2,2024-Q2,rawat_jalan,Diare dan Gastroenteritis,A09,menular,1180,Historis (Observasi)
3515,Kabupaten Sidoarjo,2024,Q2,2024-Q2,rawat_jalan,Hipertensi Esensial,I10,tidak_menular,2453,Historis (Observasi)
3515,Kabupaten Sidoarjo,2024,Q2,2024-Q2,rawat_jalan,Diabetes Melitus Tipe 2,E11,tidak_menular,1389,Historis (Observasi)
3515,Kabupaten Sidoarjo,2024,Q2,2024-Q2,rawat_inap,Pneumonia,J18,menular,479,Historis (Observasi)
3515,Kabupaten Sidoarjo,2024,Q2,2024-Q2,rawat_jalan,Demam Tifoid,A01,menular,588,Historis (Observasi)
3515,Kabupaten Sidoarjo,2024,Q2,2024-Q2,rawat_inap,Penyakit Jantung Iskemik,I25,tidak_menular,726,Historis (Observasi)
3515,Kabupaten Sidoarjo,2024,Q2,2024-Q2,rawat_jalan,Gastritis dan Duodenitis,K29,tidak_menular,1027,Historis (Observasi)
3515,Kabupaten Sidoarjo,2024,Q3,2024-Q3,rawat_jalan,Infeksi Saluran Pernapasan Akut (ISPA),J06,menular,2854,Historis (Observasi)
3515,Kabupaten Sidoarjo,2024,Q3,2024-Q3,rawat_inap,Demam Berdarah Dengue (DBD),A90,menular,407,Historis (Observasi)
3515,Kabupaten Sidoarjo,2024,Q3,2024-Q3,rawat_inap,Tuberkulosis Paru (TB),A15,menular,643,Historis (Observasi)
3515,Kabupaten Sidoarjo,2024,Q3,2024-Q3,rawat_jalan,Diare dan Gastroenteritis,A09,menular,2228,Historis (Observasi)
3515,Kabupaten Sidoarjo,2024,Q3,2024-Q3,rawat_jalan,Hipertensi Esensial,I10,tidak_menular,3332,Historis (Observasi)
3515,Kabupaten Sidoarjo,2024,Q3,2024-Q3,rawat_jalan,Diabetes Melitus Tipe 2,E11,tidak_menular,1487,Historis (Observasi)
3515,Kabupaten Sidoarjo,2024,Q3,2024-Q3,rawat_inap,Pneumonia,J18,menular,663,Historis (Observasi)
3515,Kabupaten Sidoarjo,2024,Q3,2024-Q3,rawat_jalan,Demam Tifoid,A01,menular,941,Historis (Observasi)
3515,Kabupaten Sidoarjo,2024,Q3,2024-Q3,rawat_inap,Penyakit Jantung Iskemik,I25,tidak_menular,594,Historis (Observasi)
3515,Kabupaten Sidoarjo,2024,Q3,2024-Q3,rawat_jalan,Gastritis dan Duodenitis,K29,tidak_menular,1758,Historis (Observasi)
3515,Kabupaten Sidoarjo,2024,Q4,2024-Q4,rawat_jalan,Infeksi Saluran Pernapasan Akut (ISPA),J06,menular,1991,Historis (Observasi)
3515,Kabupaten Sidoarjo,2024,Q4,2024-Q4,rawat_inap,Demam Berdarah Dengue (DBD),A90,menular,432,Historis (Observasi)
3515,Kabupaten Sidoarjo,2024,Q4,2024-Q4,rawat_inap,Tuberkulosis Paru (TB),A15,menular,838,Historis (Observasi)
3515,Kabupaten Sidoarjo,2024,Q4,2024-Q4,rawat_jalan,Diare dan Gastroenteritis,A09,menular,1316,Historis (Observasi)
3515,Kabupaten Sidoarjo,2024,Q4,2024-Q4,rawat_jalan,Hipertensi Esensial,I10,tidak_menular,1879,Historis (Observasi)
3515,Kabupaten Sidoarjo,2024,Q4,2024-Q4,rawat_jalan,Diabetes Melitus Tipe 2,E11,tidak_menular,2089,Historis (Observasi)
3515,Kabupaten Sidoarjo,2024,Q4,2024-Q4,rawat_inap,Pneumonia,J18,menular,407,Historis (Observasi)
3515,Kabupaten Sidoarjo,2024,Q4,2024-Q4,rawat_jalan,Demam Tifoid,A01,menular,493,Historis (Observasi)
3515,Kabupaten Sidoarjo,2024,Q4,2024-Q4,rawat_inap,Penyakit Jantung Iskemik,I25,tidak_menular,530,Historis (Observasi)
3515,Kabupaten Sidoarjo,2024,Q4,2024-Q4,rawat_jalan,Gastritis dan Duodenitis,K29,tidak_menular,1113,Historis (Observasi)
3516,Kabupaten Mojokerto,2024,Q1,2024-Q1,rawat_jalan,Infeksi Saluran Pernapasan Akut (ISPA),J06,menular,1724,Historis (Observasi)
3516,Kabupaten Mojokerto,2024,Q1,2024-Q1,rawat_inap,Demam Berdarah Dengue (DBD),A90,menular,245,Historis (Observasi)
3516,Kabupaten Mojokerto,2024,Q1,2024-Q1,rawat_inap,Tuberkulosis Paru (TB),A15,menular,486,Historis (Observasi)
3516,Kabupaten Mojokerto,2024,Q1,2024-Q1,rawat_jalan,Diare dan Gastroenteritis,A09,menular,902,Historis (Observasi)
3516,Kabupaten Mojokerto,2024,Q1,2024-Q1,rawat_jalan,Hipertensi Esensial,I10,tidak_menular,1132,Historis (Observasi)
3516,Kabupaten Mojokerto,2024,Q1,2024-Q1,rawat_jalan,Diabetes Melitus Tipe 2,E11,tidak_menular,888,Historis (Observasi)
3516,Kabupaten Mojokerto,2024,Q1,2024-Q1,rawat_inap,Pneumonia,J18,menular,371,Historis (Observasi)
3516,Kabupaten Mojokerto,2024,Q1,2024-Q1,rawat_jalan,Demam Tifoid,A01,menular,238,Historis (Observasi)
3516,Kabupaten Mojokerto,2024,Q1,2024-Q1,rawat_inap,Penyakit Jantung Iskemik,I25,tidak_menular,273,Historis (Observasi)
3516,Kabupaten Mojokerto,2024,Q1,2024-Q1,rawat_jalan,Gastritis dan Duodenitis,K29,tidak_menular,528,Historis (Observasi)
3516,Kabupaten Mojokerto,2024,Q2,2024-Q2,rawat_jalan,Infeksi Saluran Pernapasan Akut (ISPA),J06,menular,1709,Historis (Observasi)
3516,Kabupaten Mojokerto,2024,Q2,2024-Q2,rawat_inap,Demam Berdarah Dengue (DBD),A90,menular,660,Historis (Observasi)
3516,Kabupaten Mojokerto,2024,Q2,2024-Q2,rawat_inap,Tuberkulosis Paru (TB),A15,menular,320,Historis (Observasi)
3516,Kabupaten Mojokerto,2024,Q2,2024-Q2,rawat_jalan,Diare dan Gastroenteritis,A09,menular,881,Historis (Observasi)
3516,Kabupaten Mojokerto,2024,Q2,2024-Q2,rawat_jalan,Hipertensi Esensial,I10,tidak_menular,853,Historis (Observasi)
3516,Kabupaten Mojokerto,2024,Q2,2024-Q2,rawat_jalan,Diabetes Melitus Tipe 2,E11,tidak_menular,1088,Historis (Observasi)
3516,Kabupaten Mojokerto,2024,Q2,2024-Q2,rawat_inap,Pneumonia,J18,menular,164,Historis (Observasi)
3516,Kabupaten Mojokerto,2024,Q2,2024-Q2,rawat_jalan,Demam Tifoid,A01,menular,293,Historis (Observasi)
3516,Kabupaten Mojokerto,2024,Q2,2024-Q2,rawat_inap,Penyakit Jantung Iskemik,I25,tidak_menular,382,Historis (Observasi)
3516,Kabupaten Mojokerto,2024,Q2,2024-Q2,rawat_jalan,Gastritis dan Duodenitis,K29,tidak_menular,741,Historis (Observasi)
3516,Kabupaten Mojokerto,2024,Q3,2024-Q3,rawat_jalan,Infeksi Saluran Pernapasan Akut (ISPA),J06,menular,1089,Historis (Observasi)
3516,Kabupaten Mojokerto,2024,Q3,2024-Q3,rawat_inap,Demam Berdarah Dengue (DBD),A90,menular,287,Historis (Observasi)
3516,Kabupaten Mojokerto,2024,Q3,2024-Q3,rawat_inap,Tuberkulosis Paru (TB),A15,menular,144,Historis (Observasi)
3516,Kabupaten Mojokerto,2024,Q3,2024-Q3,rawat_jalan,Diare dan Gastroenteritis,A09,menular,1183,Historis (Observasi)
3516,Kabupaten Mojokerto,2024,Q3,2024-Q3,rawat_jalan,Hipertensi Esensial,I10,tidak_menular,2004,Historis (Observasi)
3516,Kabupaten Mojokerto,2024,Q3,2024-Q3,rawat_jalan,Diabetes Melitus Tipe 2,E11,tidak_menular,882,Historis (Observasi)
3516,Kabupaten Mojokerto,2024,Q3,2024-Q3,rawat_inap,Pneumonia,J18,menular,325,Historis (Observasi)
3516,Kabupaten Mojokerto,2024,Q3,2024-Q3,rawat_jalan,Demam Tifoid,A01,menular,540,Historis (Observasi)
3516,Kabupaten Mojokerto,2024,Q3,2024-Q3,rawat_inap,Penyakit Jantung Iskemik,I25,tidak_menular,487,Historis (Observasi)
3516,Kabupaten Mojokerto,2024,Q3,2024-Q3,rawat_jalan,Gastritis dan Duodenitis,K29,tidak_menular,405,Historis (Observasi)
3516,Kabupaten Mojokerto,2024,Q4,2024-Q4,rawat_jalan,Infeksi Saluran Pernapasan Akut (ISPA),J06,menular,1155,Historis (Observasi)
3516,Kabupaten Mojokerto,2024,Q4,2024-Q4,rawat_inap,Demam Berdarah Dengue (DBD),A90,menular,560,Historis (Observasi)
3516,Kabupaten Mojokerto,2024,Q4,2024-Q4,rawat_inap,Tuberkulosis Paru (TB),A15,menular,446,Historis (Observasi)
3516,Kabupaten Mojokerto,2024,Q4,2024-Q4,rawat_jalan,Diare dan Gastroenteritis,A09,menular,691,Historis (Observasi)
3516,Kabupaten Mojokerto,2024,Q4,2024-Q4,rawat_jalan,Hipertensi Esensial,I10,tidak_menular,866,Historis (Observasi)
3516,Kabupaten Mojokerto,2024,Q4,2024-Q4,rawat_jalan,Diabetes Melitus Tipe 2,E11,tidak_menular,784,Historis (Observasi)
3516,Kabupaten Mojokerto,2024,Q4,2024-Q4,rawat_inap,Pneumonia,J18,menular,278,Historis (Observasi)
3516,Kabupaten Mojokerto,2024,Q4,2024-Q4,rawat_jalan,Demam Tifoid,A01,menular,534,Historis (Observasi)
3516,Kabupaten Mojokerto,2024,Q4,2024-Q4,rawat_inap,Penyakit Jantung Iskemik,I25,tidak_menular,183,Historis (Observasi)
3516,Kabupaten Mojokerto,2024,Q4,2024-Q4,rawat_jalan,Gastritis dan Duodenitis,K29,tidak_menular,595,Historis (Observasi)
3517,Kabupaten Jombang,2024,Q1,2024-Q1,rawat_jalan,Infeksi Saluran Pernapasan Akut (ISPA),J06,menular,1342,Historis (Observasi)
3517,Kabupaten Jombang,2024,Q1,2024-Q1,rawat_inap,Demam Berdarah Dengue (DBD),A90,menular,286,Historis (Observasi)
3517,Kabupaten Jombang,2024,Q1,2024-Q1,rawat_inap,Tuberkulosis Paru (TB),A15,menular,288,Historis (Observasi)
3517,Kabupaten Jombang,2024,Q1,2024-Q1,rawat_jalan,Diare dan Gastroenteritis,A09,menular,1256,Historis (Observasi)
3517,Kabupaten Jombang,2024,Q1,2024-Q1,rawat_jalan,Hipertensi Esensial,I10,tidak_menular,1417,Historis (Observasi)
3517,Kabupaten Jombang,2024,Q1,2024-Q1,rawat_jalan,Diabetes Melitus Tipe 2,E11,tidak_menular,709,Historis (Observasi)
3517,Kabupaten Jombang,2024,Q1,2024-Q1,rawat_inap,Pneumonia,J18,menular,448,Historis (Observasi)
3517,Kabupaten Jombang,2024,Q1,2024-Q1,rawat_jalan,Demam Tifoid,A01,menular,273,Historis (Observasi)
3517,Kabupaten Jombang,2024,Q1,2024-Q1,rawat_inap,Penyakit Jantung Iskemik,I25,tidak_menular,310,Historis (Observasi)
3517,Kabupaten Jombang,2024,Q1,2024-Q1,rawat_jalan,Gastritis dan Duodenitis,K29,tidak_menular,1168,Historis (Observasi)
3517,Kabupaten Jombang,2024,Q2,2024-Q2,rawat_jalan,Infeksi Saluran Pernapasan Akut (ISPA),J06,menular,1746,Historis (Observasi)
3517,Kabupaten Jombang,2024,Q2,2024-Q2,rawat_inap,Demam Berdarah Dengue (DBD),A90,menular,337,Historis (Observasi)
3517,Kabupaten Jombang,2024,Q2,2024-Q2,rawat_inap,Tuberkulosis Paru (TB),A15,menular,450,Historis (Observasi)
3517,Kabupaten Jombang,2024,Q2,2024-Q2,rawat_jalan,Diare dan Gastroenteritis,A09,menular,856,Historis (Observasi)
3517,Kabupaten Jombang,2024,Q2,2024-Q2,rawat_jalan,Hipertensi Esensial,I10,tidak_menular,1813,Historis (Observasi)
3517,Kabupaten Jombang,2024,Q2,2024-Q2,rawat_jalan,Diabetes Melitus Tipe 2,E11,tidak_menular,882,Historis (Observasi)
3517,Kabupaten Jombang,2024,Q2,2024-Q2,rawat_inap,Pneumonia,J18,menular,268,Historis (Observasi)
3517,Kabupaten Jombang,2024,Q2,2024-Q2,rawat_jalan,Demam Tifoid,A01,menular,558,Historis (Observasi)
3517,Kabupaten Jombang,2024,Q2,2024-Q2,rawat_inap,Penyakit Jantung Iskemik,I25,tidak_menular,487,Historis (Observasi)
3517,Kabupaten Jombang,2024,Q2,2024-Q2,rawat_jalan,Gastritis dan Duodenitis,K29,tidak_menular,926,Historis (Observasi)
3517,Kabupaten Jombang,2024,Q3,2024-Q3,rawat_jalan,Infeksi Saluran Pernapasan Akut (ISPA),J06,menular,2198,Historis (Observasi)
3517,Kabupaten Jombang,2024,Q3,2024-Q3,rawat_inap,Demam Berdarah Dengue (DBD),A90,menular,380,Historis (Observasi)
3517,Kabupaten Jombang,2024,Q3,2024-Q3,rawat_inap,Tuberkulosis Paru (TB),A15,menular,240,Historis (Observasi)
3517,Kabupaten Jombang,2024,Q3,2024-Q3,rawat_jalan,Diare dan Gastroenteritis,A09,menular,637,Historis (Observasi)
3517,Kabupaten Jombang,2024,Q3,2024-Q3,rawat_jalan,Hipertensi Esensial,I10,tidak_menular,1370,Historis (Observasi)
3517,Kabupaten Jombang,2024,Q3,2024-Q3,rawat_jalan,Diabetes Melitus Tipe 2,E11,tidak_menular,1158,Historis (Observasi)
3517,Kabupaten Jombang,2024,Q3,2024-Q3,rawat_inap,Pneumonia,J18,menular,196,Historis (Observasi)
3517,Kabupaten Jombang,2024,Q3,2024-Q3,rawat_jalan,Demam Tifoid,A01,menular,283,Historis (Observasi)
3517,Kabupaten Jombang,2024,Q3,2024-Q3,rawat_inap,Penyakit Jantung Iskemik,I25,tidak_menular,350,Historis (Observasi)
3517,Kabupaten Jombang,2024,Q3,2024-Q3,rawat_jalan,Gastritis dan Duodenitis,K29,tidak_menular,743,Historis (Observasi)
3517,Kabupaten Jombang,2024,Q4,2024-Q4,rawat_jalan,Infeksi Saluran Pernapasan Akut (ISPA),J06,menular,1711,Historis (Observasi)
3517,Kabupaten Jombang,2024,Q4,2024-Q4,rawat_inap,Demam Berdarah Dengue (DBD),A90,menular,658,Historis (Observasi)
3517,Kabupaten Jombang,2024,Q4,2024-Q4,rawat_inap,Tuberkulosis Paru (TB),A15,menular,224,Historis (Observasi)
3517,Kabupaten Jombang,2024,Q4,2024-Q4,rawat_jalan,Diare dan Gastroenteritis,A09,menular,1190,Historis (Observasi)
3517,Kabupaten Jombang,2024,Q4,2024-Q4,rawat_jalan,Hipertensi Esensial,I10,tidak_menular,1561,Historis (Observasi)
3517,Kabupaten Jombang,2024,Q4,2024-Q4,rawat_jalan,Diabetes Melitus Tipe 2,E11,tidak_menular,871,Historis (Observasi)
3517,Kabupaten Jombang,2024,Q4,2024-Q4,rawat_inap,Pneumonia,J18,menular,455,Historis (Observasi)
3517,Kabupaten Jombang,2024,Q4,2024-Q4,rawat_jalan,Demam Tifoid,A01,menular,426,Historis (Observasi)
3517,Kabupaten Jombang,2024,Q4,2024-Q4,rawat_inap,Penyakit Jantung Iskemik,I25,tidak_menular,395,Historis (Observasi)
3517,Kabupaten Jombang,2024,Q4,2024-Q4,rawat_jalan,Gastritis dan Duodenitis,K29,tidak_menular,982,Historis (Observasi)
3518,Kabupaten Nganjuk,2024,Q1,2024-Q1,rawat_jalan,Infeksi Saluran Pernapasan Akut (ISPA),J06,menular,1069,Historis (Observasi)
3518,Kabupaten Nganjuk,2024,Q1,2024-Q1,rawat_inap,Demam Berdarah Dengue (DBD),A90,menular,480,Historis (Observasi)
3518,Kabupaten Nganjuk,2024,Q1,2024-Q1,rawat_inap,Tuberkulosis Paru (TB),A15,menular,120,Historis (Observasi)
3518,Kabupaten Nganjuk,2024,Q1,2024-Q1,rawat_jalan,Diare dan Gastroenteritis,A09,menular,708,Historis (Observasi)
3518,Kabupaten Nganjuk,2024,Q1,2024-Q1,rawat_jalan,Hipertensi Esensial,I10,tidak_menular,1288,Historis (Observasi)
3518,Kabupaten Nganjuk,2024,Q1,2024-Q1,rawat_jalan,Diabetes Melitus Tipe 2,E11,tidak_menular,839,Historis (Observasi)
3518,Kabupaten Nganjuk,2024,Q1,2024-Q1,rawat_inap,Pneumonia,J18,menular,153,Historis (Observasi)
3518,Kabupaten Nganjuk,2024,Q1,2024-Q1,rawat_jalan,Demam Tifoid,A01,menular,520,Historis (Observasi)
3518,Kabupaten Nganjuk,2024,Q1,2024-Q1,rawat_inap,Penyakit Jantung Iskemik,I25,tidak_menular,224,Historis (Observasi)
3518,Kabupaten Nganjuk,2024,Q1,2024-Q1,rawat_jalan,Gastritis dan Duodenitis,K29,tidak_menular,812,Historis (Observasi)
3518,Kabupaten Nganjuk,2024,Q2,2024-Q2,rawat_jalan,Infeksi Saluran Pernapasan Akut (ISPA),J06,menular,1008,Historis (Observasi)
3518,Kabupaten Nganjuk,2024,Q2,2024-Q2,rawat_inap,Demam Berdarah Dengue (DBD),A90,menular,578,Historis (Observasi)
3518,Kabupaten Nganjuk,2024,Q2,2024-Q2,rawat_inap,Tuberkulosis Paru (TB),A15,menular,354,Historis (Observasi)
3518,Kabupaten Nganjuk,2024,Q2,2024-Q2,rawat_jalan,Diare dan Gastroenteritis,A09,menular,656,Historis (Observasi)
3518,Kabupaten Nganjuk,2024,Q2,2024-Q2,rawat_jalan,Hipertensi Esensial,I10,tidak_menular,1301,Historis (Observasi)
3518,Kabupaten Nganjuk,2024,Q2,2024-Q2,rawat_jalan,Diabetes Melitus Tipe 2,E11,tidak_menular,957,Historis (Observasi)
3518,Kabupaten Nganjuk,2024,Q2,2024-Q2,rawat_inap,Pneumonia,J18,menular,135,Historis (Observasi)
3518,Kabupaten Nganjuk,2024,Q2,2024-Q2,rawat_jalan,Demam Tifoid,A01,menular,376,Historis (Observasi)
3518,Kabupaten Nganjuk,2024,Q2,2024-Q2,rawat_inap,Penyakit Jantung Iskemik,I25,tidak_menular,241,Historis (Observasi)
3518,Kabupaten Nganjuk,2024,Q2,2024-Q2,rawat_jalan,Gastritis dan Duodenitis,K29,tidak_menular,606,Historis (Observasi)
3518,Kabupaten Nganjuk,2024,Q3,2024-Q3,rawat_jalan,Infeksi Saluran Pernapasan Akut (ISPA),J06,menular,2148,Historis (Observasi)
3518,Kabupaten Nganjuk,2024,Q3,2024-Q3,rawat_inap,Demam Berdarah Dengue (DBD),A90,menular,195,Historis (Observasi)
3518,Kabupaten Nganjuk,2024,Q3,2024-Q3,rawat_inap,Tuberkulosis Paru (TB),A15,menular,249,Historis (Observasi)
3518,Kabupaten Nganjuk,2024,Q3,2024-Q3,rawat_jalan,Diare dan Gastroenteritis,A09,menular,522,Historis (Observasi)
3518,Kabupaten Nganjuk,2024,Q3,2024-Q3,rawat_jalan,Hipertensi Esensial,I10,tidak_menular,1777,Historis (Observasi)
3518,Kabupaten Nganjuk,2024,Q3,2024-Q3,rawat_jalan,Diabetes Melitus Tipe 2,E11,tidak_menular,895,Historis (Observasi)
3518,Kabupaten Nganjuk,2024,Q3,2024-Q3,rawat_inap,Pneumonia,J18,menular,233,Historis (Observasi)
3518,Kabupaten Nganjuk,2024,Q3,2024-Q3,rawat_jalan,Demam Tifoid,A01,menular,475,Historis (Observasi)
3518,Kabupaten Nganjuk,2024,Q3,2024-Q3,rawat_inap,Penyakit Jantung Iskemik,I25,tidak_menular,445,Historis (Observasi)
3518,Kabupaten Nganjuk,2024,Q3,2024-Q3,rawat_jalan,Gastritis dan Duodenitis,K29,tidak_menular,962,Historis (Observasi)
3518,Kabupaten Nganjuk,2024,Q4,2024-Q4,rawat_jalan,Infeksi Saluran Pernapasan Akut (ISPA),J06,menular,2081,Historis (Observasi)
3518,Kabupaten Nganjuk,2024,Q4,2024-Q4,rawat_inap,Demam Berdarah Dengue (DBD),A90,menular,230,Historis (Observasi)
3518,Kabupaten Nganjuk,2024,Q4,2024-Q4,rawat_inap,Tuberkulosis Paru (TB),A15,menular,302,Historis (Observasi)
3518,Kabupaten Nganjuk,2024,Q4,2024-Q4,rawat_jalan,Diare dan Gastroenteritis,A09,menular,858,Historis (Observasi)
3518,Kabupaten Nganjuk,2024,Q4,2024-Q4,rawat_jalan,Hipertensi Esensial,I10,tidak_menular,1648,Historis (Observasi)
3518,Kabupaten Nganjuk,2024,Q4,2024-Q4,rawat_jalan,Diabetes Melitus Tipe 2,E11,tidak_menular,746,Historis (Observasi)
3518,Kabupaten Nganjuk,2024,Q4,2024-Q4,rawat_inap,Pneumonia,J18,menular,172,Historis (Observasi)
3518,Kabupaten Nganjuk,2024,Q4,2024-Q4,rawat_jalan,Demam Tifoid,A01,menular,384,Historis (Observasi)
3518,Kabupaten Nganjuk,2024,Q4,2024-Q4,rawat_inap,Penyakit Jantung Iskemik,I25,tidak_menular,456,Historis (Observasi)
3518,Kabupaten Nganjuk,2024,Q4,2024-Q4,rawat_jalan,Gastritis dan Duodenitis,K29,tidak_menular,989,Historis (Observasi)
3519,Kabupaten Madiun,2024,Q1,2024-Q1,rawat_jalan,Infeksi Saluran Pernapasan Akut (ISPA),J06,menular,1218,Historis (Observasi)
3519,Kabupaten Madiun,2024,Q1,2024-Q1,rawat_inap,Demam Berdarah Dengue (DBD),A90,menular,120,Historis (Observasi)
3519,Kabupaten Madiun,2024,Q1,2024-Q1,rawat_inap,Tuberkulosis Paru (TB),A15,menular,254,Historis (Observasi)
3519,Kabupaten Madiun,2024,Q1,2024-Q1,rawat_jalan,Diare dan Gastroenteritis,A09,menular,531,Historis (Observasi)
3519,Kabupaten Madiun,2024,Q1,2024-Q1,rawat_jalan,Hipertensi Esensial,I10,tidak_menular,1197,Historis (Observasi)
3519,Kabupaten Madiun,2024,Q1,2024-Q1,rawat_jalan,Diabetes Melitus Tipe 2,E11,tidak_menular,857,Historis (Observasi)
3519,Kabupaten Madiun,2024,Q1,2024-Q1,rawat_inap,Pneumonia,J18,menular,182,Historis (Observasi)
3519,Kabupaten Madiun,2024,Q1,2024-Q1,rawat_jalan,Demam Tifoid,A01,menular,335,Historis (Observasi)
3519,Kabupaten Madiun,2024,Q1,2024-Q1,rawat_inap,Penyakit Jantung Iskemik,I25,tidak_menular,295,Historis (Observasi)
3519,Kabupaten Madiun,2024,Q1,2024-Q1,rawat_jalan,Gastritis dan Duodenitis,K29,tidak_menular,674,Historis (Observasi)
3519,Kabupaten Madiun,2024,Q2,2024-Q2,rawat_jalan,Infeksi Saluran Pernapasan Akut (ISPA),J06,menular,1474,Historis (Observasi)
3519,Kabupaten Madiun,2024,Q2,2024-Q2,rawat_inap,Demam Berdarah Dengue (DBD),A90,menular,235,Historis (Observasi)
3519,Kabupaten Madiun,2024,Q2,2024-Q2,rawat_inap,Tuberkulosis Paru (TB),A15,menular,171,Historis (Observasi)
3519,Kabupaten Madiun,2024,Q2,2024-Q2,rawat_jalan,Diare dan Gastroenteritis,A09,menular,766,Historis (Observasi)
3519,Kabupaten Madiun,2024,Q2,2024-Q2,rawat_jalan,Hipertensi Esensial,I10,tidak_menular,1309,Historis (Observasi)
3519,Kabupaten Madiun,2024,Q2,2024-Q2,rawat_jalan,Diabetes Melitus Tipe 2,E11,tidak_menular,519,Historis (Observasi)
3519,Kabupaten Madiun,2024,Q2,2024-Q2,rawat_inap,Pneumonia,J18,menular,254,Historis (Observasi)
3519,Kabupaten Madiun,2024,Q2,2024-Q2,rawat_jalan,Demam Tifoid,A01,menular,276,Historis (Observasi)
3519,Kabupaten Madiun,2024,Q2,2024-Q2,rawat_inap,Penyakit Jantung Iskemik,I25,tidak_menular,129,Historis (Observasi)
3519,Kabupaten Madiun,2024,Q2,2024-Q2,rawat_jalan,Gastritis dan Duodenitis,K29,tidak_menular,607,Historis (Observasi)
3519,Kabupaten Madiun,2024,Q3,2024-Q3,rawat_jalan,Infeksi Saluran Pernapasan Akut (ISPA),J06,menular,1291,Historis (Observasi)
3519,Kabupaten Madiun,2024,Q3,2024-Q3,rawat_inap,Demam Berdarah Dengue (DBD),A90,menular,364,Historis (Observasi)
3519,Kabupaten Madiun,2024,Q3,2024-Q3,rawat_inap,Tuberkulosis Paru (TB),A15,menular,221,Historis (Observasi)
3519,Kabupaten Madiun,2024,Q3,2024-Q3,rawat_jalan,Diare dan Gastroenteritis,A09,menular,447,Historis (Observasi)
3519,Kabupaten Madiun,2024,Q3,2024-Q3,rawat_jalan,Hipertensi Esensial,I10,tidak_menular,674,Historis (Observasi)
3519,Kabupaten Madiun,2024,Q3,2024-Q3,rawat_jalan,Diabetes Melitus Tipe 2,E11,tidak_menular,545,Historis (Observasi)
3519,Kabupaten Madiun,2024,Q3,2024-Q3,rawat_inap,Pneumonia,J18,menular,135,Historis (Observasi)
3519,Kabupaten Madiun,2024,Q3,2024-Q3,rawat_jalan,Demam Tifoid,A01,menular,238,Historis (Observasi)
3519,Kabupaten Madiun,2024,Q3,2024-Q3,rawat_inap,Penyakit Jantung Iskemik,I25,tidak_menular,158,Historis (Observasi)
3519,Kabupaten Madiun,2024,Q3,2024-Q3,rawat_jalan,Gastritis dan Duodenitis,K29,tidak_menular,554,Historis (Observasi)
3519,Kabupaten Madiun,2024,Q4,2024-Q4,rawat_jalan,Infeksi Saluran Pernapasan Akut (ISPA),J06,menular,1373,Historis (Observasi)
3519,Kabupaten Madiun,2024,Q4,2024-Q4,rawat_inap,Demam Berdarah Dengue (DBD),A90,menular,305,Historis (Observasi)
3519,Kabupaten Madiun,2024,Q4,2024-Q4,rawat_inap,Tuberkulosis Paru (TB),A15,menular,204,Historis (Observasi)
3519,Kabupaten Madiun,2024,Q4,2024-Q4,rawat_jalan,Diare dan Gastroenteritis,A09,menular,316,Historis (Observasi)
3519,Kabupaten Madiun,2024,Q4,2024-Q4,rawat_jalan,Hipertensi Esensial,I10,tidak_menular,531,Historis (Observasi)
3519,Kabupaten Madiun,2024,Q4,2024-Q4,rawat_jalan,Diabetes Melitus Tipe 2,E11,tidak_menular,438,Historis (Observasi)
3519,Kabupaten Madiun,2024,Q4,2024-Q4,rawat_inap,Pneumonia,J18,menular,235,Historis (Observasi)
3519,Kabupaten Madiun,2024,Q4,2024-Q4,rawat_jalan,Demam Tifoid,A01,menular,343,Historis (Observasi)
3519,Kabupaten Madiun,2024,Q4,2024-Q4,rawat_inap,Penyakit Jantung Iskemik,I25,tidak_menular,207,Historis (Observasi)
3519,Kabupaten Madiun,2024,Q4,2024-Q4,rawat_jalan,Gastritis dan Duodenitis,K29,tidak_menular,606,Historis (Observasi)
3520,Kabupaten Magetan,2024,Q1,2024-Q1,rawat_jalan,Infeksi Saluran Pernapasan Akut (ISPA),J06,menular,1179,Historis (Observasi)
3520,Kabupaten Magetan,2024,Q1,2024-Q1,rawat_inap,Demam Berdarah Dengue (DBD),A90,menular,393,Historis (Observasi)
3520,Kabupaten Magetan,2024,Q1,2024-Q1,rawat_inap,Tuberkulosis Paru (TB),A15,menular,231,Historis (Observasi)
3520,Kabupaten Magetan,2024,Q1,2024-Q1,rawat_jalan,Diare dan Gastroenteritis,A09,menular,679,Historis (Observasi)
3520,Kabupaten Magetan,2024,Q1,2024-Q1,rawat_jalan,Hipertensi Esensial,I10,tidak_menular,744,Historis (Observasi)
3520,Kabupaten Magetan,2024,Q1,2024-Q1,rawat_jalan,Diabetes Melitus Tipe 2,E11,tidak_menular,355,Historis (Observasi)
3520,Kabupaten Magetan,2024,Q1,2024-Q1,rawat_inap,Pneumonia,J18,menular,229,Historis (Observasi)
3520,Kabupaten Magetan,2024,Q1,2024-Q1,rawat_jalan,Demam Tifoid,A01,menular,154,Historis (Observasi)
3520,Kabupaten Magetan,2024,Q1,2024-Q1,rawat_inap,Penyakit Jantung Iskemik,I25,tidak_menular,101,Historis (Observasi)
3520,Kabupaten Magetan,2024,Q1,2024-Q1,rawat_jalan,Gastritis dan Duodenitis,K29,tidak_menular,394,Historis (Observasi)
3520,Kabupaten Magetan,2024,Q2,2024-Q2,rawat_jalan,Infeksi Saluran Pernapasan Akut (ISPA),J06,menular,1245,Historis (Observasi)
3520,Kabupaten Magetan,2024,Q2,2024-Q2,rawat_inap,Demam Berdarah Dengue (DBD),A90,menular,392,Historis (Observasi)
3520,Kabupaten Magetan,2024,Q2,2024-Q2,rawat_inap,Tuberkulosis Paru (TB),A15,menular,176,Historis (Observasi)
3520,Kabupaten Magetan,2024,Q2,2024-Q2,rawat_jalan,Diare dan Gastroenteritis,A09,menular,383,Historis (Observasi)
3520,Kabupaten Magetan,2024,Q2,2024-Q2,rawat_jalan,Hipertensi Esensial,I10,tidak_menular,626,Historis (Observasi)
3520,Kabupaten Magetan,2024,Q2,2024-Q2,rawat_jalan,Diabetes Melitus Tipe 2,E11,tidak_menular,704,Historis (Observasi)
3520,Kabupaten Magetan,2024,Q2,2024-Q2,rawat_inap,Pneumonia,J18,menular,147,Historis (Observasi)
3520,Kabupaten Magetan,2024,Q2,2024-Q2,rawat_jalan,Demam Tifoid,A01,menular,172,Historis (Observasi)
3520,Kabupaten Magetan,2024,Q2,2024-Q2,rawat_inap,Penyakit Jantung Iskemik,I25,tidak_menular,196,Historis (Observasi)
3520,Kabupaten Magetan,2024,Q2,2024-Q2,rawat_jalan,Gastritis dan Duodenitis,K29,tidak_menular,338,Historis (Observasi)
3520,Kabupaten Magetan,2024,Q3,2024-Q3,rawat_jalan,Infeksi Saluran Pernapasan Akut (ISPA),J06,menular,1279,Historis (Observasi)
3520,Kabupaten Magetan,2024,Q3,2024-Q3,rawat_inap,Demam Berdarah Dengue (DBD),A90,menular,390,Historis (Observasi)
3520,Kabupaten Magetan,2024,Q3,2024-Q3,rawat_inap,Tuberkulosis Paru (TB),A15,menular,294,Historis (Observasi)
3520,Kabupaten Magetan,2024,Q3,2024-Q3,rawat_jalan,Diare dan Gastroenteritis,A09,menular,580,Historis (Observasi)
3520,Kabupaten Magetan,2024,Q3,2024-Q3,rawat_jalan,Hipertensi Esensial,I10,tidak_menular,1007,Historis (Observasi)
3520,Kabupaten Magetan,2024,Q3,2024-Q3,rawat_jalan,Diabetes Melitus Tipe 2,E11,tidak_menular,455,Historis (Observasi)
3520,Kabupaten Magetan,2024,Q3,2024-Q3,rawat_inap,Pneumonia,J18,menular,183,Historis (Observasi)
3520,Kabupaten Magetan,2024,Q3,2024-Q3,rawat_jalan,Demam Tifoid,A01,menular,187,Historis (Observasi)
3520,Kabupaten Magetan,2024,Q3,2024-Q3,rawat_inap,Penyakit Jantung Iskemik,I25,tidak_menular,133,Historis (Observasi)
3520,Kabupaten Magetan,2024,Q3,2024-Q3,rawat_jalan,Gastritis dan Duodenitis,K29,tidak_menular,529,Historis (Observasi)
3520,Kabupaten Magetan,2024,Q4,2024-Q4,rawat_jalan,Infeksi Saluran Pernapasan Akut (ISPA),J06,menular,833,Historis (Observasi)
3520,Kabupaten Magetan,2024,Q4,2024-Q4,rawat_inap,Demam Berdarah Dengue (DBD),A90,menular,236,Historis (Observasi)
3520,Kabupaten Magetan,2024,Q4,2024-Q4,rawat_inap,Tuberkulosis Paru (TB),A15,menular,131,Historis (Observasi)
3520,Kabupaten Magetan,2024,Q4,2024-Q4,rawat_jalan,Diare dan Gastroenteritis,A09,menular,450,Historis (Observasi)
3520,Kabupaten Magetan,2024,Q4,2024-Q4,rawat_jalan,Hipertensi Esensial,I10,tidak_menular,594,Historis (Observasi)
3520,Kabupaten Magetan,2024,Q4,2024-Q4,rawat_jalan,Diabetes Melitus Tipe 2,E11,tidak_menular,635,Historis (Observasi)
3520,Kabupaten Magetan,2024,Q4,2024-Q4,rawat_inap,Pneumonia,J18,menular,116,Historis (Observasi)
3520,Kabupaten Magetan,2024,Q4,2024-Q4,rawat_jalan,Demam Tifoid,A01,menular,141,Historis (Observasi)
3520,Kabupaten Magetan,2024,Q4,2024-Q4,rawat_inap,Penyakit Jantung Iskemik,I25,tidak_menular,183,Historis (Observasi)
3520,Kabupaten Magetan,2024,Q4,2024-Q4,rawat_jalan,Gastritis dan Duodenitis,K29,tidak_menular,380,Historis (Observasi)
3521,Kabupaten Ngawi,2024,Q1,2024-Q1,rawat_jalan,Infeksi Saluran Pernapasan Akut (ISPA),J06,menular,1013,Historis (Observasi)
3521,Kabupaten Ngawi,2024,Q1,2024-Q1,rawat_inap,Demam Berdarah Dengue (DBD),A90,menular,470,Historis (Observasi)
3521,Kabupaten Ngawi,2024,Q1,2024-Q1,rawat_inap,Tuberkulosis Paru (TB),A15,menular,259,Historis (Observasi)
3521,Kabupaten Ngawi,2024,Q1,2024-Q1,rawat_jalan,Diare dan Gastroenteritis,A09,menular,658,Historis (Observasi)
3521,Kabupaten Ngawi,2024,Q1,2024-Q1,rawat_jalan,Hipertensi Esensial,I10,tidak_menular,746,Historis (Observasi)
3521,Kabupaten Ngawi,2024,Q1,2024-Q1,rawat_jalan,Diabetes Melitus Tipe 2,E11,tidak_menular,587,Historis (Observasi)
3521,Kabupaten Ngawi,2024,Q1,2024-Q1,rawat_inap,Pneumonia,J18,menular,280,Historis (Observasi)
3521,Kabupaten Ngawi,2024,Q1,2024-Q1,rawat_jalan,Demam Tifoid,A01,menular,216,Historis (Observasi)
3521,Kabupaten Ngawi,2024,Q1,2024-Q1,rawat_inap,Penyakit Jantung Iskemik,I25,tidak_menular,284,Historis (Observasi)
3521,Kabupaten Ngawi,2024,Q1,2024-Q1,rawat_jalan,Gastritis dan Duodenitis,K29,tidak_menular,433,Historis (Observasi)
3521,Kabupaten Ngawi,2024,Q2,2024-Q2,rawat_jalan,Infeksi Saluran Pernapasan Akut (ISPA),J06,menular,930,Historis (Observasi)
3521,Kabupaten Ngawi,2024,Q2,2024-Q2,rawat_inap,Demam Berdarah Dengue (DBD),A90,menular,337,Historis (Observasi)
3521,Kabupaten Ngawi,2024,Q2,2024-Q2,rawat_inap,Tuberkulosis Paru (TB),A15,menular,223,Historis (Observasi)
3521,Kabupaten Ngawi,2024,Q2,2024-Q2,rawat_jalan,Diare dan Gastroenteritis,A09,menular,544,Historis (Observasi)
3521,Kabupaten Ngawi,2024,Q2,2024-Q2,rawat_jalan,Hipertensi Esensial,I10,tidak_menular,1226,Historis (Observasi)
3521,Kabupaten Ngawi,2024,Q2,2024-Q2,rawat_jalan,Diabetes Melitus Tipe 2,E11,tidak_menular,614,Historis (Observasi)
3521,Kabupaten Ngawi,2024,Q2,2024-Q2,rawat_inap,Pneumonia,J18,menular,114,Historis (Observasi)
3521,Kabupaten Ngawi,2024,Q2,2024-Q2,rawat_jalan,Demam Tifoid,A01,menular,250,Historis (Observasi)
3521,Kabupaten Ngawi,2024,Q2,2024-Q2,rawat_inap,Penyakit Jantung Iskemik,I25,tidak_menular,379,Historis (Observasi)
3521,Kabupaten Ngawi,2024,Q2,2024-Q2,rawat_jalan,Gastritis dan Duodenitis,K29,tidak_menular,451,Historis (Observasi)
3521,Kabupaten Ngawi,2024,Q3,2024-Q3,rawat_jalan,Infeksi Saluran Pernapasan Akut (ISPA),J06,menular,1079,Historis (Observasi)
3521,Kabupaten Ngawi,2024,Q3,2024-Q3,rawat_inap,Demam Berdarah Dengue (DBD),A90,menular,329,Historis (Observasi)
3521,Kabupaten Ngawi,2024,Q3,2024-Q3,rawat_inap,Tuberkulosis Paru (TB),A15,menular,242,Historis (Observasi)
3521,Kabupaten Ngawi,2024,Q3,2024-Q3,rawat_jalan,Diare dan Gastroenteritis,A09,menular,857,Historis (Observasi)
3521,Kabupaten Ngawi,2024,Q3,2024-Q3,rawat_jalan,Hipertensi Esensial,I10,tidak_menular,1053,Historis (Observasi)
3521,Kabupaten Ngawi,2024,Q3,2024-Q3,rawat_jalan,Diabetes Melitus Tipe 2,E11,tidak_menular,563,Historis (Observasi)
3521,Kabupaten Ngawi,2024,Q3,2024-Q3,rawat_inap,Pneumonia,J18,menular,275,Historis (Observasi)
3521,Kabupaten Ngawi,2024,Q3,2024-Q3,rawat_jalan,Demam Tifoid,A01,menular,251,Historis (Observasi)
3521,Kabupaten Ngawi,2024,Q3,2024-Q3,rawat_inap,Penyakit Jantung Iskemik,I25,tidak_menular,197,Historis (Observasi)
3521,Kabupaten Ngawi,2024,Q3,2024-Q3,rawat_jalan,Gastritis dan Duodenitis,K29,tidak_menular,324,Historis (Observasi)
3521,Kabupaten Ngawi,2024,Q4,2024-Q4,rawat_jalan,Infeksi Saluran Pernapasan Akut (ISPA),J06,menular,1179,Historis (Observasi)
3521,Kabupaten Ngawi,2024,Q4,2024-Q4,rawat_inap,Demam Berdarah Dengue (DBD),A90,menular,163,Historis (Observasi)
3521,Kabupaten Ngawi,2024,Q4,2024-Q4,rawat_inap,Tuberkulosis Paru (TB),A15,menular,378,Historis (Observasi)
3521,Kabupaten Ngawi,2024,Q4,2024-Q4,rawat_jalan,Diare dan Gastroenteritis,A09,menular,751,Historis (Observasi)
3521,Kabupaten Ngawi,2024,Q4,2024-Q4,rawat_jalan,Hipertensi Esensial,I10,tidak_menular,1006,Historis (Observasi)
3521,Kabupaten Ngawi,2024,Q4,2024-Q4,rawat_jalan,Diabetes Melitus Tipe 2,E11,tidak_menular,471,Historis (Observasi)
3521,Kabupaten Ngawi,2024,Q4,2024-Q4,rawat_inap,Pneumonia,J18,menular,107,Historis (Observasi)
3521,Kabupaten Ngawi,2024,Q4,2024-Q4,rawat_jalan,Demam Tifoid,A01,menular,277,Historis (Observasi)
3521,Kabupaten Ngawi,2024,Q4,2024-Q4,rawat_inap,Penyakit Jantung Iskemik,I25,tidak_menular,240,Historis (Observasi)
3521,Kabupaten Ngawi,2024,Q4,2024-Q4,rawat_jalan,Gastritis dan Duodenitis,K29,tidak_menular,436,Historis (Observasi)
3522,Kabupaten Bojonegoro,2024,Q1,2024-Q1,rawat_jalan,Infeksi Saluran Pernapasan Akut (ISPA),J06,menular,1639,Historis (Observasi)
3522,Kabupaten Bojonegoro,2024,Q1,2024-Q1,rawat_inap,Demam Berdarah Dengue (DBD),A90,menular,669,Historis (Observasi)
3522,Kabupaten Bojonegoro,2024,Q1,2024-Q1,rawat_inap,Tuberkulosis Paru (TB),A15,menular,311,Historis (Observasi)
3522,Kabupaten Bojonegoro,2024,Q1,2024-Q1,rawat_jalan,Diare dan Gastroenteritis,A09,menular,1060,Historis (Observasi)
3522,Kabupaten Bojonegoro,2024,Q1,2024-Q1,rawat_jalan,Hipertensi Esensial,I10,tidak_menular,2000,Historis (Observasi)
3522,Kabupaten Bojonegoro,2024,Q1,2024-Q1,rawat_jalan,Diabetes Melitus Tipe 2,E11,tidak_menular,766,Historis (Observasi)
3522,Kabupaten Bojonegoro,2024,Q1,2024-Q1,rawat_inap,Pneumonia,J18,menular,195,Historis (Observasi)
3522,Kabupaten Bojonegoro,2024,Q1,2024-Q1,rawat_jalan,Demam Tifoid,A01,menular,475,Historis (Observasi)
3522,Kabupaten Bojonegoro,2024,Q1,2024-Q1,rawat_inap,Penyakit Jantung Iskemik,I25,tidak_menular,217,Historis (Observasi)
3522,Kabupaten Bojonegoro,2024,Q1,2024-Q1,rawat_jalan,Gastritis dan Duodenitis,K29,tidak_menular,881,Historis (Observasi)
3522,Kabupaten Bojonegoro,2024,Q2,2024-Q2,rawat_jalan,Infeksi Saluran Pernapasan Akut (ISPA),J06,menular,1818,Historis (Observasi)
3522,Kabupaten Bojonegoro,2024,Q2,2024-Q2,rawat_inap,Demam Berdarah Dengue (DBD),A90,menular,567,Historis (Observasi)
3522,Kabupaten Bojonegoro,2024,Q2,2024-Q2,rawat_inap,Tuberkulosis Paru (TB),A15,menular,360,Historis (Observasi)
3522,Kabupaten Bojonegoro,2024,Q2,2024-Q2,rawat_jalan,Diare dan Gastroenteritis,A09,menular,594,Historis (Observasi)
3522,Kabupaten Bojonegoro,2024,Q2,2024-Q2,rawat_jalan,Hipertensi Esensial,I10,tidak_menular,1672,Historis (Observasi)
3522,Kabupaten Bojonegoro,2024,Q2,2024-Q2,rawat_jalan,Diabetes Melitus Tipe 2,E11,tidak_menular,1173,Historis (Observasi)
3522,Kabupaten Bojonegoro,2024,Q2,2024-Q2,rawat_inap,Pneumonia,J18,menular,206,Historis (Observasi)
3522,Kabupaten Bojonegoro,2024,Q2,2024-Q2,rawat_jalan,Demam Tifoid,A01,menular,384,Historis (Observasi)
3522,Kabupaten Bojonegoro,2024,Q2,2024-Q2,rawat_inap,Penyakit Jantung Iskemik,I25,tidak_menular,262,Historis (Observasi)
3522,Kabupaten Bojonegoro,2024,Q2,2024-Q2,rawat_jalan,Gastritis dan Duodenitis,K29,tidak_menular,975,Historis (Observasi)
3522,Kabupaten Bojonegoro,2024,Q3,2024-Q3,rawat_jalan,Infeksi Saluran Pernapasan Akut (ISPA),J06,menular,1674,Historis (Observasi)
3522,Kabupaten Bojonegoro,2024,Q3,2024-Q3,rawat_inap,Demam Berdarah Dengue (DBD),A90,menular,694,Historis (Observasi)
3522,Kabupaten Bojonegoro,2024,Q3,2024-Q3,rawat_inap,Tuberkulosis Paru (TB),A15,menular,213,Historis (Observasi)
3522,Kabupaten Bojonegoro,2024,Q3,2024-Q3,rawat_jalan,Diare dan Gastroenteritis,A09,menular,848,Historis (Observasi)
3522,Kabupaten Bojonegoro,2024,Q3,2024-Q3,rawat_jalan,Hipertensi Esensial,I10,tidak_menular,1633,Historis (Observasi)
3522,Kabupaten Bojonegoro,2024,Q3,2024-Q3,rawat_jalan,Diabetes Melitus Tipe 2,E11,tidak_menular,1161,Historis (Observasi)
3522,Kabupaten Bojonegoro,2024,Q3,2024-Q3,rawat_inap,Pneumonia,J18,menular,236,Historis (Observasi)
3522,Kabupaten Bojonegoro,2024,Q3,2024-Q3,rawat_jalan,Demam Tifoid,A01,menular,433,Historis (Observasi)
3522,Kabupaten Bojonegoro,2024,Q3,2024-Q3,rawat_inap,Penyakit Jantung Iskemik,I25,tidak_menular,349,Historis (Observasi)
3522,Kabupaten Bojonegoro,2024,Q3,2024-Q3,rawat_jalan,Gastritis dan Duodenitis,K29,tidak_menular,956,Historis (Observasi)
3522,Kabupaten Bojonegoro,2024,Q4,2024-Q4,rawat_jalan,Infeksi Saluran Pernapasan Akut (ISPA),J06,menular,1299,Historis (Observasi)
3522,Kabupaten Bojonegoro,2024,Q4,2024-Q4,rawat_inap,Demam Berdarah Dengue (DBD),A90,menular,717,Historis (Observasi)
3522,Kabupaten Bojonegoro,2024,Q4,2024-Q4,rawat_inap,Tuberkulosis Paru (TB),A15,menular,279,Historis (Observasi)
3522,Kabupaten Bojonegoro,2024,Q4,2024-Q4,rawat_jalan,Diare dan Gastroenteritis,A09,menular,1372,Historis (Observasi)
3522,Kabupaten Bojonegoro,2024,Q4,2024-Q4,rawat_jalan,Hipertensi Esensial,I10,tidak_menular,1363,Historis (Observasi)
3522,Kabupaten Bojonegoro,2024,Q4,2024-Q4,rawat_jalan,Diabetes Melitus Tipe 2,E11,tidak_menular,1219,Historis (Observasi)
3522,Kabupaten Bojonegoro,2024,Q4,2024-Q4,rawat_inap,Pneumonia,J18,menular,217,Historis (Observasi)
3522,Kabupaten Bojonegoro,2024,Q4,2024-Q4,rawat_jalan,Demam Tifoid,A01,menular,369,Historis (Observasi)
3522,Kabupaten Bojonegoro,2024,Q4,2024-Q4,rawat_inap,Penyakit Jantung Iskemik,I25,tidak_menular,554,Historis (Observasi)
3522,Kabupaten Bojonegoro,2024,Q4,2024-Q4,rawat_jalan,Gastritis dan Duodenitis,K29,tidak_menular,1179,Historis (Observasi)
3523,Kabupaten Tuban,2024,Q1,2024-Q1,rawat_jalan,Infeksi Saluran Pernapasan Akut (ISPA),J06,menular,1720,Historis (Observasi)
3523,Kabupaten Tuban,2024,Q1,2024-Q1,rawat_inap,Demam Berdarah Dengue (DBD),A90,menular,210,Historis (Observasi)
3523,Kabupaten Tuban,2024,Q1,2024-Q1,rawat_inap,Tuberkulosis Paru (TB),A15,menular,451,Historis (Observasi)
3523,Kabupaten Tuban,2024,Q1,2024-Q1,rawat_jalan,Diare dan Gastroenteritis,A09,menular,1024,Historis (Observasi)
3523,Kabupaten Tuban,2024,Q1,2024-Q1,rawat_jalan,Hipertensi Esensial,I10,tidak_menular,982,Historis (Observasi)
3523,Kabupaten Tuban,2024,Q1,2024-Q1,rawat_jalan,Diabetes Melitus Tipe 2,E11,tidak_menular,597,Historis (Observasi)
3523,Kabupaten Tuban,2024,Q1,2024-Q1,rawat_inap,Pneumonia,J18,menular,382,Historis (Observasi)
3523,Kabupaten Tuban,2024,Q1,2024-Q1,rawat_jalan,Demam Tifoid,A01,menular,243,Historis (Observasi)
3523,Kabupaten Tuban,2024,Q1,2024-Q1,rawat_inap,Penyakit Jantung Iskemik,I25,tidak_menular,321,Historis (Observasi)
3523,Kabupaten Tuban,2024,Q1,2024-Q1,rawat_jalan,Gastritis dan Duodenitis,K29,tidak_menular,593,Historis (Observasi)
3523,Kabupaten Tuban,2024,Q2,2024-Q2,rawat_jalan,Infeksi Saluran Pernapasan Akut (ISPA),J06,menular,1178,Historis (Observasi)
3523,Kabupaten Tuban,2024,Q2,2024-Q2,rawat_inap,Demam Berdarah Dengue (DBD),A90,menular,199,Historis (Observasi)
3523,Kabupaten Tuban,2024,Q2,2024-Q2,rawat_inap,Tuberkulosis Paru (TB),A15,menular,521,Historis (Observasi)
3523,Kabupaten Tuban,2024,Q2,2024-Q2,rawat_jalan,Diare dan Gastroenteritis,A09,menular,889,Historis (Observasi)
3523,Kabupaten Tuban,2024,Q2,2024-Q2,rawat_jalan,Hipertensi Esensial,I10,tidak_menular,2153,Historis (Observasi)
3523,Kabupaten Tuban,2024,Q2,2024-Q2,rawat_jalan,Diabetes Melitus Tipe 2,E11,tidak_menular,1249,Historis (Observasi)
3523,Kabupaten Tuban,2024,Q2,2024-Q2,rawat_inap,Pneumonia,J18,menular,395,Historis (Observasi)
3523,Kabupaten Tuban,2024,Q2,2024-Q2,rawat_jalan,Demam Tifoid,A01,menular,575,Historis (Observasi)
3523,Kabupaten Tuban,2024,Q2,2024-Q2,rawat_inap,Penyakit Jantung Iskemik,I25,tidak_menular,303,Historis (Observasi)
3523,Kabupaten Tuban,2024,Q2,2024-Q2,rawat_jalan,Gastritis dan Duodenitis,K29,tidak_menular,598,Historis (Observasi)
3523,Kabupaten Tuban,2024,Q3,2024-Q3,rawat_jalan,Infeksi Saluran Pernapasan Akut (ISPA),J06,menular,995,Historis (Observasi)
3523,Kabupaten Tuban,2024,Q3,2024-Q3,rawat_inap,Demam Berdarah Dengue (DBD),A90,menular,587,Historis (Observasi)
3523,Kabupaten Tuban,2024,Q3,2024-Q3,rawat_inap,Tuberkulosis Paru (TB),A15,menular,348,Historis (Observasi)
3523,Kabupaten Tuban,2024,Q3,2024-Q3,rawat_jalan,Diare dan Gastroenteritis,A09,menular,501,Historis (Observasi)
3523,Kabupaten Tuban,2024,Q3,2024-Q3,rawat_jalan,Hipertensi Esensial,I10,tidak_menular,951,Historis (Observasi)
3523,Kabupaten Tuban,2024,Q3,2024-Q3,rawat_jalan,Diabetes Melitus Tipe 2,E11,tidak_menular,732,Historis (Observasi)
3523,Kabupaten Tuban,2024,Q3,2024-Q3,rawat_inap,Pneumonia,J18,menular,331,Historis (Observasi)
3523,Kabupaten Tuban,2024,Q3,2024-Q3,rawat_jalan,Demam Tifoid,A01,menular,556,Historis (Observasi)
3523,Kabupaten Tuban,2024,Q3,2024-Q3,rawat_inap,Penyakit Jantung Iskemik,I25,tidak_menular,502,Historis (Observasi)
3523,Kabupaten Tuban,2024,Q3,2024-Q3,rawat_jalan,Gastritis dan Duodenitis,K29,tidak_menular,828,Historis (Observasi)
3523,Kabupaten Tuban,2024,Q4,2024-Q4,rawat_jalan,Infeksi Saluran Pernapasan Akut (ISPA),J06,menular,1781,Historis (Observasi)
3523,Kabupaten Tuban,2024,Q4,2024-Q4,rawat_inap,Demam Berdarah Dengue (DBD),A90,menular,526,Historis (Observasi)
3523,Kabupaten Tuban,2024,Q4,2024-Q4,rawat_inap,Tuberkulosis Paru (TB),A15,menular,125,Historis (Observasi)
3523,Kabupaten Tuban,2024,Q4,2024-Q4,rawat_jalan,Diare dan Gastroenteritis,A09,menular,877,Historis (Observasi)
3523,Kabupaten Tuban,2024,Q4,2024-Q4,rawat_jalan,Hipertensi Esensial,I10,tidak_menular,1192,Historis (Observasi)
3523,Kabupaten Tuban,2024,Q4,2024-Q4,rawat_jalan,Diabetes Melitus Tipe 2,E11,tidak_menular,1132,Historis (Observasi)
3523,Kabupaten Tuban,2024,Q4,2024-Q4,rawat_inap,Pneumonia,J18,menular,356,Historis (Observasi)
3523,Kabupaten Tuban,2024,Q4,2024-Q4,rawat_jalan,Demam Tifoid,A01,menular,582,Historis (Observasi)
3523,Kabupaten Tuban,2024,Q4,2024-Q4,rawat_inap,Penyakit Jantung Iskemik,I25,tidak_menular,346,Historis (Observasi)
3523,Kabupaten Tuban,2024,Q4,2024-Q4,rawat_jalan,Gastritis dan Duodenitis,K29,tidak_menular,681,Historis (Observasi)
3524,Kabupaten Lamongan,2024,Q1,2024-Q1,rawat_jalan,Infeksi Saluran Pernapasan Akut (ISPA),J06,menular,2547,Historis (Observasi)
3524,Kabupaten Lamongan,2024,Q1,2024-Q1,rawat_inap,Demam Berdarah Dengue (DBD),A90,menular,683,Historis (Observasi)
3524,Kabupaten Lamongan,2024,Q1,2024-Q1,rawat_inap,Tuberkulosis Paru (TB),A15,menular,451,Historis (Observasi)
3524,Kabupaten Lamongan,2024,Q1,2024-Q1,rawat_jalan,Diare dan Gastroenteritis,A09,menular,1406,Historis (Observasi)
3524,Kabupaten Lamongan,2024,Q1,2024-Q1,rawat_jalan,Hipertensi Esensial,I10,tidak_menular,2160,Historis (Observasi)
3524,Kabupaten Lamongan,2024,Q1,2024-Q1,rawat_jalan,Diabetes Melitus Tipe 2,E11,tidak_menular,875,Historis (Observasi)
3524,Kabupaten Lamongan,2024,Q1,2024-Q1,rawat_inap,Pneumonia,J18,menular,323,Historis (Observasi)
3524,Kabupaten Lamongan,2024,Q1,2024-Q1,rawat_jalan,Demam Tifoid,A01,menular,549,Historis (Observasi)
3524,Kabupaten Lamongan,2024,Q1,2024-Q1,rawat_inap,Penyakit Jantung Iskemik,I25,tidak_menular,349,Historis (Observasi)
3524,Kabupaten Lamongan,2024,Q1,2024-Q1,rawat_jalan,Gastritis dan Duodenitis,K29,tidak_menular,891,Historis (Observasi)
3524,Kabupaten Lamongan,2024,Q2,2024-Q2,rawat_jalan,Infeksi Saluran Pernapasan Akut (ISPA),J06,menular,1802,Historis (Observasi)
3524,Kabupaten Lamongan,2024,Q2,2024-Q2,rawat_inap,Demam Berdarah Dengue (DBD),A90,menular,287,Historis (Observasi)
3524,Kabupaten Lamongan,2024,Q2,2024-Q2,rawat_inap,Tuberkulosis Paru (TB),A15,menular,575,Historis (Observasi)
3524,Kabupaten Lamongan,2024,Q2,2024-Q2,rawat_jalan,Diare dan Gastroenteritis,A09,menular,1039,Historis (Observasi)
3524,Kabupaten Lamongan,2024,Q2,2024-Q2,rawat_jalan,Hipertensi Esensial,I10,tidak_menular,948,Historis (Observasi)
3524,Kabupaten Lamongan,2024,Q2,2024-Q2,rawat_jalan,Diabetes Melitus Tipe 2,E11,tidak_menular,1487,Historis (Observasi)
3524,Kabupaten Lamongan,2024,Q2,2024-Q2,rawat_inap,Pneumonia,J18,menular,234,Historis (Observasi)
3524,Kabupaten Lamongan,2024,Q2,2024-Q2,rawat_jalan,Demam Tifoid,A01,menular,352,Historis (Observasi)
3524,Kabupaten Lamongan,2024,Q2,2024-Q2,rawat_inap,Penyakit Jantung Iskemik,I25,tidak_menular,361,Historis (Observasi)
3524,Kabupaten Lamongan,2024,Q2,2024-Q2,rawat_jalan,Gastritis dan Duodenitis,K29,tidak_menular,531,Historis (Observasi)
3524,Kabupaten Lamongan,2024,Q3,2024-Q3,rawat_jalan,Infeksi Saluran Pernapasan Akut (ISPA),J06,menular,2546,Historis (Observasi)
3524,Kabupaten Lamongan,2024,Q3,2024-Q3,rawat_inap,Demam Berdarah Dengue (DBD),A90,menular,527,Historis (Observasi)
3524,Kabupaten Lamongan,2024,Q3,2024-Q3,rawat_inap,Tuberkulosis Paru (TB),A15,menular,147,Historis (Observasi)
3524,Kabupaten Lamongan,2024,Q3,2024-Q3,rawat_jalan,Diare dan Gastroenteritis,A09,menular,1142,Historis (Observasi)
3524,Kabupaten Lamongan,2024,Q3,2024-Q3,rawat_jalan,Hipertensi Esensial,I10,tidak_menular,2296,Historis (Observasi)
3524,Kabupaten Lamongan,2024,Q3,2024-Q3,rawat_jalan,Diabetes Melitus Tipe 2,E11,tidak_menular,794,Historis (Observasi)
3524,Kabupaten Lamongan,2024,Q3,2024-Q3,rawat_inap,Pneumonia,J18,menular,253,Historis (Observasi)
3524,Kabupaten Lamongan,2024,Q3,2024-Q3,rawat_jalan,Demam Tifoid,A01,menular,299,Historis (Observasi)
3524,Kabupaten Lamongan,2024,Q3,2024-Q3,rawat_inap,Penyakit Jantung Iskemik,I25,tidak_menular,511,Historis (Observasi)
3524,Kabupaten Lamongan,2024,Q3,2024-Q3,rawat_jalan,Gastritis dan Duodenitis,K29,tidak_menular,524,Historis (Observasi)
3524,Kabupaten Lamongan,2024,Q4,2024-Q4,rawat_jalan,Infeksi Saluran Pernapasan Akut (ISPA),J06,menular,1695,Historis (Observasi)
3524,Kabupaten Lamongan,2024,Q4,2024-Q4,rawat_inap,Demam Berdarah Dengue (DBD),A90,menular,496,Historis (Observasi)
3524,Kabupaten Lamongan,2024,Q4,2024-Q4,rawat_inap,Tuberkulosis Paru (TB),A15,menular,380,Historis (Observasi)
3524,Kabupaten Lamongan,2024,Q4,2024-Q4,rawat_jalan,Diare dan Gastroenteritis,A09,menular,1115,Historis (Observasi)
3524,Kabupaten Lamongan,2024,Q4,2024-Q4,rawat_jalan,Hipertensi Esensial,I10,tidak_menular,1556,Historis (Observasi)
3524,Kabupaten Lamongan,2024,Q4,2024-Q4,rawat_jalan,Diabetes Melitus Tipe 2,E11,tidak_menular,1225,Historis (Observasi)
3524,Kabupaten Lamongan,2024,Q4,2024-Q4,rawat_inap,Pneumonia,J18,menular,195,Historis (Observasi)
3524,Kabupaten Lamongan,2024,Q4,2024-Q4,rawat_jalan,Demam Tifoid,A01,menular,539,Historis (Observasi)
3524,Kabupaten Lamongan,2024,Q4,2024-Q4,rawat_inap,Penyakit Jantung Iskemik,I25,tidak_menular,579,Historis (Observasi)
3524,Kabupaten Lamongan,2024,Q4,2024-Q4,rawat_jalan,Gastritis dan Duodenitis,K29,tidak_menular,795,Historis (Observasi)
3525,Kabupaten Gresik,2024,Q1,2024-Q1,rawat_jalan,Infeksi Saluran Pernapasan Akut (ISPA),J06,menular,1200,Historis (Observasi)
3525,Kabupaten Gresik,2024,Q1,2024-Q1,rawat_inap,Demam Berdarah Dengue (DBD),A90,menular,682,Historis (Observasi)
3525,Kabupaten Gresik,2024,Q1,2024-Q1,rawat_inap,Tuberkulosis Paru (TB),A15,menular,573,Historis (Observasi)
3525,Kabupaten Gresik,2024,Q1,2024-Q1,rawat_jalan,Diare dan Gastroenteritis,A09,menular,851,Historis (Observasi)
3525,Kabupaten Gresik,2024,Q1,2024-Q1,rawat_jalan,Hipertensi Esensial,I10,tidak_menular,2036,Historis (Observasi)
3525,Kabupaten Gresik,2024,Q1,2024-Q1,rawat_jalan,Diabetes Melitus Tipe 2,E11,tidak_menular,1171,Historis (Observasi)
3525,Kabupaten Gresik,2024,Q1,2024-Q1,rawat_inap,Pneumonia,J18,menular,231,Historis (Observasi)
3525,Kabupaten Gresik,2024,Q1,2024-Q1,rawat_jalan,Demam Tifoid,A01,menular,430,Historis (Observasi)
3525,Kabupaten Gresik,2024,Q1,2024-Q1,rawat_inap,Penyakit Jantung Iskemik,I25,tidak_menular,435,Historis (Observasi)
3525,Kabupaten Gresik,2024,Q1,2024-Q1,rawat_jalan,Gastritis dan Duodenitis,K29,tidak_menular,464,Historis (Observasi)
3525,Kabupaten Gresik,2024,Q2,2024-Q2,rawat_jalan,Infeksi Saluran Pernapasan Akut (ISPA),J06,menular,1385,Historis (Observasi)
3525,Kabupaten Gresik,2024,Q2,2024-Q2,rawat_inap,Demam Berdarah Dengue (DBD),A90,menular,394,Historis (Observasi)
3525,Kabupaten Gresik,2024,Q2,2024-Q2,rawat_inap,Tuberkulosis Paru (TB),A15,menular,548,Historis (Observasi)
3525,Kabupaten Gresik,2024,Q2,2024-Q2,rawat_jalan,Diare dan Gastroenteritis,A09,menular,1184,Historis (Observasi)
3525,Kabupaten Gresik,2024,Q2,2024-Q2,rawat_jalan,Hipertensi Esensial,I10,tidak_menular,1786,Historis (Observasi)
3525,Kabupaten Gresik,2024,Q2,2024-Q2,rawat_jalan,Diabetes Melitus Tipe 2,E11,tidak_menular,662,Historis (Observasi)
3525,Kabupaten Gresik,2024,Q2,2024-Q2,rawat_inap,Pneumonia,J18,menular,259,Historis (Observasi)
3525,Kabupaten Gresik,2024,Q2,2024-Q2,rawat_jalan,Demam Tifoid,A01,menular,411,Historis (Observasi)
3525,Kabupaten Gresik,2024,Q2,2024-Q2,rawat_inap,Penyakit Jantung Iskemik,I25,tidak_menular,372,Historis (Observasi)
3525,Kabupaten Gresik,2024,Q2,2024-Q2,rawat_jalan,Gastritis dan Duodenitis,K29,tidak_menular,784,Historis (Observasi)
3525,Kabupaten Gresik,2024,Q3,2024-Q3,rawat_jalan,Infeksi Saluran Pernapasan Akut (ISPA),J06,menular,2157,Historis (Observasi)
3525,Kabupaten Gresik,2024,Q3,2024-Q3,rawat_inap,Demam Berdarah Dengue (DBD),A90,menular,510,Historis (Observasi)
3525,Kabupaten Gresik,2024,Q3,2024-Q3,rawat_inap,Tuberkulosis Paru (TB),A15,menular,439,Historis (Observasi)
3525,Kabupaten Gresik,2024,Q3,2024-Q3,rawat_jalan,Diare dan Gastroenteritis,A09,menular,1024,Historis (Observasi)
3525,Kabupaten Gresik,2024,Q3,2024-Q3,rawat_jalan,Hipertensi Esensial,I10,tidak_menular,1716,Historis (Observasi)
3525,Kabupaten Gresik,2024,Q3,2024-Q3,rawat_jalan,Diabetes Melitus Tipe 2,E11,tidak_menular,636,Historis (Observasi)
3525,Kabupaten Gresik,2024,Q3,2024-Q3,rawat_inap,Pneumonia,J18,menular,453,Historis (Observasi)
3525,Kabupaten Gresik,2024,Q3,2024-Q3,rawat_jalan,Demam Tifoid,A01,menular,640,Historis (Observasi)
3525,Kabupaten Gresik,2024,Q3,2024-Q3,rawat_inap,Penyakit Jantung Iskemik,I25,tidak_menular,329,Historis (Observasi)
3525,Kabupaten Gresik,2024,Q3,2024-Q3,rawat_jalan,Gastritis dan Duodenitis,K29,tidak_menular,850,Historis (Observasi)
3525,Kabupaten Gresik,2024,Q4,2024-Q4,rawat_jalan,Infeksi Saluran Pernapasan Akut (ISPA),J06,menular,2200,Historis (Observasi)
3525,Kabupaten Gresik,2024,Q4,2024-Q4,rawat_inap,Demam Berdarah Dengue (DBD),A90,menular,277,Historis (Observasi)
3525,Kabupaten Gresik,2024,Q4,2024-Q4,rawat_inap,Tuberkulosis Paru (TB),A15,menular,251,Historis (Observasi)
3525,Kabupaten Gresik,2024,Q4,2024-Q4,rawat_jalan,Diare dan Gastroenteritis,A09,menular,1205,Historis (Observasi)
3525,Kabupaten Gresik,2024,Q4,2024-Q4,rawat_jalan,Hipertensi Esensial,I10,tidak_menular,990,Historis (Observasi)
3525,Kabupaten Gresik,2024,Q4,2024-Q4,rawat_jalan,Diabetes Melitus Tipe 2,E11,tidak_menular,1308,Historis (Observasi)
3525,Kabupaten Gresik,2024,Q4,2024-Q4,rawat_inap,Pneumonia,J18,menular,267,Historis (Observasi)
3525,Kabupaten Gresik,2024,Q4,2024-Q4,rawat_jalan,Demam Tifoid,A01,menular,339,Historis (Observasi)
3525,Kabupaten Gresik,2024,Q4,2024-Q4,rawat_inap,Penyakit Jantung Iskemik,I25,tidak_menular,379,Historis (Observasi)
3525,Kabupaten Gresik,2024,Q4,2024-Q4,rawat_jalan,Gastritis dan Duodenitis,K29,tidak_menular,906,Historis (Observasi)
3526,Kabupaten Bangkalan,2024,Q1,2024-Q1,rawat_jalan,Infeksi Saluran Pernapasan Akut (ISPA),J06,menular,1474,Historis (Observasi)
3526,Kabupaten Bangkalan,2024,Q1,2024-Q1,rawat_inap,Demam Berdarah Dengue (DBD),A90,menular,604,Historis (Observasi)
3526,Kabupaten Bangkalan,2024,Q1,2024-Q1,rawat_inap,Tuberkulosis Paru (TB),A15,menular,352,Historis (Observasi)
3526,Kabupaten Bangkalan,2024,Q1,2024-Q1,rawat_jalan,Diare dan Gastroenteritis,A09,menular,780,Historis (Observasi)
3526,Kabupaten Bangkalan,2024,Q1,2024-Q1,rawat_jalan,Hipertensi Esensial,I10,tidak_menular,1594,Historis (Observasi)
3526,Kabupaten Bangkalan,2024,Q1,2024-Q1,rawat_jalan,Diabetes Melitus Tipe 2,E11,tidak_menular,515,Historis (Observasi)
3526,Kabupaten Bangkalan,2024,Q1,2024-Q1,rawat_inap,Pneumonia,J18,menular,345,Historis (Observasi)
3526,Kabupaten Bangkalan,2024,Q1,2024-Q1,rawat_jalan,Demam Tifoid,A01,menular,479,Historis (Observasi)
3526,Kabupaten Bangkalan,2024,Q1,2024-Q1,rawat_inap,Penyakit Jantung Iskemik,I25,tidak_menular,382,Historis (Observasi)
3526,Kabupaten Bangkalan,2024,Q1,2024-Q1,rawat_jalan,Gastritis dan Duodenitis,K29,tidak_menular,561,Historis (Observasi)
3526,Kabupaten Bangkalan,2024,Q2,2024-Q2,rawat_jalan,Infeksi Saluran Pernapasan Akut (ISPA),J06,menular,1299,Historis (Observasi)
3526,Kabupaten Bangkalan,2024,Q2,2024-Q2,rawat_inap,Demam Berdarah Dengue (DBD),A90,menular,503,Historis (Observasi)
3526,Kabupaten Bangkalan,2024,Q2,2024-Q2,rawat_inap,Tuberkulosis Paru (TB),A15,menular,197,Historis (Observasi)
3526,Kabupaten Bangkalan,2024,Q2,2024-Q2,rawat_jalan,Diare dan Gastroenteritis,A09,menular,772,Historis (Observasi)
3526,Kabupaten Bangkalan,2024,Q2,2024-Q2,rawat_jalan,Hipertensi Esensial,I10,tidak_menular,1364,Historis (Observasi)
3526,Kabupaten Bangkalan,2024,Q2,2024-Q2,rawat_jalan,Diabetes Melitus Tipe 2,E11,tidak_menular,825,Historis (Observasi)
3526,Kabupaten Bangkalan,2024,Q2,2024-Q2,rawat_inap,Pneumonia,J18,menular,320,Historis (Observasi)
3526,Kabupaten Bangkalan,2024,Q2,2024-Q2,rawat_jalan,Demam Tifoid,A01,menular,361,Historis (Observasi)
3526,Kabupaten Bangkalan,2024,Q2,2024-Q2,rawat_inap,Penyakit Jantung Iskemik,I25,tidak_menular,199,Historis (Observasi)
3526,Kabupaten Bangkalan,2024,Q2,2024-Q2,rawat_jalan,Gastritis dan Duodenitis,K29,tidak_menular,893,Historis (Observasi)
3526,Kabupaten Bangkalan,2024,Q3,2024-Q3,rawat_jalan,Infeksi Saluran Pernapasan Akut (ISPA),J06,menular,1913,Historis (Observasi)
3526,Kabupaten Bangkalan,2024,Q3,2024-Q3,rawat_inap,Demam Berdarah Dengue (DBD),A90,menular,374,Historis (Observasi)
3526,Kabupaten Bangkalan,2024,Q3,2024-Q3,rawat_inap,Tuberkulosis Paru (TB),A15,menular,168,Historis (Observasi)
3526,Kabupaten Bangkalan,2024,Q3,2024-Q3,rawat_jalan,Diare dan Gastroenteritis,A09,menular,787,Historis (Observasi)
3526,Kabupaten Bangkalan,2024,Q3,2024-Q3,rawat_jalan,Hipertensi Esensial,I10,tidak_menular,969,Historis (Observasi)
3526,Kabupaten Bangkalan,2024,Q3,2024-Q3,rawat_jalan,Diabetes Melitus Tipe 2,E11,tidak_menular,873,Historis (Observasi)
3526,Kabupaten Bangkalan,2024,Q3,2024-Q3,rawat_inap,Pneumonia,J18,menular,215,Historis (Observasi)
3526,Kabupaten Bangkalan,2024,Q3,2024-Q3,rawat_jalan,Demam Tifoid,A01,menular,411,Historis (Observasi)
3526,Kabupaten Bangkalan,2024,Q3,2024-Q3,rawat_inap,Penyakit Jantung Iskemik,I25,tidak_menular,197,Historis (Observasi)
3526,Kabupaten Bangkalan,2024,Q3,2024-Q3,rawat_jalan,Gastritis dan Duodenitis,K29,tidak_menular,901,Historis (Observasi)
3526,Kabupaten Bangkalan,2024,Q4,2024-Q4,rawat_jalan,Infeksi Saluran Pernapasan Akut (ISPA),J06,menular,1007,Historis (Observasi)
3526,Kabupaten Bangkalan,2024,Q4,2024-Q4,rawat_inap,Demam Berdarah Dengue (DBD),A90,menular,269,Historis (Observasi)
3526,Kabupaten Bangkalan,2024,Q4,2024-Q4,rawat_inap,Tuberkulosis Paru (TB),A15,menular,341,Historis (Observasi)
3526,Kabupaten Bangkalan,2024,Q4,2024-Q4,rawat_jalan,Diare dan Gastroenteritis,A09,menular,816,Historis (Observasi)
3526,Kabupaten Bangkalan,2024,Q4,2024-Q4,rawat_jalan,Hipertensi Esensial,I10,tidak_menular,995,Historis (Observasi)
3526,Kabupaten Bangkalan,2024,Q4,2024-Q4,rawat_jalan,Diabetes Melitus Tipe 2,E11,tidak_menular,684,Historis (Observasi)
3526,Kabupaten Bangkalan,2024,Q4,2024-Q4,rawat_inap,Pneumonia,J18,menular,148,Historis (Observasi)
3526,Kabupaten Bangkalan,2024,Q4,2024-Q4,rawat_jalan,Demam Tifoid,A01,menular,428,Historis (Observasi)
3526,Kabupaten Bangkalan,2024,Q4,2024-Q4,rawat_inap,Penyakit Jantung Iskemik,I25,tidak_menular,331,Historis (Observasi)
3526,Kabupaten Bangkalan,2024,Q4,2024-Q4,rawat_jalan,Gastritis dan Duodenitis,K29,tidak_menular,744,Historis (Observasi)
3527,Kabupaten Sampang,2024,Q1,2024-Q1,rawat_jalan,Infeksi Saluran Pernapasan Akut (ISPA),J06,menular,1286,Historis (Observasi)
3527,Kabupaten Sampang,2024,Q1,2024-Q1,rawat_inap,Demam Berdarah Dengue (DBD),A90,menular,245,Historis (Observasi)
3527,Kabupaten Sampang,2024,Q1,2024-Q1,rawat_inap,Tuberkulosis Paru (TB),A15,menular,174,Historis (Observasi)
3527,Kabupaten Sampang,2024,Q1,2024-Q1,rawat_jalan,Diare dan Gastroenteritis,A09,menular,899,Historis (Observasi)
3527,Kabupaten Sampang,2024,Q1,2024-Q1,rawat_jalan,Hipertensi Esensial,I10,tidak_menular,847,Historis (Observasi)
3527,Kabupaten Sampang,2024,Q1,2024-Q1,rawat_jalan,Diabetes Melitus Tipe 2,E11,tidak_menular,448,Historis (Observasi)
3527,Kabupaten Sampang,2024,Q1,2024-Q1,rawat_inap,Pneumonia,J18,menular,136,Historis (Observasi)
3527,Kabupaten Sampang,2024,Q1,2024-Q1,rawat_jalan,Demam Tifoid,A01,menular,401,Historis (Observasi)
3527,Kabupaten Sampang,2024,Q1,2024-Q1,rawat_inap,Penyakit Jantung Iskemik,I25,tidak_menular,239,Historis (Observasi)
3527,Kabupaten Sampang,2024,Q1,2024-Q1,rawat_jalan,Gastritis dan Duodenitis,K29,tidak_menular,542,Historis (Observasi)
3527,Kabupaten Sampang,2024,Q2,2024-Q2,rawat_jalan,Infeksi Saluran Pernapasan Akut (ISPA),J06,menular,941,Historis (Observasi)
3527,Kabupaten Sampang,2024,Q2,2024-Q2,rawat_inap,Demam Berdarah Dengue (DBD),A90,menular,347,Historis (Observasi)
3527,Kabupaten Sampang,2024,Q2,2024-Q2,rawat_inap,Tuberkulosis Paru (TB),A15,menular,336,Historis (Observasi)
3527,Kabupaten Sampang,2024,Q2,2024-Q2,rawat_jalan,Diare dan Gastroenteritis,A09,menular,753,Historis (Observasi)
3527,Kabupaten Sampang,2024,Q2,2024-Q2,rawat_jalan,Hipertensi Esensial,I10,tidak_menular,980,Historis (Observasi)
3527,Kabupaten Sampang,2024,Q2,2024-Q2,rawat_jalan,Diabetes Melitus Tipe 2,E11,tidak_menular,1052,Historis (Observasi)
3527,Kabupaten Sampang,2024,Q2,2024-Q2,rawat_inap,Pneumonia,J18,menular,152,Historis (Observasi)
3527,Kabupaten Sampang,2024,Q2,2024-Q2,rawat_jalan,Demam Tifoid,A01,menular,220,Historis (Observasi)
3527,Kabupaten Sampang,2024,Q2,2024-Q2,rawat_inap,Penyakit Jantung Iskemik,I25,tidak_menular,341,Historis (Observasi)
3527,Kabupaten Sampang,2024,Q2,2024-Q2,rawat_jalan,Gastritis dan Duodenitis,K29,tidak_menular,353,Historis (Observasi)
3527,Kabupaten Sampang,2024,Q3,2024-Q3,rawat_jalan,Infeksi Saluran Pernapasan Akut (ISPA),J06,menular,1393,Historis (Observasi)
3527,Kabupaten Sampang,2024,Q3,2024-Q3,rawat_inap,Demam Berdarah Dengue (DBD),A90,menular,157,Historis (Observasi)
3527,Kabupaten Sampang,2024,Q3,2024-Q3,rawat_inap,Tuberkulosis Paru (TB),A15,menular,202,Historis (Observasi)
3527,Kabupaten Sampang,2024,Q3,2024-Q3,rawat_jalan,Diare dan Gastroenteritis,A09,menular,753,Historis (Observasi)
3527,Kabupaten Sampang,2024,Q3,2024-Q3,rawat_jalan,Hipertensi Esensial,I10,tidak_menular,1268,Historis (Observasi)
3527,Kabupaten Sampang,2024,Q3,2024-Q3,rawat_jalan,Diabetes Melitus Tipe 2,E11,tidak_menular,840,Historis (Observasi)
3527,Kabupaten Sampang,2024,Q3,2024-Q3,rawat_inap,Pneumonia,J18,menular,280,Historis (Observasi)
3527,Kabupaten Sampang,2024,Q3,2024-Q3,rawat_jalan,Demam Tifoid,A01,menular,481,Historis (Observasi)
3527,Kabupaten Sampang,2024,Q3,2024-Q3,rawat_inap,Penyakit Jantung Iskemik,I25,tidak_menular,352,Historis (Observasi)
3527,Kabupaten Sampang,2024,Q3,2024-Q3,rawat_jalan,Gastritis dan Duodenitis,K29,tidak_menular,496,Historis (Observasi)
3527,Kabupaten Sampang,2024,Q4,2024-Q4,rawat_jalan,Infeksi Saluran Pernapasan Akut (ISPA),J06,menular,1430,Historis (Observasi)
3527,Kabupaten Sampang,2024,Q4,2024-Q4,rawat_inap,Demam Berdarah Dengue (DBD),A90,menular,230,Historis (Observasi)
3527,Kabupaten Sampang,2024,Q4,2024-Q4,rawat_inap,Tuberkulosis Paru (TB),A15,menular,103,Historis (Observasi)
3527,Kabupaten Sampang,2024,Q4,2024-Q4,rawat_jalan,Diare dan Gastroenteritis,A09,menular,747,Historis (Observasi)
3527,Kabupaten Sampang,2024,Q4,2024-Q4,rawat_jalan,Hipertensi Esensial,I10,tidak_menular,1543,Historis (Observasi)
3527,Kabupaten Sampang,2024,Q4,2024-Q4,rawat_jalan,Diabetes Melitus Tipe 2,E11,tidak_menular,1063,Historis (Observasi)
3527,Kabupaten Sampang,2024,Q4,2024-Q4,rawat_inap,Pneumonia,J18,menular,240,Historis (Observasi)
3527,Kabupaten Sampang,2024,Q4,2024-Q4,rawat_jalan,Demam Tifoid,A01,menular,215,Historis (Observasi)
3527,Kabupaten Sampang,2024,Q4,2024-Q4,rawat_inap,Penyakit Jantung Iskemik,I25,tidak_menular,389,Historis (Observasi)
3527,Kabupaten Sampang,2024,Q4,2024-Q4,rawat_jalan,Gastritis dan Duodenitis,K29,tidak_menular,482,Historis (Observasi)
3528,Kabupaten Pamekasan,2024,Q1,2024-Q1,rawat_jalan,Infeksi Saluran Pernapasan Akut (ISPA),J06,menular,1264,Historis (Observasi)
3528,Kabupaten Pamekasan,2024,Q1,2024-Q1,rawat_inap,Demam Berdarah Dengue (DBD),A90,menular,273,Historis (Observasi)
3528,Kabupaten Pamekasan,2024,Q1,2024-Q1,rawat_inap,Tuberkulosis Paru (TB),A15,menular,376,Historis (Observasi)
3528,Kabupaten Pamekasan,2024,Q1,2024-Q1,rawat_jalan,Diare dan Gastroenteritis,A09,menular,718,Historis (Observasi)
3528,Kabupaten Pamekasan,2024,Q1,2024-Q1,rawat_jalan,Hipertensi Esensial,I10,tidak_menular,1121,Historis (Observasi)
3528,Kabupaten Pamekasan,2024,Q1,2024-Q1,rawat_jalan,Diabetes Melitus Tipe 2,E11,tidak_menular,892,Historis (Observasi)
3528,Kabupaten Pamekasan,2024,Q1,2024-Q1,rawat_inap,Pneumonia,J18,menular,271,Historis (Observasi)
3528,Kabupaten Pamekasan,2024,Q1,2024-Q1,rawat_jalan,Demam Tifoid,A01,menular,198,Historis (Observasi)
3528,Kabupaten Pamekasan,2024,Q1,2024-Q1,rawat_inap,Penyakit Jantung Iskemik,I25,tidak_menular,322,Historis (Observasi)
3528,Kabupaten Pamekasan,2024,Q1,2024-Q1,rawat_jalan,Gastritis dan Duodenitis,K29,tidak_menular,756,Historis (Observasi)
3528,Kabupaten Pamekasan,2024,Q2,2024-Q2,rawat_jalan,Infeksi Saluran Pernapasan Akut (ISPA),J06,menular,1314,Historis (Observasi)
3528,Kabupaten Pamekasan,2024,Q2,2024-Q2,rawat_inap,Demam Berdarah Dengue (DBD),A90,menular,190,Historis (Observasi)
3528,Kabupaten Pamekasan,2024,Q2,2024-Q2,rawat_inap,Tuberkulosis Paru (TB),A15,menular,337,Historis (Observasi)
3528,Kabupaten Pamekasan,2024,Q2,2024-Q2,rawat_jalan,Diare dan Gastroenteritis,A09,menular,365,Historis (Observasi)
3528,Kabupaten Pamekasan,2024,Q2,2024-Q2,rawat_jalan,Hipertensi Esensial,I10,tidak_menular,1050,Historis (Observasi)
3528,Kabupaten Pamekasan,2024,Q2,2024-Q2,rawat_jalan,Diabetes Melitus Tipe 2,E11,tidak_menular,1017,Historis (Observasi)
3528,Kabupaten Pamekasan,2024,Q2,2024-Q2,rawat_inap,Pneumonia,J18,menular,239,Historis (Observasi)
3528,Kabupaten Pamekasan,2024,Q2,2024-Q2,rawat_jalan,Demam Tifoid,A01,menular,285,Historis (Observasi)
3528,Kabupaten Pamekasan,2024,Q2,2024-Q2,rawat_inap,Penyakit Jantung Iskemik,I25,tidak_menular,217,Historis (Observasi)
3528,Kabupaten Pamekasan,2024,Q2,2024-Q2,rawat_jalan,Gastritis dan Duodenitis,K29,tidak_menular,448,Historis (Observasi)
3528,Kabupaten Pamekasan,2024,Q3,2024-Q3,rawat_jalan,Infeksi Saluran Pernapasan Akut (ISPA),J06,menular,1696,Historis (Observasi)
3528,Kabupaten Pamekasan,2024,Q3,2024-Q3,rawat_inap,Demam Berdarah Dengue (DBD),A90,menular,209,Historis (Observasi)
3528,Kabupaten Pamekasan,2024,Q3,2024-Q3,rawat_inap,Tuberkulosis Paru (TB),A15,menular,142,Historis (Observasi)
3528,Kabupaten Pamekasan,2024,Q3,2024-Q3,rawat_jalan,Diare dan Gastroenteritis,A09,menular,892,Historis (Observasi)
3528,Kabupaten Pamekasan,2024,Q3,2024-Q3,rawat_jalan,Hipertensi Esensial,I10,tidak_menular,908,Historis (Observasi)
3528,Kabupaten Pamekasan,2024,Q3,2024-Q3,rawat_jalan,Diabetes Melitus Tipe 2,E11,tidak_menular,930,Historis (Observasi)
3528,Kabupaten Pamekasan,2024,Q3,2024-Q3,rawat_inap,Pneumonia,J18,menular,155,Historis (Observasi)
3528,Kabupaten Pamekasan,2024,Q3,2024-Q3,rawat_jalan,Demam Tifoid,A01,menular,221,Historis (Observasi)
3528,Kabupaten Pamekasan,2024,Q3,2024-Q3,rawat_inap,Penyakit Jantung Iskemik,I25,tidak_menular,335,Historis (Observasi)
3528,Kabupaten Pamekasan,2024,Q3,2024-Q3,rawat_jalan,Gastritis dan Duodenitis,K29,tidak_menular,617,Historis (Observasi)
3528,Kabupaten Pamekasan,2024,Q4,2024-Q4,rawat_jalan,Infeksi Saluran Pernapasan Akut (ISPA),J06,menular,959,Historis (Observasi)
3528,Kabupaten Pamekasan,2024,Q4,2024-Q4,rawat_inap,Demam Berdarah Dengue (DBD),A90,menular,489,Historis (Observasi)
3528,Kabupaten Pamekasan,2024,Q4,2024-Q4,rawat_inap,Tuberkulosis Paru (TB),A15,menular,372,Historis (Observasi)
3528,Kabupaten Pamekasan,2024,Q4,2024-Q4,rawat_jalan,Diare dan Gastroenteritis,A09,menular,685,Historis (Observasi)
3528,Kabupaten Pamekasan,2024,Q4,2024-Q4,rawat_jalan,Hipertensi Esensial,I10,tidak_menular,829,Historis (Observasi)
3528,Kabupaten Pamekasan,2024,Q4,2024-Q4,rawat_jalan,Diabetes Melitus Tipe 2,E11,tidak_menular,431,Historis (Observasi)
3528,Kabupaten Pamekasan,2024,Q4,2024-Q4,rawat_inap,Pneumonia,J18,menular,248,Historis (Observasi)
3528,Kabupaten Pamekasan,2024,Q4,2024-Q4,rawat_jalan,Demam Tifoid,A01,menular,417,Historis (Observasi)
3528,Kabupaten Pamekasan,2024,Q4,2024-Q4,rawat_inap,Penyakit Jantung Iskemik,I25,tidak_menular,355,Historis (Observasi)
3528,Kabupaten Pamekasan,2024,Q4,2024-Q4,rawat_jalan,Gastritis dan Duodenitis,K29,tidak_menular,327,Historis (Observasi)
3529,Kabupaten Sumenep,2024,Q1,2024-Q1,rawat_jalan,Infeksi Saluran Pernapasan Akut (ISPA),J06,menular,2050,Historis (Observasi)
3529,Kabupaten Sumenep,2024,Q1,2024-Q1,rawat_inap,Demam Berdarah Dengue (DBD),A90,menular,614,Historis (Observasi)
3529,Kabupaten Sumenep,2024,Q1,2024-Q1,rawat_inap,Tuberkulosis Paru (TB),A15,menular,499,Historis (Observasi)
3529,Kabupaten Sumenep,2024,Q1,2024-Q1,rawat_jalan,Diare dan Gastroenteritis,A09,menular,575,Historis (Observasi)
3529,Kabupaten Sumenep,2024,Q1,2024-Q1,rawat_jalan,Hipertensi Esensial,I10,tidak_menular,1157,Historis (Observasi)
3529,Kabupaten Sumenep,2024,Q1,2024-Q1,rawat_jalan,Diabetes Melitus Tipe 2,E11,tidak_menular,937,Historis (Observasi)
3529,Kabupaten Sumenep,2024,Q1,2024-Q1,rawat_inap,Pneumonia,J18,menular,146,Historis (Observasi)
3529,Kabupaten Sumenep,2024,Q1,2024-Q1,rawat_jalan,Demam Tifoid,A01,menular,228,Historis (Observasi)
3529,Kabupaten Sumenep,2024,Q1,2024-Q1,rawat_inap,Penyakit Jantung Iskemik,I25,tidak_menular,478,Historis (Observasi)
3529,Kabupaten Sumenep,2024,Q1,2024-Q1,rawat_jalan,Gastritis dan Duodenitis,K29,tidak_menular,550,Historis (Observasi)
3529,Kabupaten Sumenep,2024,Q2,2024-Q2,rawat_jalan,Infeksi Saluran Pernapasan Akut (ISPA),J06,menular,913,Historis (Observasi)
3529,Kabupaten Sumenep,2024,Q2,2024-Q2,rawat_inap,Demam Berdarah Dengue (DBD),A90,menular,652,Historis (Observasi)
3529,Kabupaten Sumenep,2024,Q2,2024-Q2,rawat_inap,Tuberkulosis Paru (TB),A15,menular,444,Historis (Observasi)
3529,Kabupaten Sumenep,2024,Q2,2024-Q2,rawat_jalan,Diare dan Gastroenteritis,A09,menular,1046,Historis (Observasi)
3529,Kabupaten Sumenep,2024,Q2,2024-Q2,rawat_jalan,Hipertensi Esensial,I10,tidak_menular,1722,Historis (Observasi)
3529,Kabupaten Sumenep,2024,Q2,2024-Q2,rawat_jalan,Diabetes Melitus Tipe 2,E11,tidak_menular,910,Historis (Observasi)
3529,Kabupaten Sumenep,2024,Q2,2024-Q2,rawat_inap,Pneumonia,J18,menular,268,Historis (Observasi)
3529,Kabupaten Sumenep,2024,Q2,2024-Q2,rawat_jalan,Demam Tifoid,A01,menular,350,Historis (Observasi)
3529,Kabupaten Sumenep,2024,Q2,2024-Q2,rawat_inap,Penyakit Jantung Iskemik,I25,tidak_menular,330,Historis (Observasi)
3529,Kabupaten Sumenep,2024,Q2,2024-Q2,rawat_jalan,Gastritis dan Duodenitis,K29,tidak_menular,675,Historis (Observasi)
3529,Kabupaten Sumenep,2024,Q3,2024-Q3,rawat_jalan,Infeksi Saluran Pernapasan Akut (ISPA),J06,menular,2251,Historis (Observasi)
3529,Kabupaten Sumenep,2024,Q3,2024-Q3,rawat_inap,Demam Berdarah Dengue (DBD),A90,menular,285,Historis (Observasi)
3529,Kabupaten Sumenep,2024,Q3,2024-Q3,rawat_inap,Tuberkulosis Paru (TB),A15,menular,403,Historis (Observasi)
3529,Kabupaten Sumenep,2024,Q3,2024-Q3,rawat_jalan,Diare dan Gastroenteritis,A09,menular,730,Historis (Observasi)
3529,Kabupaten Sumenep,2024,Q3,2024-Q3,rawat_jalan,Hipertensi Esensial,I10,tidak_menular,1129,Historis (Observasi)
3529,Kabupaten Sumenep,2024,Q3,2024-Q3,rawat_jalan,Diabetes Melitus Tipe 2,E11,tidak_menular,812,Historis (Observasi)
3529,Kabupaten Sumenep,2024,Q3,2024-Q3,rawat_inap,Pneumonia,J18,menular,243,Historis (Observasi)
3529,Kabupaten Sumenep,2024,Q3,2024-Q3,rawat_jalan,Demam Tifoid,A01,menular,351,Historis (Observasi)
3529,Kabupaten Sumenep,2024,Q3,2024-Q3,rawat_inap,Penyakit Jantung Iskemik,I25,tidak_menular,253,Historis (Observasi)
3529,Kabupaten Sumenep,2024,Q3,2024-Q3,rawat_jalan,Gastritis dan Duodenitis,K29,tidak_menular,604,Historis (Observasi)
3529,Kabupaten Sumenep,2024,Q4,2024-Q4,rawat_jalan,Infeksi Saluran Pernapasan Akut (ISPA),J06,menular,1616,Historis (Observasi)
3529,Kabupaten Sumenep,2024,Q4,2024-Q4,rawat_inap,Demam Berdarah Dengue (DBD),A90,menular,324,Historis (Observasi)
3529,Kabupaten Sumenep,2024,Q4,2024-Q4,rawat_inap,Tuberkulosis Paru (TB),A15,menular,476,Historis (Observasi)
3529,Kabupaten Sumenep,2024,Q4,2024-Q4,rawat_jalan,Diare dan Gastroenteritis,A09,menular,826,Historis (Observasi)
3529,Kabupaten Sumenep,2024,Q4,2024-Q4,rawat_jalan,Hipertensi Esensial,I10,tidak_menular,1031,Historis (Observasi)
3529,Kabupaten Sumenep,2024,Q4,2024-Q4,rawat_jalan,Diabetes Melitus Tipe 2,E11,tidak_menular,1240,Historis (Observasi)
3529,Kabupaten Sumenep,2024,Q4,2024-Q4,rawat_inap,Pneumonia,J18,menular,203,Historis (Observasi)
3529,Kabupaten Sumenep,2024,Q4,2024-Q4,rawat_jalan,Demam Tifoid,A01,menular,269,Historis (Observasi)
3529,Kabupaten Sumenep,2024,Q4,2024-Q4,rawat_inap,Penyakit Jantung Iskemik,I25,tidak_menular,419,Historis (Observasi)
3529,Kabupaten Sumenep,2024,Q4,2024-Q4,rawat_jalan,Gastritis dan Duodenitis,K29,tidak_menular,998,Historis (Observasi)
3571,Kota Kediri,2024,Q1,2024-Q1,rawat_jalan,Infeksi Saluran Pernapasan Akut (ISPA),J06,menular,275,Historis (Observasi)
3571,Kota Kediri,2024,Q1,2024-Q1,rawat_inap,Demam Berdarah Dengue (DBD),A90,menular,59,Historis (Observasi)
3571,Kota Kediri,2024,Q1,2024-Q1,rawat_inap,Tuberkulosis Paru (TB),A15,menular,93,Historis (Observasi)
3571,Kota Kediri,2024,Q1,2024-Q1,rawat_jalan,Diare dan Gastroenteritis,A09,menular,235,Historis (Observasi)
3571,Kota Kediri,2024,Q1,2024-Q1,rawat_jalan,Hipertensi Esensial,I10,tidak_menular,450,Historis (Observasi)
3571,Kota Kediri,2024,Q1,2024-Q1,rawat_jalan,Diabetes Melitus Tipe 2,E11,tidak_menular,131,Historis (Observasi)
3571,Kota Kediri,2024,Q1,2024-Q1,rawat_inap,Pneumonia,J18,menular,71,Historis (Observasi)
3571,Kota Kediri,2024,Q1,2024-Q1,rawat_jalan,Demam Tifoid,A01,menular,120,Historis (Observasi)
3571,Kota Kediri,2024,Q1,2024-Q1,rawat_inap,Penyakit Jantung Iskemik,I25,tidak_menular,107,Historis (Observasi)
3571,Kota Kediri,2024,Q1,2024-Q1,rawat_jalan,Gastritis dan Duodenitis,K29,tidak_menular,184,Historis (Observasi)
3571,Kota Kediri,2024,Q2,2024-Q2,rawat_jalan,Infeksi Saluran Pernapasan Akut (ISPA),J06,menular,520,Historis (Observasi)
3571,Kota Kediri,2024,Q2,2024-Q2,rawat_inap,Demam Berdarah Dengue (DBD),A90,menular,45,Historis (Observasi)
3571,Kota Kediri,2024,Q2,2024-Q2,rawat_inap,Tuberkulosis Paru (TB),A15,menular,68,Historis (Observasi)
3571,Kota Kediri,2024,Q2,2024-Q2,rawat_jalan,Diare dan Gastroenteritis,A09,menular,143,Historis (Observasi)
3571,Kota Kediri,2024,Q2,2024-Q2,rawat_jalan,Hipertensi Esensial,I10,tidak_menular,479,Historis (Observasi)
3571,Kota Kediri,2024,Q2,2024-Q2,rawat_jalan,Diabetes Melitus Tipe 2,E11,tidak_menular,246,Historis (Observasi)
3571,Kota Kediri,2024,Q2,2024-Q2,rawat_inap,Pneumonia,J18,menular,71,Historis (Observasi)
3571,Kota Kediri,2024,Q2,2024-Q2,rawat_jalan,Demam Tifoid,A01,menular,79,Historis (Observasi)
3571,Kota Kediri,2024,Q2,2024-Q2,rawat_inap,Penyakit Jantung Iskemik,I25,tidak_menular,129,Historis (Observasi)
3571,Kota Kediri,2024,Q2,2024-Q2,rawat_jalan,Gastritis dan Duodenitis,K29,tidak_menular,225,Historis (Observasi)
3571,Kota Kediri,2024,Q3,2024-Q3,rawat_jalan,Infeksi Saluran Pernapasan Akut (ISPA),J06,menular,309,Historis (Observasi)
3571,Kota Kediri,2024,Q3,2024-Q3,rawat_inap,Demam Berdarah Dengue (DBD),A90,menular,152,Historis (Observasi)
3571,Kota Kediri,2024,Q3,2024-Q3,rawat_inap,Tuberkulosis Paru (TB),A15,menular,84,Historis (Observasi)
3571,Kota Kediri,2024,Q3,2024-Q3,rawat_jalan,Diare dan Gastroenteritis,A09,menular,251,Historis (Observasi)
3571,Kota Kediri,2024,Q3,2024-Q3,rawat_jalan,Hipertensi Esensial,I10,tidak_menular,337,Historis (Observasi)
3571,Kota Kediri,2024,Q3,2024-Q3,rawat_jalan,Diabetes Melitus Tipe 2,E11,tidak_menular,276,Historis (Observasi)
3571,Kota Kediri,2024,Q3,2024-Q3,rawat_inap,Pneumonia,J18,menular,45,Historis (Observasi)
3571,Kota Kediri,2024,Q3,2024-Q3,rawat_jalan,Demam Tifoid,A01,menular,133,Historis (Observasi)
3571,Kota Kediri,2024,Q3,2024-Q3,rawat_inap,Penyakit Jantung Iskemik,I25,tidak_menular,63,Historis (Observasi)
3571,Kota Kediri,2024,Q3,2024-Q3,rawat_jalan,Gastritis dan Duodenitis,K29,tidak_menular,158,Historis (Observasi)
3571,Kota Kediri,2024,Q4,2024-Q4,rawat_jalan,Infeksi Saluran Pernapasan Akut (ISPA),J06,menular,445,Historis (Observasi)
3571,Kota Kediri,2024,Q4,2024-Q4,rawat_inap,Demam Berdarah Dengue (DBD),A90,menular,88,Historis (Observasi)
3571,Kota Kediri,2024,Q4,2024-Q4,rawat_inap,Tuberkulosis Paru (TB),A15,menular,93,Historis (Observasi)
3571,Kota Kediri,2024,Q4,2024-Q4,rawat_jalan,Diare dan Gastroenteritis,A09,menular,189,Historis (Observasi)
3571,Kota Kediri,2024,Q4,2024-Q4,rawat_jalan,Hipertensi Esensial,I10,tidak_menular,504,Historis (Observasi)
3571,Kota Kediri,2024,Q4,2024-Q4,rawat_jalan,Diabetes Melitus Tipe 2,E11,tidak_menular,136,Historis (Observasi)
3571,Kota Kediri,2024,Q4,2024-Q4,rawat_inap,Pneumonia,J18,menular,92,Historis (Observasi)
3571,Kota Kediri,2024,Q4,2024-Q4,rawat_jalan,Demam Tifoid,A01,menular,73,Historis (Observasi)
3571,Kota Kediri,2024,Q4,2024-Q4,rawat_inap,Penyakit Jantung Iskemik,I25,tidak_menular,55,Historis (Observasi)
3571,Kota Kediri,2024,Q4,2024-Q4,rawat_jalan,Gastritis dan Duodenitis,K29,tidak_menular,257,Historis (Observasi)
3572,Kota Blitar,2024,Q1,2024-Q1,rawat_jalan,Infeksi Saluran Pernapasan Akut (ISPA),J06,menular,161,Historis (Observasi)
3572,Kota Blitar,2024,Q1,2024-Q1,rawat_inap,Demam Berdarah Dengue (DBD),A90,menular,66,Historis (Observasi)
3572,Kota Blitar,2024,Q1,2024-Q1,rawat_inap,Tuberkulosis Paru (TB),A15,menular,56,Historis (Observasi)
3572,Kota Blitar,2024,Q1,2024-Q1,rawat_jalan,Diare dan Gastroenteritis,A09,menular,157,Historis (Observasi)
3572,Kota Blitar,2024,Q1,2024-Q1,rawat_jalan,Hipertensi Esensial,I10,tidak_menular,154,Historis (Observasi)
3572,Kota Blitar,2024,Q1,2024-Q1,rawat_jalan,Diabetes Melitus Tipe 2,E11,tidak_menular,89,Historis (Observasi)
3572,Kota Blitar,2024,Q1,2024-Q1,rawat_inap,Pneumonia,J18,menular,28,Historis (Observasi)
3572,Kota Blitar,2024,Q1,2024-Q1,rawat_jalan,Demam Tifoid,A01,menular,41,Historis (Observasi)
3572,Kota Blitar,2024,Q1,2024-Q1,rawat_inap,Penyakit Jantung Iskemik,I25,tidak_menular,38,Historis (Observasi)
3572,Kota Blitar,2024,Q1,2024-Q1,rawat_jalan,Gastritis dan Duodenitis,K29,tidak_menular,117,Historis (Observasi)
3572,Kota Blitar,2024,Q2,2024-Q2,rawat_jalan,Infeksi Saluran Pernapasan Akut (ISPA),J06,menular,193,Historis (Observasi)
3572,Kota Blitar,2024,Q2,2024-Q2,rawat_inap,Demam Berdarah Dengue (DBD),A90,menular,66,Historis (Observasi)
3572,Kota Blitar,2024,Q2,2024-Q2,rawat_inap,Tuberkulosis Paru (TB),A15,menular,44,Historis (Observasi)
3572,Kota Blitar,2024,Q2,2024-Q2,rawat_jalan,Diare dan Gastroenteritis,A09,menular,117,Historis (Observasi)
3572,Kota Blitar,2024,Q2,2024-Q2,rawat_jalan,Hipertensi Esensial,I10,tidak_menular,243,Historis (Observasi)
3572,Kota Blitar,2024,Q2,2024-Q2,rawat_jalan,Diabetes Melitus Tipe 2,E11,tidak_menular,162,Historis (Observasi)
3572,Kota Blitar,2024,Q2,2024-Q2,rawat_inap,Pneumonia,J18,menular,32,Historis (Observasi)
3572,Kota Blitar,2024,Q2,2024-Q2,rawat_jalan,Demam Tifoid,A01,menular,44,Historis (Observasi)
3572,Kota Blitar,2024,Q2,2024-Q2,rawat_inap,Penyakit Jantung Iskemik,I25,tidak_menular,64,Historis (Observasi)
3572,Kota Blitar,2024,Q2,2024-Q2,rawat_jalan,Gastritis dan Duodenitis,K29,tidak_menular,126,Historis (Observasi)
3572,Kota Blitar,2024,Q3,2024-Q3,rawat_jalan,Infeksi Saluran Pernapasan Akut (ISPA),J06,menular,170,Historis (Observasi)
3572,Kota Blitar,2024,Q3,2024-Q3,rawat_inap,Demam Berdarah Dengue (DBD),A90,menular,49,Historis (Observasi)
3572,Kota Blitar,2024,Q3,2024-Q3,rawat_inap,Tuberkulosis Paru (TB),A15,menular,45,Historis (Observasi)
3572,Kota Blitar,2024,Q3,2024-Q3,rawat_jalan,Diare dan Gastroenteritis,A09,menular,96,Historis (Observasi)
3572,Kota Blitar,2024,Q3,2024-Q3,rawat_jalan,Hipertensi Esensial,I10,tidak_menular,214,Historis (Observasi)
3572,Kota Blitar,2024,Q3,2024-Q3,rawat_jalan,Diabetes Melitus Tipe 2,E11,tidak_menular,140,Historis (Observasi)
3572,Kota Blitar,2024,Q3,2024-Q3,rawat_inap,Pneumonia,J18,menular,21,Historis (Observasi)
3572,Kota Blitar,2024,Q3,2024-Q3,rawat_jalan,Demam Tifoid,A01,menular,65,Historis (Observasi)
3572,Kota Blitar,2024,Q3,2024-Q3,rawat_inap,Penyakit Jantung Iskemik,I25,tidak_menular,61,Historis (Observasi)
3572,Kota Blitar,2024,Q3,2024-Q3,rawat_jalan,Gastritis dan Duodenitis,K29,tidak_menular,112,Historis (Observasi)
3572,Kota Blitar,2024,Q4,2024-Q4,rawat_jalan,Infeksi Saluran Pernapasan Akut (ISPA),J06,menular,136,Historis (Observasi)
3572,Kota Blitar,2024,Q4,2024-Q4,rawat_inap,Demam Berdarah Dengue (DBD),A90,menular,45,Historis (Observasi)
3572,Kota Blitar,2024,Q4,2024-Q4,rawat_inap,Tuberkulosis Paru (TB),A15,menular,58,Historis (Observasi)
3572,Kota Blitar,2024,Q4,2024-Q4,rawat_jalan,Diare dan Gastroenteritis,A09,menular,148,Historis (Observasi)
3572,Kota Blitar,2024,Q4,2024-Q4,rawat_jalan,Hipertensi Esensial,I10,tidak_menular,134,Historis (Observasi)
3572,Kota Blitar,2024,Q4,2024-Q4,rawat_jalan,Diabetes Melitus Tipe 2,E11,tidak_menular,163,Historis (Observasi)
3572,Kota Blitar,2024,Q4,2024-Q4,rawat_inap,Pneumonia,J18,menular,18,Historis (Observasi)
3572,Kota Blitar,2024,Q4,2024-Q4,rawat_jalan,Demam Tifoid,A01,menular,32,Historis (Observasi)
3572,Kota Blitar,2024,Q4,2024-Q4,rawat_inap,Penyakit Jantung Iskemik,I25,tidak_menular,37,Historis (Observasi)
3572,Kota Blitar,2024,Q4,2024-Q4,rawat_jalan,Gastritis dan Duodenitis,K29,tidak_menular,79,Historis (Observasi)
3573,Kota Malang,2024,Q1,2024-Q1,rawat_jalan,Infeksi Saluran Pernapasan Akut (ISPA),J06,menular,777,Historis (Observasi)
3573,Kota Malang,2024,Q1,2024-Q1,rawat_inap,Demam Berdarah Dengue (DBD),A90,menular,331,Historis (Observasi)
3573,Kota Malang,2024,Q1,2024-Q1,rawat_inap,Tuberkulosis Paru (TB),A15,menular,249,Historis (Observasi)
3573,Kota Malang,2024,Q1,2024-Q1,rawat_jalan,Diare dan Gastroenteritis,A09,menular,666,Historis (Observasi)
3573,Kota Malang,2024,Q1,2024-Q1,rawat_jalan,Hipertensi Esensial,I10,tidak_menular,1264,Historis (Observasi)
3573,Kota Malang,2024,Q1,2024-Q1,rawat_jalan,Diabetes Melitus Tipe 2,E11,tidak_menular,648,Historis (Observasi)
3573,Kota Malang,2024,Q1,2024-Q1,rawat_inap,Pneumonia,J18,menular,248,Historis (Observasi)
3573,Kota Malang,2024,Q1,2024-Q1,rawat_jalan,Demam Tifoid,A01,menular,391,Historis (Observasi)
3573,Kota Malang,2024,Q1,2024-Q1,rawat_inap,Penyakit Jantung Iskemik,I25,tidak_menular,183,Historis (Observasi)
3573,Kota Malang,2024,Q1,2024-Q1,rawat_jalan,Gastritis dan Duodenitis,K29,tidak_menular,401,Historis (Observasi)
3573,Kota Malang,2024,Q2,2024-Q2,rawat_jalan,Infeksi Saluran Pernapasan Akut (ISPA),J06,menular,707,Historis (Observasi)
3573,Kota Malang,2024,Q2,2024-Q2,rawat_inap,Demam Berdarah Dengue (DBD),A90,menular,403,Historis (Observasi)
3573,Kota Malang,2024,Q2,2024-Q2,rawat_inap,Tuberkulosis Paru (TB),A15,menular,142,Historis (Observasi)
3573,Kota Malang,2024,Q2,2024-Q2,rawat_jalan,Diare dan Gastroenteritis,A09,menular,377,Historis (Observasi)
3573,Kota Malang,2024,Q2,2024-Q2,rawat_jalan,Hipertensi Esensial,I10,tidak_menular,834,Historis (Observasi)
3573,Kota Malang,2024,Q2,2024-Q2,rawat_jalan,Diabetes Melitus Tipe 2,E11,tidak_menular,849,Historis (Observasi)
3573,Kota Malang,2024,Q2,2024-Q2,rawat_inap,Pneumonia,J18,menular,192,Historis (Observasi)
3573,Kota Malang,2024,Q2,2024-Q2,rawat_jalan,Demam Tifoid,A01,menular,193,Historis (Observasi)
3573,Kota Malang,2024,Q2,2024-Q2,rawat_inap,Penyakit Jantung Iskemik,I25,tidak_menular,331,Historis (Observasi)
3573,Kota Malang,2024,Q2,2024-Q2,rawat_jalan,Gastritis dan Duodenitis,K29,tidak_menular,308,Historis (Observasi)
3573,Kota Malang,2024,Q3,2024-Q3,rawat_jalan,Infeksi Saluran Pernapasan Akut (ISPA),J06,menular,740,Historis (Observasi)
3573,Kota Malang,2024,Q3,2024-Q3,rawat_inap,Demam Berdarah Dengue (DBD),A90,menular,352,Historis (Observasi)
3573,Kota Malang,2024,Q3,2024-Q3,rawat_inap,Tuberkulosis Paru (TB),A15,menular,310,Historis (Observasi)
3573,Kota Malang,2024,Q3,2024-Q3,rawat_jalan,Diare dan Gastroenteritis,A09,menular,810,Historis (Observasi)
3573,Kota Malang,2024,Q3,2024-Q3,rawat_jalan,Hipertensi Esensial,I10,tidak_menular,1375,Historis (Observasi)
3573,Kota Malang,2024,Q3,2024-Q3,rawat_jalan,Diabetes Melitus Tipe 2,E11,tidak_menular,819,Historis (Observasi)
3573,Kota Malang,2024,Q3,2024-Q3,rawat_inap,Pneumonia,J18,menular,170,Historis (Observasi)
3573,Kota Malang,2024,Q3,2024-Q3,rawat_jalan,Demam Tifoid,A01,menular,308,Historis (Observasi)
3573,Kota Malang,2024,Q3,2024-Q3,rawat_inap,Penyakit Jantung Iskemik,I25,tidak_menular,312,Historis (Observasi)
3573,Kota Malang,2024,Q3,2024-Q3,rawat_jalan,Gastritis dan Duodenitis,K29,tidak_menular,341,Historis (Observasi)
3573,Kota Malang,2024,Q4,2024-Q4,rawat_jalan,Infeksi Saluran Pernapasan Akut (ISPA),J06,menular,1515,Historis (Observasi)
3573,Kota Malang,2024,Q4,2024-Q4,rawat_inap,Demam Berdarah Dengue (DBD),A90,menular,381,Historis (Observasi)
3573,Kota Malang,2024,Q4,2024-Q4,rawat_inap,Tuberkulosis Paru (TB),A15,menular,190,Historis (Observasi)
3573,Kota Malang,2024,Q4,2024-Q4,rawat_jalan,Diare dan Gastroenteritis,A09,menular,893,Historis (Observasi)
3573,Kota Malang,2024,Q4,2024-Q4,rawat_jalan,Hipertensi Esensial,I10,tidak_menular,1399,Historis (Observasi)
3573,Kota Malang,2024,Q4,2024-Q4,rawat_jalan,Diabetes Melitus Tipe 2,E11,tidak_menular,911,Historis (Observasi)
3573,Kota Malang,2024,Q4,2024-Q4,rawat_inap,Pneumonia,J18,menular,236,Historis (Observasi)
3573,Kota Malang,2024,Q4,2024-Q4,rawat_jalan,Demam Tifoid,A01,menular,337,Historis (Observasi)
3573,Kota Malang,2024,Q4,2024-Q4,rawat_inap,Penyakit Jantung Iskemik,I25,tidak_menular,322,Historis (Observasi)
3573,Kota Malang,2024,Q4,2024-Q4,rawat_jalan,Gastritis dan Duodenitis,K29,tidak_menular,716,Historis (Observasi)
3574,Kota Probolinggo,2024,Q1,2024-Q1,rawat_jalan,Infeksi Saluran Pernapasan Akut (ISPA),J06,menular,297,Historis (Observasi)
3574,Kota Probolinggo,2024,Q1,2024-Q1,rawat_inap,Demam Berdarah Dengue (DBD),A90,menular,51,Historis (Observasi)
3574,Kota Probolinggo,2024,Q1,2024-Q1,rawat_inap,Tuberkulosis Paru (TB),A15,menular,38,Historis (Observasi)
3574,Kota Probolinggo,2024,Q1,2024-Q1,rawat_jalan,Diare dan Gastroenteritis,A09,menular,243,Historis (Observasi)
3574,Kota Probolinggo,2024,Q1,2024-Q1,rawat_jalan,Hipertensi Esensial,I10,tidak_menular,252,Historis (Observasi)
3574,Kota Probolinggo,2024,Q1,2024-Q1,rawat_jalan,Diabetes Melitus Tipe 2,E11,tidak_menular,261,Historis (Observasi)
3574,Kota Probolinggo,2024,Q1,2024-Q1,rawat_inap,Pneumonia,J18,menular,83,Historis (Observasi)
3574,Kota Probolinggo,2024,Q1,2024-Q1,rawat_jalan,Demam Tifoid,A01,menular,72,Historis (Observasi)
3574,Kota Probolinggo,2024,Q1,2024-Q1,rawat_inap,Penyakit Jantung Iskemik,I25,tidak_menular,63,Historis (Observasi)
3574,Kota Probolinggo,2024,Q1,2024-Q1,rawat_jalan,Gastritis dan Duodenitis,K29,tidak_menular,100,Historis (Observasi)
3574,Kota Probolinggo,2024,Q2,2024-Q2,rawat_jalan,Infeksi Saluran Pernapasan Akut (ISPA),J06,menular,347,Historis (Observasi)
3574,Kota Probolinggo,2024,Q2,2024-Q2,rawat_inap,Demam Berdarah Dengue (DBD),A90,menular,56,Historis (Observasi)
3574,Kota Probolinggo,2024,Q2,2024-Q2,rawat_inap,Tuberkulosis Paru (TB),A15,menular,93,Historis (Observasi)
3574,Kota Probolinggo,2024,Q2,2024-Q2,rawat_jalan,Diare dan Gastroenteritis,A09,menular,105,Historis (Observasi)
3574,Kota Probolinggo,2024,Q2,2024-Q2,rawat_jalan,Hipertensi Esensial,I10,tidak_menular,337,Historis (Observasi)
3574,Kota Probolinggo,2024,Q2,2024-Q2,rawat_jalan,Diabetes Melitus Tipe 2,E11,tidak_menular,150,Historis (Observasi)
3574,Kota Probolinggo,2024,Q2,2024-Q2,rawat_inap,Pneumonia,J18,menular,81,Historis (Observasi)
3574,Kota Probolinggo,2024,Q2,2024-Q2,rawat_jalan,Demam Tifoid,A01,menular,70,Historis (Observasi)
3574,Kota Probolinggo,2024,Q2,2024-Q2,rawat_inap,Penyakit Jantung Iskemik,I25,tidak_menular,70,Historis (Observasi)
3574,Kota Probolinggo,2024,Q2,2024-Q2,rawat_jalan,Gastritis dan Duodenitis,K29,tidak_menular,125,Historis (Observasi)
3574,Kota Probolinggo,2024,Q3,2024-Q3,rawat_jalan,Infeksi Saluran Pernapasan Akut (ISPA),J06,menular,392,Historis (Observasi)
3574,Kota Probolinggo,2024,Q3,2024-Q3,rawat_inap,Demam Berdarah Dengue (DBD),A90,menular,78,Historis (Observasi)
3574,Kota Probolinggo,2024,Q3,2024-Q3,rawat_inap,Tuberkulosis Paru (TB),A15,menular,74,Historis (Observasi)
3574,Kota Probolinggo,2024,Q3,2024-Q3,rawat_jalan,Diare dan Gastroenteritis,A09,menular,143,Historis (Observasi)
3574,Kota Probolinggo,2024,Q3,2024-Q3,rawat_jalan,Hipertensi Esensial,I10,tidak_menular,219,Historis (Observasi)
3574,Kota Probolinggo,2024,Q3,2024-Q3,rawat_jalan,Diabetes Melitus Tipe 2,E11,tidak_menular,228,Historis (Observasi)
3574,Kota Probolinggo,2024,Q3,2024-Q3,rawat_inap,Pneumonia,J18,menular,81,Historis (Observasi)
3574,Kota Probolinggo,2024,Q3,2024-Q3,rawat_jalan,Demam Tifoid,A01,menular,114,Historis (Observasi)
3574,Kota Probolinggo,2024,Q3,2024-Q3,rawat_inap,Penyakit Jantung Iskemik,I25,tidak_menular,76,Historis (Observasi)
3574,Kota Probolinggo,2024,Q3,2024-Q3,rawat_jalan,Gastritis dan Duodenitis,K29,tidak_menular,100,Historis (Observasi)
3574,Kota Probolinggo,2024,Q4,2024-Q4,rawat_jalan,Infeksi Saluran Pernapasan Akut (ISPA),J06,menular,374,Historis (Observasi)
3574,Kota Probolinggo,2024,Q4,2024-Q4,rawat_inap,Demam Berdarah Dengue (DBD),A90,menular,136,Historis (Observasi)
3574,Kota Probolinggo,2024,Q4,2024-Q4,rawat_inap,Tuberkulosis Paru (TB),A15,menular,48,Historis (Observasi)
3574,Kota Probolinggo,2024,Q4,2024-Q4,rawat_jalan,Diare dan Gastroenteritis,A09,menular,154,Historis (Observasi)
3574,Kota Probolinggo,2024,Q4,2024-Q4,rawat_jalan,Hipertensi Esensial,I10,tidak_menular,352,Historis (Observasi)
3574,Kota Probolinggo,2024,Q4,2024-Q4,rawat_jalan,Diabetes Melitus Tipe 2,E11,tidak_menular,277,Historis (Observasi)
3574,Kota Probolinggo,2024,Q4,2024-Q4,rawat_inap,Pneumonia,J18,menular,79,Historis (Observasi)
3574,Kota Probolinggo,2024,Q4,2024-Q4,rawat_jalan,Demam Tifoid,A01,menular,96,Historis (Observasi)
3574,Kota Probolinggo,2024,Q4,2024-Q4,rawat_inap,Penyakit Jantung Iskemik,I25,tidak_menular,43,Historis (Observasi)
3574,Kota Probolinggo,2024,Q4,2024-Q4,rawat_jalan,Gastritis dan Duodenitis,K29,tidak_menular,191,Historis (Observasi)
3575,Kota Pasuruan,2024,Q1,2024-Q1,rawat_jalan,Infeksi Saluran Pernapasan Akut (ISPA),J06,menular,246,Historis (Observasi)
3575,Kota Pasuruan,2024,Q1,2024-Q1,rawat_inap,Demam Berdarah Dengue (DBD),A90,menular,71,Historis (Observasi)
3575,Kota Pasuruan,2024,Q1,2024-Q1,rawat_inap,Tuberkulosis Paru (TB),A15,menular,60,Historis (Observasi)
3575,Kota Pasuruan,2024,Q1,2024-Q1,rawat_jalan,Diare dan Gastroenteritis,A09,menular,106,Historis (Observasi)
3575,Kota Pasuruan,2024,Q1,2024-Q1,rawat_jalan,Hipertensi Esensial,I10,tidak_menular,196,Historis (Observasi)
3575,Kota Pasuruan,2024,Q1,2024-Q1,rawat_jalan,Diabetes Melitus Tipe 2,E11,tidak_menular,151,Historis (Observasi)
3575,Kota Pasuruan,2024,Q1,2024-Q1,rawat_inap,Pneumonia,J18,menular,70,Historis (Observasi)
3575,Kota Pasuruan,2024,Q1,2024-Q1,rawat_jalan,Demam Tifoid,A01,menular,58,Historis (Observasi)
3575,Kota Pasuruan,2024,Q1,2024-Q1,rawat_inap,Penyakit Jantung Iskemik,I25,tidak_menular,82,Historis (Observasi)
3575,Kota Pasuruan,2024,Q1,2024-Q1,rawat_jalan,Gastritis dan Duodenitis,K29,tidak_menular,107,Historis (Observasi)
3575,Kota Pasuruan,2024,Q2,2024-Q2,rawat_jalan,Infeksi Saluran Pernapasan Akut (ISPA),J06,menular,188,Historis (Observasi)
3575,Kota Pasuruan,2024,Q2,2024-Q2,rawat_inap,Demam Berdarah Dengue (DBD),A90,menular,55,Historis (Observasi)
3575,Kota Pasuruan,2024,Q2,2024-Q2,rawat_inap,Tuberkulosis Paru (TB),A15,menular,46,Historis (Observasi)
3575,Kota Pasuruan,2024,Q2,2024-Q2,rawat_jalan,Diare dan Gastroenteritis,A09,menular,157,Historis (Observasi)
3575,Kota Pasuruan,2024,Q2,2024-Q2,rawat_jalan,Hipertensi Esensial,I10,tidak_menular,279,Historis (Observasi)
3575,Kota Pasuruan,2024,Q2,2024-Q2,rawat_jalan,Diabetes Melitus Tipe 2,E11,tidak_menular,197,Historis (Observasi)
3575,Kota Pasuruan,2024,Q2,2024-Q2,rawat_inap,Pneumonia,J18,menular,52,Historis (Observasi)
3575,Kota Pasuruan,2024,Q2,2024-Q2,rawat_jalan,Demam Tifoid,A01,menular,69,Historis (Observasi)
3575,Kota Pasuruan,2024,Q2,2024-Q2,rawat_inap,Penyakit Jantung Iskemik,I25,tidak_menular,57,Historis (Observasi)
3575,Kota Pasuruan,2024,Q2,2024-Q2,rawat_jalan,Gastritis dan Duodenitis,K29,tidak_menular,138,Historis (Observasi)
3575,Kota Pasuruan,2024,Q3,2024-Q3,rawat_jalan,Infeksi Saluran Pernapasan Akut (ISPA),J06,menular,225,Historis (Observasi)
3575,Kota Pasuruan,2024,Q3,2024-Q3,rawat_inap,Demam Berdarah Dengue (DBD),A90,menular,69,Historis (Observasi)
3575,Kota Pasuruan,2024,Q3,2024-Q3,rawat_inap,Tuberkulosis Paru (TB),A15,menular,89,Historis (Observasi)
3575,Kota Pasuruan,2024,Q3,2024-Q3,rawat_jalan,Diare dan Gastroenteritis,A09,menular,152,Historis (Observasi)
3575,Kota Pasuruan,2024,Q3,2024-Q3,rawat_jalan,Hipertensi Esensial,I10,tidak_menular,163,Historis (Observasi)
3575,Kota Pasuruan,2024,Q3,2024-Q3,rawat_jalan,Diabetes Melitus Tipe 2,E11,tidak_menular,194,Historis (Observasi)
3575,Kota Pasuruan,2024,Q3,2024-Q3,rawat_inap,Pneumonia,J18,menular,35,Historis (Observasi)
3575,Kota Pasuruan,2024,Q3,2024-Q3,rawat_jalan,Demam Tifoid,A01,menular,60,Historis (Observasi)
3575,Kota Pasuruan,2024,Q3,2024-Q3,rawat_inap,Penyakit Jantung Iskemik,I25,tidak_menular,67,Historis (Observasi)
3575,Kota Pasuruan,2024,Q3,2024-Q3,rawat_jalan,Gastritis dan Duodenitis,K29,tidak_menular,104,Historis (Observasi)
3575,Kota Pasuruan,2024,Q4,2024-Q4,rawat_jalan,Infeksi Saluran Pernapasan Akut (ISPA),J06,menular,413,Historis (Observasi)
3575,Kota Pasuruan,2024,Q4,2024-Q4,rawat_inap,Demam Berdarah Dengue (DBD),A90,menular,122,Historis (Observasi)
3575,Kota Pasuruan,2024,Q4,2024-Q4,rawat_inap,Tuberkulosis Paru (TB),A15,menular,89,Historis (Observasi)
3575,Kota Pasuruan,2024,Q4,2024-Q4,rawat_jalan,Diare dan Gastroenteritis,A09,menular,93,Historis (Observasi)
3575,Kota Pasuruan,2024,Q4,2024-Q4,rawat_jalan,Hipertensi Esensial,I10,tidak_menular,199,Historis (Observasi)
3575,Kota Pasuruan,2024,Q4,2024-Q4,rawat_jalan,Diabetes Melitus Tipe 2,E11,tidak_menular,145,Historis (Observasi)
3575,Kota Pasuruan,2024,Q4,2024-Q4,rawat_inap,Pneumonia,J18,menular,56,Historis (Observasi)
3575,Kota Pasuruan,2024,Q4,2024-Q4,rawat_jalan,Demam Tifoid,A01,menular,51,Historis (Observasi)
3575,Kota Pasuruan,2024,Q4,2024-Q4,rawat_inap,Penyakit Jantung Iskemik,I25,tidak_menular,93,Historis (Observasi)
3575,Kota Pasuruan,2024,Q4,2024-Q4,rawat_jalan,Gastritis dan Duodenitis,K29,tidak_menular,119,Historis (Observasi)
3576,Kota Mojokerto,2024,Q1,2024-Q1,rawat_jalan,Infeksi Saluran Pernapasan Akut (ISPA),J06,menular,140,Historis (Observasi)
3576,Kota Mojokerto,2024,Q1,2024-Q1,rawat_inap,Demam Berdarah Dengue (DBD),A90,menular,49,Historis (Observasi)
3576,Kota Mojokerto,2024,Q1,2024-Q1,rawat_inap,Tuberkulosis Paru (TB),A15,menular,54,Historis (Observasi)
3576,Kota Mojokerto,2024,Q1,2024-Q1,rawat_jalan,Diare dan Gastroenteritis,A09,menular,120,Historis (Observasi)
3576,Kota Mojokerto,2024,Q1,2024-Q1,rawat_jalan,Hipertensi Esensial,I10,tidak_menular,194,Historis (Observasi)
3576,Kota Mojokerto,2024,Q1,2024-Q1,rawat_jalan,Diabetes Melitus Tipe 2,E11,tidak_menular,92,Historis (Observasi)
3576,Kota Mojokerto,2024,Q1,2024-Q1,rawat_inap,Pneumonia,J18,menular,37,Historis (Observasi)
3576,Kota Mojokerto,2024,Q1,2024-Q1,rawat_jalan,Demam Tifoid,A01,menular,48,Historis (Observasi)
3576,Kota Mojokerto,2024,Q1,2024-Q1,rawat_inap,Penyakit Jantung Iskemik,I25,tidak_menular,24,Historis (Observasi)
3576,Kota Mojokerto,2024,Q1,2024-Q1,rawat_jalan,Gastritis dan Duodenitis,K29,tidak_menular,114,Historis (Observasi)
3576,Kota Mojokerto,2024,Q2,2024-Q2,rawat_jalan,Infeksi Saluran Pernapasan Akut (ISPA),J06,menular,155,Historis (Observasi)
3576,Kota Mojokerto,2024,Q2,2024-Q2,rawat_inap,Demam Berdarah Dengue (DBD),A90,menular,49,Historis (Observasi)
3576,Kota Mojokerto,2024,Q2,2024-Q2,rawat_inap,Tuberkulosis Paru (TB),A15,menular,48,Historis (Observasi)
3576,Kota Mojokerto,2024,Q2,2024-Q2,rawat_jalan,Diare dan Gastroenteritis,A09,menular,130,Historis (Observasi)
3576,Kota Mojokerto,2024,Q2,2024-Q2,rawat_jalan,Hipertensi Esensial,I10,tidak_menular,163,Historis (Observasi)
3576,Kota Mojokerto,2024,Q2,2024-Q2,rawat_jalan,Diabetes Melitus Tipe 2,E11,tidak_menular,94,Historis (Observasi)
3576,Kota Mojokerto,2024,Q2,2024-Q2,rawat_inap,Pneumonia,J18,menular,29,Historis (Observasi)
3576,Kota Mojokerto,2024,Q2,2024-Q2,rawat_jalan,Demam Tifoid,A01,menular,34,Historis (Observasi)
3576,Kota Mojokerto,2024,Q2,2024-Q2,rawat_inap,Penyakit Jantung Iskemik,I25,tidak_menular,58,Historis (Observasi)
3576,Kota Mojokerto,2024,Q2,2024-Q2,rawat_jalan,Gastritis dan Duodenitis,K29,tidak_menular,87,Historis (Observasi)
3576,Kota Mojokerto,2024,Q3,2024-Q3,rawat_jalan,Infeksi Saluran Pernapasan Akut (ISPA),J06,menular,217,Historis (Observasi)
3576,Kota Mojokerto,2024,Q3,2024-Q3,rawat_inap,Demam Berdarah Dengue (DBD),A90,menular,70,Historis (Observasi)
3576,Kota Mojokerto,2024,Q3,2024-Q3,rawat_inap,Tuberkulosis Paru (TB),A15,menular,45,Historis (Observasi)
3576,Kota Mojokerto,2024,Q3,2024-Q3,rawat_jalan,Diare dan Gastroenteritis,A09,menular,98,Historis (Observasi)
3576,Kota Mojokerto,2024,Q3,2024-Q3,rawat_jalan,Hipertensi Esensial,I10,tidak_menular,214,Historis (Observasi)
3576,Kota Mojokerto,2024,Q3,2024-Q3,rawat_jalan,Diabetes Melitus Tipe 2,E11,tidak_menular,138,Historis (Observasi)
3576,Kota Mojokerto,2024,Q3,2024-Q3,rawat_inap,Pneumonia,J18,menular,39,Historis (Observasi)
3576,Kota Mojokerto,2024,Q3,2024-Q3,rawat_jalan,Demam Tifoid,A01,menular,36,Historis (Observasi)
3576,Kota Mojokerto,2024,Q3,2024-Q3,rawat_inap,Penyakit Jantung Iskemik,I25,tidak_menular,45,Historis (Observasi)
3576,Kota Mojokerto,2024,Q3,2024-Q3,rawat_jalan,Gastritis dan Duodenitis,K29,tidak_menular,107,Historis (Observasi)
3576,Kota Mojokerto,2024,Q4,2024-Q4,rawat_jalan,Infeksi Saluran Pernapasan Akut (ISPA),J06,menular,266,Historis (Observasi)
3576,Kota Mojokerto,2024,Q4,2024-Q4,rawat_inap,Demam Berdarah Dengue (DBD),A90,menular,59,Historis (Observasi)
3576,Kota Mojokerto,2024,Q4,2024-Q4,rawat_inap,Tuberkulosis Paru (TB),A15,menular,51,Historis (Observasi)
3576,Kota Mojokerto,2024,Q4,2024-Q4,rawat_jalan,Diare dan Gastroenteritis,A09,menular,135,Historis (Observasi)
3576,Kota Mojokerto,2024,Q4,2024-Q4,rawat_jalan,Hipertensi Esensial,I10,tidak_menular,177,Historis (Observasi)
3576,Kota Mojokerto,2024,Q4,2024-Q4,rawat_jalan,Diabetes Melitus Tipe 2,E11,tidak_menular,75,Historis (Observasi)
3576,Kota Mojokerto,2024,Q4,2024-Q4,rawat_inap,Pneumonia,J18,menular,19,Historis (Observasi)
3576,Kota Mojokerto,2024,Q4,2024-Q4,rawat_jalan,Demam Tifoid,A01,menular,61,Historis (Observasi)
3576,Kota Mojokerto,2024,Q4,2024-Q4,rawat_inap,Penyakit Jantung Iskemik,I25,tidak_menular,54,Historis (Observasi)
3576,Kota Mojokerto,2024,Q4,2024-Q4,rawat_jalan,Gastritis dan Duodenitis,K29,tidak_menular,108,Historis (Observasi)
3577,Kota Madiun,2024,Q1,2024-Q1,rawat_jalan,Infeksi Saluran Pernapasan Akut (ISPA),J06,menular,344,Historis (Observasi)
3577,Kota Madiun,2024,Q1,2024-Q1,rawat_inap,Demam Berdarah Dengue (DBD),A90,menular,59,Historis (Observasi)
3577,Kota Madiun,2024,Q1,2024-Q1,rawat_inap,Tuberkulosis Paru (TB),A15,menular,77,Historis (Observasi)
3577,Kota Madiun,2024,Q1,2024-Q1,rawat_jalan,Diare dan Gastroenteritis,A09,menular,165,Historis (Observasi)
3577,Kota Madiun,2024,Q1,2024-Q1,rawat_jalan,Hipertensi Esensial,I10,tidak_menular,267,Historis (Observasi)
3577,Kota Madiun,2024,Q1,2024-Q1,rawat_jalan,Diabetes Melitus Tipe 2,E11,tidak_menular,149,Historis (Observasi)
3577,Kota Madiun,2024,Q1,2024-Q1,rawat_inap,Pneumonia,J18,menular,33,Historis (Observasi)
3577,Kota Madiun,2024,Q1,2024-Q1,rawat_jalan,Demam Tifoid,A01,menular,97,Historis (Observasi)
3577,Kota Madiun,2024,Q1,2024-Q1,rawat_inap,Penyakit Jantung Iskemik,I25,tidak_menular,86,Historis (Observasi)
3577,Kota Madiun,2024,Q1,2024-Q1,rawat_jalan,Gastritis dan Duodenitis,K29,tidak_menular,151,Historis (Observasi)
3577,Kota Madiun,2024,Q2,2024-Q2,rawat_jalan,Infeksi Saluran Pernapasan Akut (ISPA),J06,menular,266,Historis (Observasi)
3577,Kota Madiun,2024,Q2,2024-Q2,rawat_inap,Demam Berdarah Dengue (DBD),A90,menular,66,Historis (Observasi)
3577,Kota Madiun,2024,Q2,2024-Q2,rawat_inap,Tuberkulosis Paru (TB),A15,menular,30,Historis (Observasi)
3577,Kota Madiun,2024,Q2,2024-Q2,rawat_jalan,Diare dan Gastroenteritis,A09,menular,140,Historis (Observasi)
3577,Kota Madiun,2024,Q2,2024-Q2,rawat_jalan,Hipertensi Esensial,I10,tidak_menular,297,Historis (Observasi)
3577,Kota Madiun,2024,Q2,2024-Q2,rawat_jalan,Diabetes Melitus Tipe 2,E11,tidak_menular,196,Historis (Observasi)
3577,Kota Madiun,2024,Q2,2024-Q2,rawat_inap,Pneumonia,J18,menular,36,Historis (Observasi)
3577,Kota Madiun,2024,Q2,2024-Q2,rawat_jalan,Demam Tifoid,A01,menular,83,Historis (Observasi)
3577,Kota Madiun,2024,Q2,2024-Q2,rawat_inap,Penyakit Jantung Iskemik,I25,tidak_menular,81,Historis (Observasi)
3577,Kota Madiun,2024,Q2,2024-Q2,rawat_jalan,Gastritis dan Duodenitis,K29,tidak_menular,157,Historis (Observasi)
3577,Kota Madiun,2024,Q3,2024-Q3,rawat_jalan,Infeksi Saluran Pernapasan Akut (ISPA),J06,menular,365,Historis (Observasi)
3577,Kota Madiun,2024,Q3,2024-Q3,rawat_inap,Demam Berdarah Dengue (DBD),A90,menular,58,Historis (Observasi)
3577,Kota Madiun,2024,Q3,2024-Q3,rawat_inap,Tuberkulosis Paru (TB),A15,menular,87,Historis (Observasi)
3577,Kota Madiun,2024,Q3,2024-Q3,rawat_jalan,Diare dan Gastroenteritis,A09,menular,158,Historis (Observasi)
3577,Kota Madiun,2024,Q3,2024-Q3,rawat_jalan,Hipertensi Esensial,I10,tidak_menular,173,Historis (Observasi)
3577,Kota Madiun,2024,Q3,2024-Q3,rawat_jalan,Diabetes Melitus Tipe 2,E11,tidak_menular,173,Historis (Observasi)
3577,Kota Madiun,2024,Q3,2024-Q3,rawat_inap,Pneumonia,J18,menular,60,Historis (Observasi)
3577,Kota Madiun,2024,Q3,2024-Q3,rawat_jalan,Demam Tifoid,A01,menular,74,Historis (Observasi)
3577,Kota Madiun,2024,Q3,2024-Q3,rawat_inap,Penyakit Jantung Iskemik,I25,tidak_menular,41,Historis (Observasi)
3577,Kota Madiun,2024,Q3,2024-Q3,rawat_jalan,Gastritis dan Duodenitis,K29,tidak_menular,88,Historis (Observasi)
3577,Kota Madiun,2024,Q4,2024-Q4,rawat_jalan,Infeksi Saluran Pernapasan Akut (ISPA),J06,menular,298,Historis (Observasi)
3577,Kota Madiun,2024,Q4,2024-Q4,rawat_inap,Demam Berdarah Dengue (DBD),A90,menular,114,Historis (Observasi)
3577,Kota Madiun,2024,Q4,2024-Q4,rawat_inap,Tuberkulosis Paru (TB),A15,menular,31,Historis (Observasi)
3577,Kota Madiun,2024,Q4,2024-Q4,rawat_jalan,Diare dan Gastroenteritis,A09,menular,194,Historis (Observasi)
3577,Kota Madiun,2024,Q4,2024-Q4,rawat_jalan,Hipertensi Esensial,I10,tidak_menular,242,Historis (Observasi)
3577,Kota Madiun,2024,Q4,2024-Q4,rawat_jalan,Diabetes Melitus Tipe 2,E11,tidak_menular,138,Historis (Observasi)
3577,Kota Madiun,2024,Q4,2024-Q4,rawat_inap,Pneumonia,J18,menular,38,Historis (Observasi)
3577,Kota Madiun,2024,Q4,2024-Q4,rawat_jalan,Demam Tifoid,A01,menular,47,Historis (Observasi)
3577,Kota Madiun,2024,Q4,2024-Q4,rawat_inap,Penyakit Jantung Iskemik,I25,tidak_menular,40,Historis (Observasi)
3577,Kota Madiun,2024,Q4,2024-Q4,rawat_jalan,Gastritis dan Duodenitis,K29,tidak_menular,99,Historis (Observasi)
3578,Kota Surabaya,2024,Q1,2024-Q1,rawat_jalan,Infeksi Saluran Pernapasan Akut (ISPA),J06,menular,2720,Historis (Observasi)
3578,Kota Surabaya,2024,Q1,2024-Q1,rawat_inap,Demam Berdarah Dengue (DBD),A90,menular,719,Historis (Observasi)
3578,Kota Surabaya,2024,Q1,2024-Q1,rawat_inap,Tuberkulosis Paru (TB),A15,menular,1244,Historis (Observasi)
3578,Kota Surabaya,2024,Q1,2024-Q1,rawat_jalan,Diare dan Gastroenteritis,A09,menular,2882,Historis (Observasi)
3578,Kota Surabaya,2024,Q1,2024-Q1,rawat_jalan,Hipertensi Esensial,I10,tidak_menular,2295,Historis (Observasi)
3578,Kota Surabaya,2024,Q1,2024-Q1,rawat_jalan,Diabetes Melitus Tipe 2,E11,tidak_menular,2661,Historis (Observasi)
3578,Kota Surabaya,2024,Q1,2024-Q1,rawat_inap,Pneumonia,J18,menular,982,Historis (Observasi)
3578,Kota Surabaya,2024,Q1,2024-Q1,rawat_jalan,Demam Tifoid,A01,menular,1384,Historis (Observasi)
3578,Kota Surabaya,2024,Q1,2024-Q1,rawat_inap,Penyakit Jantung Iskemik,I25,tidak_menular,1000,Historis (Observasi)
3578,Kota Surabaya,2024,Q1,2024-Q1,rawat_jalan,Gastritis dan Duodenitis,K29,tidak_menular,1431,Historis (Observasi)
3578,Kota Surabaya,2024,Q2,2024-Q2,rawat_jalan,Infeksi Saluran Pernapasan Akut (ISPA),J06,menular,2704,Historis (Observasi)
3578,Kota Surabaya,2024,Q2,2024-Q2,rawat_inap,Demam Berdarah Dengue (DBD),A90,menular,786,Historis (Observasi)
3578,Kota Surabaya,2024,Q2,2024-Q2,rawat_inap,Tuberkulosis Paru (TB),A15,menular,608,Historis (Observasi)
3578,Kota Surabaya,2024,Q2,2024-Q2,rawat_jalan,Diare dan Gastroenteritis,A09,menular,3011,Historis (Observasi)
3578,Kota Surabaya,2024,Q2,2024-Q2,rawat_jalan,Hipertensi Esensial,I10,tidak_menular,4610,Historis (Observasi)
3578,Kota Surabaya,2024,Q2,2024-Q2,rawat_jalan,Diabetes Melitus Tipe 2,E11,tidak_menular,3216,Historis (Observasi)
3578,Kota Surabaya,2024,Q2,2024-Q2,rawat_inap,Pneumonia,J18,menular,900,Historis (Observasi)
3578,Kota Surabaya,2024,Q2,2024-Q2,rawat_jalan,Demam Tifoid,A01,menular,1000,Historis (Observasi)
3578,Kota Surabaya,2024,Q2,2024-Q2,rawat_inap,Penyakit Jantung Iskemik,I25,tidak_menular,1270,Historis (Observasi)
3578,Kota Surabaya,2024,Q2,2024-Q2,rawat_jalan,Gastritis dan Duodenitis,K29,tidak_menular,2183,Historis (Observasi)
3578,Kota Surabaya,2024,Q3,2024-Q3,rawat_jalan,Infeksi Saluran Pernapasan Akut (ISPA),J06,menular,5239,Historis (Observasi)
3578,Kota Surabaya,2024,Q3,2024-Q3,rawat_inap,Demam Berdarah Dengue (DBD),A90,menular,1660,Historis (Observasi)
3578,Kota Surabaya,2024,Q3,2024-Q3,rawat_inap,Tuberkulosis Paru (TB),A15,menular,869,Historis (Observasi)
3578,Kota Surabaya,2024,Q3,2024-Q3,rawat_jalan,Diare dan Gastroenteritis,A09,menular,3106,Historis (Observasi)
3578,Kota Surabaya,2024,Q3,2024-Q3,rawat_jalan,Hipertensi Esensial,I10,tidak_menular,2664,Historis (Observasi)
3578,Kota Surabaya,2024,Q3,2024-Q3,rawat_jalan,Diabetes Melitus Tipe 2,E11,tidak_menular,2954,Historis (Observasi)
3578,Kota Surabaya,2024,Q3,2024-Q3,rawat_inap,Pneumonia,J18,menular,743,Historis (Observasi)
3578,Kota Surabaya,2024,Q3,2024-Q3,rawat_jalan,Demam Tifoid,A01,menular,1229,Historis (Observasi)
3578,Kota Surabaya,2024,Q3,2024-Q3,rawat_inap,Penyakit Jantung Iskemik,I25,tidak_menular,433,Historis (Observasi)
3578,Kota Surabaya,2024,Q3,2024-Q3,rawat_jalan,Gastritis dan Duodenitis,K29,tidak_menular,2449,Historis (Observasi)
3578,Kota Surabaya,2024,Q4,2024-Q4,rawat_jalan,Infeksi Saluran Pernapasan Akut (ISPA),J06,menular,3710,Historis (Observasi)
3578,Kota Surabaya,2024,Q4,2024-Q4,rawat_inap,Demam Berdarah Dengue (DBD),A90,menular,895,Historis (Observasi)
3578,Kota Surabaya,2024,Q4,2024-Q4,rawat_inap,Tuberkulosis Paru (TB),A15,menular,1183,Historis (Observasi)
3578,Kota Surabaya,2024,Q4,2024-Q4,rawat_jalan,Diare dan Gastroenteritis,A09,menular,2704,Historis (Observasi)
3578,Kota Surabaya,2024,Q4,2024-Q4,rawat_jalan,Hipertensi Esensial,I10,tidak_menular,4632,Historis (Observasi)
3578,Kota Surabaya,2024,Q4,2024-Q4,rawat_jalan,Diabetes Melitus Tipe 2,E11,tidak_menular,2159,Historis (Observasi)
3578,Kota Surabaya,2024,Q4,2024-Q4,rawat_inap,Pneumonia,J18,menular,628,Historis (Observasi)
3578,Kota Surabaya,2024,Q4,2024-Q4,rawat_jalan,Demam Tifoid,A01,menular,793,Historis (Observasi)
3578,Kota Surabaya,2024,Q4,2024-Q4,rawat_inap,Penyakit Jantung Iskemik,I25,tidak_menular,658,Historis (Observasi)
3578,Kota Surabaya,2024,Q4,2024-Q4,rawat_jalan,Gastritis dan Duodenitis,K29,tidak_menular,2428,Historis (Observasi)
3579,Kota Batu,2024,Q1,2024-Q1,rawat_jalan,Infeksi Saluran Pernapasan Akut (ISPA),J06,menular,370,Historis (Observasi)
3579,Kota Batu,2024,Q1,2024-Q1,rawat_inap,Demam Berdarah Dengue (DBD),A90,menular,56,Historis (Observasi)
3579,Kota Batu,2024,Q1,2024-Q1,rawat_inap,Tuberkulosis Paru (TB),A15,menular,29,Historis (Observasi)
3579,Kota Batu,2024,Q1,2024-Q1,rawat_jalan,Diare dan Gastroenteritis,A09,menular,148,Historis (Observasi)
3579,Kota Batu,2024,Q1,2024-Q1,rawat_jalan,Hipertensi Esensial,I10,tidak_menular,342,Historis (Observasi)
3579,Kota Batu,2024,Q1,2024-Q1,rawat_jalan,Diabetes Melitus Tipe 2,E11,tidak_menular,174,Historis (Observasi)
3579,Kota Batu,2024,Q1,2024-Q1,rawat_inap,Pneumonia,J18,menular,69,Historis (Observasi)
3579,Kota Batu,2024,Q1,2024-Q1,rawat_jalan,Demam Tifoid,A01,menular,43,Historis (Observasi)
3579,Kota Batu,2024,Q1,2024-Q1,rawat_inap,Penyakit Jantung Iskemik,I25,tidak_menular,82,Historis (Observasi)
3579,Kota Batu,2024,Q1,2024-Q1,rawat_jalan,Gastritis dan Duodenitis,K29,tidak_menular,144,Historis (Observasi)
3579,Kota Batu,2024,Q2,2024-Q2,rawat_jalan,Infeksi Saluran Pernapasan Akut (ISPA),J06,menular,292,Historis (Observasi)
3579,Kota Batu,2024,Q2,2024-Q2,rawat_inap,Demam Berdarah Dengue (DBD),A90,menular,50,Historis (Observasi)
3579,Kota Batu,2024,Q2,2024-Q2,rawat_inap,Tuberkulosis Paru (TB),A15,menular,34,Historis (Observasi)
3579,Kota Batu,2024,Q2,2024-Q2,rawat_jalan,Diare dan Gastroenteritis,A09,menular,185,Historis (Observasi)
3579,Kota Batu,2024,Q2,2024-Q2,rawat_jalan,Hipertensi Esensial,I10,tidak_menular,278,Historis (Observasi)
3579,Kota Batu,2024,Q2,2024-Q2,rawat_jalan,Diabetes Melitus Tipe 2,E11,tidak_menular,173,Historis (Observasi)
3579,Kota Batu,2024,Q2,2024-Q2,rawat_inap,Pneumonia,J18,menular,69,Historis (Observasi)
3579,Kota Batu,2024,Q2,2024-Q2,rawat_jalan,Demam Tifoid,A01,menular,105,Historis (Observasi)
3579,Kota Batu,2024,Q2,2024-Q2,rawat_inap,Penyakit Jantung Iskemik,I25,tidak_menular,70,Historis (Observasi)
3579,Kota Batu,2024,Q2,2024-Q2,rawat_jalan,Gastritis dan Duodenitis,K29,tidak_menular,136,Historis (Observasi)
3579,Kota Batu,2024,Q3,2024-Q3,rawat_jalan,Infeksi Saluran Pernapasan Akut (ISPA),J06,menular,221,Historis (Observasi)
3579,Kota Batu,2024,Q3,2024-Q3,rawat_inap,Demam Berdarah Dengue (DBD),A90,menular,122,Historis (Observasi)
3579,Kota Batu,2024,Q3,2024-Q3,rawat_inap,Tuberkulosis Paru (TB),A15,menular,61,Historis (Observasi)
3579,Kota Batu,2024,Q3,2024-Q3,rawat_jalan,Diare dan Gastroenteritis,A09,menular,188,Historis (Observasi)
3579,Kota Batu,2024,Q3,2024-Q3,rawat_jalan,Hipertensi Esensial,I10,tidak_menular,236,Historis (Observasi)
3579,Kota Batu,2024,Q3,2024-Q3,rawat_jalan,Diabetes Melitus Tipe 2,E11,tidak_menular,140,Historis (Observasi)
3579,Kota Batu,2024,Q3,2024-Q3,rawat_inap,Pneumonia,J18,menular,47,Historis (Observasi)
3579,Kota Batu,2024,Q3,2024-Q3,rawat_jalan,Demam Tifoid,A01,menular,105,Historis (Observasi)
3579,Kota Batu,2024,Q3,2024-Q3,rawat_inap,Penyakit Jantung Iskemik,I25,tidak_menular,70,Historis (Observasi)
3579,Kota Batu,2024,Q3,2024-Q3,rawat_jalan,Gastritis dan Duodenitis,K29,tidak_menular,82,Historis (Observasi)
3579,Kota Batu,2024,Q4,2024-Q4,rawat_jalan,Infeksi Saluran Pernapasan Akut (ISPA),J06,menular,243,Historis (Observasi)
3579,Kota Batu,2024,Q4,2024-Q4,rawat_inap,Demam Berdarah Dengue (DBD),A90,menular,108,Historis (Observasi)
3579,Kota Batu,2024,Q4,2024-Q4,rawat_inap,Tuberkulosis Paru (TB),A15,menular,91,Historis (Observasi)
3579,Kota Batu,2024,Q4,2024-Q4,rawat_jalan,Diare dan Gastroenteritis,A09,menular,112,Historis (Observasi)
3579,Kota Batu,2024,Q4,2024-Q4,rawat_jalan,Hipertensi Esensial,I10,tidak_menular,262,Historis (Observasi)
3579,Kota Batu,2024,Q4,2024-Q4,rawat_jalan,Diabetes Melitus Tipe 2,E11,tidak_menular,113,Historis (Observasi)
3579,Kota Batu,2024,Q4,2024-Q4,rawat_inap,Pneumonia,J18,menular,27,Historis (Observasi)
3579,Kota Batu,2024,Q4,2024-Q4,rawat_jalan,Demam Tifoid,A01,menular,79,Historis (Observasi)
3579,Kota Batu,2024,Q4,2024-Q4,rawat_inap,Penyakit Jantung Iskemik,I25,tidak_menular,84,Historis (Observasi)
3579,Kota Batu,2024,Q4,2024-Q4,rawat_jalan,Gastritis dan Duodenitis,K29,tidak_menular,149,Historis (Observasi)
3501,Kabupaten Pacitan,2025,Q1,2025-Q1,rawat_inap,Demam Berdarah Dengue (DBD),A90,menular,167,Proyeksi (Model ML)
3501,Kabupaten Pacitan,2025,Q2,2025-Q2,rawat_inap,Demam Berdarah Dengue (DBD),A90,menular,160,Proyeksi (Model ML)
3501,Kabupaten Pacitan,2025,Q3,2025-Q3,rawat_inap,Demam Berdarah Dengue (DBD),A90,menular,158,Proyeksi (Model ML)
3501,Kabupaten Pacitan,2025,Q4,2025-Q4,rawat_inap,Demam Berdarah Dengue (DBD),A90,menular,163,Proyeksi (Model ML)
3501,Kabupaten Pacitan,2025,Q1,2025-Q1,rawat_inap,Penyakit Jantung Iskemik,I25,tidak_menular,178,Proyeksi (Model ML)
3501,Kabupaten Pacitan,2025,Q2,2025-Q2,rawat_inap,Penyakit Jantung Iskemik,I25,tidak_menular,184,Proyeksi (Model ML)
3501,Kabupaten Pacitan,2025,Q3,2025-Q3,rawat_inap,Penyakit Jantung Iskemik,I25,tidak_menular,170,Proyeksi (Model ML)
3501,Kabupaten Pacitan,2025,Q4,2025-Q4,rawat_inap,Penyakit Jantung Iskemik,I25,tidak_menular,179,Proyeksi (Model ML)
3501,Kabupaten Pacitan,2025,Q1,2025-Q1,rawat_inap,Pneumonia,J18,menular,109,Proyeksi (Model ML)
3501,Kabupaten Pacitan,2025,Q2,2025-Q2,rawat_inap,Pneumonia,J18,menular,103,Proyeksi (Model ML)
3501,Kabupaten Pacitan,2025,Q3,2025-Q3,rawat_inap,Pneumonia,J18,menular,111,Proyeksi (Model ML)
3501,Kabupaten Pacitan,2025,Q4,2025-Q4,rawat_inap,Pneumonia,J18,menular,98,Proyeksi (Model ML)
3501,Kabupaten Pacitan,2025,Q1,2025-Q1,rawat_inap,Tuberkulosis Paru (TB),A15,menular,151,Proyeksi (Model ML)
3501,Kabupaten Pacitan,2025,Q2,2025-Q2,rawat_inap,Tuberkulosis Paru (TB),A15,menular,130,Proyeksi (Model ML)
3501,Kabupaten Pacitan,2025,Q3,2025-Q3,rawat_inap,Tuberkulosis Paru (TB),A15,menular,124,Proyeksi (Model ML)
3501,Kabupaten Pacitan,2025,Q4,2025-Q4,rawat_inap,Tuberkulosis Paru (TB),A15,menular,123,Proyeksi (Model ML)
3501,Kabupaten Pacitan,2025,Q1,2025-Q1,rawat_jalan,Demam Tifoid,A01,menular,172,Proyeksi (Model ML)
3501,Kabupaten Pacitan,2025,Q2,2025-Q2,rawat_jalan,Demam Tifoid,A01,menular,160,Proyeksi (Model ML)
3501,Kabupaten Pacitan,2025,Q3,2025-Q3,rawat_jalan,Demam Tifoid,A01,menular,172,Proyeksi (Model ML)
3501,Kabupaten Pacitan,2025,Q4,2025-Q4,rawat_jalan,Demam Tifoid,A01,menular,158,Proyeksi (Model ML)
3501,Kabupaten Pacitan,2025,Q1,2025-Q1,rawat_jalan,Diabetes Melitus Tipe 2,E11,tidak_menular,532,Proyeksi (Model ML)
3501,Kabupaten Pacitan,2025,Q2,2025-Q2,rawat_jalan,Diabetes Melitus Tipe 2,E11,tidak_menular,576,Proyeksi (Model ML)
3501,Kabupaten Pacitan,2025,Q3,2025-Q3,rawat_jalan,Diabetes Melitus Tipe 2,E11,tidak_menular,560,Proyeksi (Model ML)
3501,Kabupaten Pacitan,2025,Q4,2025-Q4,rawat_jalan,Diabetes Melitus Tipe 2,E11,tidak_menular,550,Proyeksi (Model ML)
3501,Kabupaten Pacitan,2025,Q1,2025-Q1,rawat_jalan,Diare dan Gastroenteritis,A09,menular,375,Proyeksi (Model ML)
3501,Kabupaten Pacitan,2025,Q2,2025-Q2,rawat_jalan,Diare dan Gastroenteritis,A09,menular,351,Proyeksi (Model ML)
3501,Kabupaten Pacitan,2025,Q3,2025-Q3,rawat_jalan,Diare dan Gastroenteritis,A09,menular,388,Proyeksi (Model ML)
3501,Kabupaten Pacitan,2025,Q4,2025-Q4,rawat_jalan,Diare dan Gastroenteritis,A09,menular,380,Proyeksi (Model ML)
3501,Kabupaten Pacitan,2025,Q1,2025-Q1,rawat_jalan,Gastritis dan Duodenitis,K29,tidak_menular,380,Proyeksi (Model ML)
3501,Kabupaten Pacitan,2025,Q2,2025-Q2,rawat_jalan,Gastritis dan Duodenitis,K29,tidak_menular,366,Proyeksi (Model ML)
3501,Kabupaten Pacitan,2025,Q3,2025-Q3,rawat_jalan,Gastritis dan Duodenitis,K29,tidak_menular,377,Proyeksi (Model ML)
3501,Kabupaten Pacitan,2025,Q4,2025-Q4,rawat_jalan,Gastritis dan Duodenitis,K29,tidak_menular,388,Proyeksi (Model ML)
3501,Kabupaten Pacitan,2025,Q1,2025-Q1,rawat_jalan,Hipertensi Esensial,I10,tidak_menular,773,Proyeksi (Model ML)
3501,Kabupaten Pacitan,2025,Q2,2025-Q2,rawat_jalan,Hipertensi Esensial,I10,tidak_menular,811,Proyeksi (Model ML)
3501,Kabupaten Pacitan,2025,Q3,2025-Q3,rawat_jalan,Hipertensi Esensial,I10,tidak_menular,831,Proyeksi (Model ML)
3501,Kabupaten Pacitan,2025,Q4,2025-Q4,rawat_jalan,Hipertensi Esensial,I10,tidak_menular,781,Proyeksi (Model ML)
3501,Kabupaten Pacitan,2025,Q1,2025-Q1,rawat_jalan,Infeksi Saluran Pernapasan Akut (ISPA),J06,menular,842,Proyeksi (Model ML)
3501,Kabupaten Pacitan,2025,Q2,2025-Q2,rawat_jalan,Infeksi Saluran Pernapasan Akut (ISPA),J06,menular,845,Proyeksi (Model ML)
3501,Kabupaten Pacitan,2025,Q3,2025-Q3,rawat_jalan,Infeksi Saluran Pernapasan Akut (ISPA),J06,menular,910,Proyeksi (Model ML)
3501,Kabupaten Pacitan,2025,Q4,2025-Q4,rawat_jalan,Infeksi Saluran Pernapasan Akut (ISPA),J06,menular,876,Proyeksi (Model ML)
3502,Kabupaten Ponorogo,2025,Q1,2025-Q1,rawat_inap,Demam Berdarah Dengue (DBD),A90,menular,338,Proyeksi (Model ML)
3502,Kabupaten Ponorogo,2025,Q2,2025-Q2,rawat_inap,Demam Berdarah Dengue (DBD),A90,menular,324,Proyeksi (Model ML)
3502,Kabupaten Ponorogo,2025,Q3,2025-Q3,rawat_inap,Demam Berdarah Dengue (DBD),A90,menular,319,Proyeksi (Model ML)
3502,Kabupaten Ponorogo,2025,Q4,2025-Q4,rawat_inap,Demam Berdarah Dengue (DBD),A90,menular,330,Proyeksi (Model ML)
3502,Kabupaten Ponorogo,2025,Q1,2025-Q1,rawat_inap,Penyakit Jantung Iskemik,I25,tidak_menular,219,Proyeksi (Model ML)
3502,Kabupaten Ponorogo,2025,Q2,2025-Q2,rawat_inap,Penyakit Jantung Iskemik,I25,tidak_menular,226,Proyeksi (Model ML)
3502,Kabupaten Ponorogo,2025,Q3,2025-Q3,rawat_inap,Penyakit Jantung Iskemik,I25,tidak_menular,209,Proyeksi (Model ML)
3502,Kabupaten Ponorogo,2025,Q4,2025-Q4,rawat_inap,Penyakit Jantung Iskemik,I25,tidak_menular,220,Proyeksi (Model ML)
3502,Kabupaten Ponorogo,2025,Q1,2025-Q1,rawat_inap,Pneumonia,J18,menular,228,Proyeksi (Model ML)
3502,Kabupaten Ponorogo,2025,Q2,2025-Q2,rawat_inap,Pneumonia,J18,menular,214,Proyeksi (Model ML)
3502,Kabupaten Ponorogo,2025,Q3,2025-Q3,rawat_inap,Pneumonia,J18,menular,232,Proyeksi (Model ML)
3502,Kabupaten Ponorogo,2025,Q4,2025-Q4,rawat_inap,Pneumonia,J18,menular,204,Proyeksi (Model ML)
3502,Kabupaten Ponorogo,2025,Q1,2025-Q1,rawat_inap,Tuberkulosis Paru (TB),A15,menular,347,Proyeksi (Model ML)
3502,Kabupaten Ponorogo,2025,Q2,2025-Q2,rawat_inap,Tuberkulosis Paru (TB),A15,menular,299,Proyeksi (Model ML)
3502,Kabupaten Ponorogo,2025,Q3,2025-Q3,rawat_inap,Tuberkulosis Paru (TB),A15,menular,285,Proyeksi (Model ML)
3502,Kabupaten Ponorogo,2025,Q4,2025-Q4,rawat_inap,Tuberkulosis Paru (TB),A15,menular,284,Proyeksi (Model ML)
3502,Kabupaten Ponorogo,2025,Q1,2025-Q1,rawat_jalan,Demam Tifoid,A01,menular,359,Proyeksi (Model ML)
3502,Kabupaten Ponorogo,2025,Q2,2025-Q2,rawat_jalan,Demam Tifoid,A01,menular,333,Proyeksi (Model ML)
3502,Kabupaten Ponorogo,2025,Q3,2025-Q3,rawat_jalan,Demam Tifoid,A01,menular,359,Proyeksi (Model ML)
3502,Kabupaten Ponorogo,2025,Q4,2025-Q4,rawat_jalan,Demam Tifoid,A01,menular,330,Proyeksi (Model ML)
3502,Kabupaten Ponorogo,2025,Q1,2025-Q1,rawat_jalan,Diabetes Melitus Tipe 2,E11,tidak_menular,793,Proyeksi (Model ML)
3502,Kabupaten Ponorogo,2025,Q2,2025-Q2,rawat_jalan,Diabetes Melitus Tipe 2,E11,tidak_menular,859,Proyeksi (Model ML)
3502,Kabupaten Ponorogo,2025,Q3,2025-Q3,rawat_jalan,Diabetes Melitus Tipe 2,E11,tidak_menular,835,Proyeksi (Model ML)
3502,Kabupaten Ponorogo,2025,Q4,2025-Q4,rawat_jalan,Diabetes Melitus Tipe 2,E11,tidak_menular,820,Proyeksi (Model ML)
3502,Kabupaten Ponorogo,2025,Q1,2025-Q1,rawat_jalan,Diare dan Gastroenteritis,A09,menular,799,Proyeksi (Model ML)
3502,Kabupaten Ponorogo,2025,Q2,2025-Q2,rawat_jalan,Diare dan Gastroenteritis,A09,menular,749,Proyeksi (Model ML)
3502,Kabupaten Ponorogo,2025,Q3,2025-Q3,rawat_jalan,Diare dan Gastroenteritis,A09,menular,827,Proyeksi (Model ML)
3502,Kabupaten Ponorogo,2025,Q4,2025-Q4,rawat_jalan,Diare dan Gastroenteritis,A09,menular,809,Proyeksi (Model ML)
3502,Kabupaten Ponorogo,2025,Q1,2025-Q1,rawat_jalan,Gastritis dan Duodenitis,K29,tidak_menular,605,Proyeksi (Model ML)
3502,Kabupaten Ponorogo,2025,Q2,2025-Q2,rawat_jalan,Gastritis dan Duodenitis,K29,tidak_menular,582,Proyeksi (Model ML)
3502,Kabupaten Ponorogo,2025,Q3,2025-Q3,rawat_jalan,Gastritis dan Duodenitis,K29,tidak_menular,600,Proyeksi (Model ML)
3502,Kabupaten Ponorogo,2025,Q4,2025-Q4,rawat_jalan,Gastritis dan Duodenitis,K29,tidak_menular,617,Proyeksi (Model ML)
3502,Kabupaten Ponorogo,2025,Q1,2025-Q1,rawat_jalan,Hipertensi Esensial,I10,tidak_menular,1170,Proyeksi (Model ML)
3502,Kabupaten Ponorogo,2025,Q2,2025-Q2,rawat_jalan,Hipertensi Esensial,I10,tidak_menular,1227,Proyeksi (Model ML)
3502,Kabupaten Ponorogo,2025,Q3,2025-Q3,rawat_jalan,Hipertensi Esensial,I10,tidak_menular,1258,Proyeksi (Model ML)
3502,Kabupaten Ponorogo,2025,Q4,2025-Q4,rawat_jalan,Hipertensi Esensial,I10,tidak_menular,1181,Proyeksi (Model ML)
3502,Kabupaten Ponorogo,2025,Q1,2025-Q1,rawat_jalan,Infeksi Saluran Pernapasan Akut (ISPA),J06,menular,1446,Proyeksi (Model ML)
3502,Kabupaten Ponorogo,2025,Q2,2025-Q2,rawat_jalan,Infeksi Saluran Pernapasan Akut (ISPA),J06,menular,1451,Proyeksi (Model ML)
3502,Kabupaten Ponorogo,2025,Q3,2025-Q3,rawat_jalan,Infeksi Saluran Pernapasan Akut (ISPA),J06,menular,1564,Proyeksi (Model ML)
3502,Kabupaten Ponorogo,2025,Q4,2025-Q4,rawat_jalan,Infeksi Saluran Pernapasan Akut (ISPA),J06,menular,1505,Proyeksi (Model ML)
3503,Kabupaten Trenggalek,2025,Q1,2025-Q1,rawat_inap,Demam Berdarah Dengue (DBD),A90,menular,303,Proyeksi (Model ML)
3503,Kabupaten Trenggalek,2025,Q2,2025-Q2,rawat_inap,Demam Berdarah Dengue (DBD),A90,menular,290,Proyeksi (Model ML)
3503,Kabupaten Trenggalek,2025,Q3,2025-Q3,rawat_inap,Demam Berdarah Dengue (DBD),A90,menular,286,Proyeksi (Model ML)
3503,Kabupaten Trenggalek,2025,Q4,2025-Q4,rawat_inap,Demam Berdarah Dengue (DBD),A90,menular,296,Proyeksi (Model ML)
3503,Kabupaten Trenggalek,2025,Q1,2025-Q1,rawat_inap,Penyakit Jantung Iskemik,I25,tidak_menular,195,Proyeksi (Model ML)
3503,Kabupaten Trenggalek,2025,Q2,2025-Q2,rawat_inap,Penyakit Jantung Iskemik,I25,tidak_menular,201,Proyeksi (Model ML)
3503,Kabupaten Trenggalek,2025,Q3,2025-Q3,rawat_inap,Penyakit Jantung Iskemik,I25,tidak_menular,186,Proyeksi (Model ML)
3503,Kabupaten Trenggalek,2025,Q4,2025-Q4,rawat_inap,Penyakit Jantung Iskemik,I25,tidak_menular,196,Proyeksi (Model ML)
3503,Kabupaten Trenggalek,2025,Q1,2025-Q1,rawat_inap,Pneumonia,J18,menular,200,Proyeksi (Model ML)
3503,Kabupaten Trenggalek,2025,Q2,2025-Q2,rawat_inap,Pneumonia,J18,menular,187,Proyeksi (Model ML)
3503,Kabupaten Trenggalek,2025,Q3,2025-Q3,rawat_inap,Pneumonia,J18,menular,204,Proyeksi (Model ML)
3503,Kabupaten Trenggalek,2025,Q4,2025-Q4,rawat_inap,Pneumonia,J18,menular,179,Proyeksi (Model ML)
3503,Kabupaten Trenggalek,2025,Q1,2025-Q1,rawat_inap,Tuberkulosis Paru (TB),A15,menular,280,Proyeksi (Model ML)
3503,Kabupaten Trenggalek,2025,Q2,2025-Q2,rawat_inap,Tuberkulosis Paru (TB),A15,menular,241,Proyeksi (Model ML)
3503,Kabupaten Trenggalek,2025,Q3,2025-Q3,rawat_inap,Tuberkulosis Paru (TB),A15,menular,229,Proyeksi (Model ML)
3503,Kabupaten Trenggalek,2025,Q4,2025-Q4,rawat_inap,Tuberkulosis Paru (TB),A15,menular,229,Proyeksi (Model ML)
3503,Kabupaten Trenggalek,2025,Q1,2025-Q1,rawat_jalan,Demam Tifoid,A01,menular,299,Proyeksi (Model ML)
3503,Kabupaten Trenggalek,2025,Q2,2025-Q2,rawat_jalan,Demam Tifoid,A01,menular,278,Proyeksi (Model ML)
3503,Kabupaten Trenggalek,2025,Q3,2025-Q3,rawat_jalan,Demam Tifoid,A01,menular,300,Proyeksi (Model ML)
3503,Kabupaten Trenggalek,2025,Q4,2025-Q4,rawat_jalan,Demam Tifoid,A01,menular,275,Proyeksi (Model ML)
3503,Kabupaten Trenggalek,2025,Q1,2025-Q1,rawat_jalan,Diabetes Melitus Tipe 2,E11,tidak_menular,440,Proyeksi (Model ML)
3503,Kabupaten Trenggalek,2025,Q2,2025-Q2,rawat_jalan,Diabetes Melitus Tipe 2,E11,tidak_menular,477,Proyeksi (Model ML)
3503,Kabupaten Trenggalek,2025,Q3,2025-Q3,rawat_jalan,Diabetes Melitus Tipe 2,E11,tidak_menular,464,Proyeksi (Model ML)
3503,Kabupaten Trenggalek,2025,Q4,2025-Q4,rawat_jalan,Diabetes Melitus Tipe 2,E11,tidak_menular,455,Proyeksi (Model ML)
3503,Kabupaten Trenggalek,2025,Q1,2025-Q1,rawat_jalan,Diare dan Gastroenteritis,A09,menular,566,Proyeksi (Model ML)
3503,Kabupaten Trenggalek,2025,Q2,2025-Q2,rawat_jalan,Diare dan Gastroenteritis,A09,menular,530,Proyeksi (Model ML)
3503,Kabupaten Trenggalek,2025,Q3,2025-Q3,rawat_jalan,Diare dan Gastroenteritis,A09,menular,585,Proyeksi (Model ML)
3503,Kabupaten Trenggalek,2025,Q4,2025-Q4,rawat_jalan,Diare dan Gastroenteritis,A09,menular,573,Proyeksi (Model ML)
3503,Kabupaten Trenggalek,2025,Q1,2025-Q1,rawat_jalan,Gastritis dan Duodenitis,K29,tidak_menular,411,Proyeksi (Model ML)
3503,Kabupaten Trenggalek,2025,Q2,2025-Q2,rawat_jalan,Gastritis dan Duodenitis,K29,tidak_menular,396,Proyeksi (Model ML)
3503,Kabupaten Trenggalek,2025,Q3,2025-Q3,rawat_jalan,Gastritis dan Duodenitis,K29,tidak_menular,408,Proyeksi (Model ML)
3503,Kabupaten Trenggalek,2025,Q4,2025-Q4,rawat_jalan,Gastritis dan Duodenitis,K29,tidak_menular,419,Proyeksi (Model ML)
3503,Kabupaten Trenggalek,2025,Q1,2025-Q1,rawat_jalan,Hipertensi Esensial,I10,tidak_menular,789,Proyeksi (Model ML)
3503,Kabupaten Trenggalek,2025,Q2,2025-Q2,rawat_jalan,Hipertensi Esensial,I10,tidak_menular,828,Proyeksi (Model ML)
3503,Kabupaten Trenggalek,2025,Q3,2025-Q3,rawat_jalan,Hipertensi Esensial,I10,tidak_menular,848,Proyeksi (Model ML)
3503,Kabupaten Trenggalek,2025,Q4,2025-Q4,rawat_jalan,Hipertensi Esensial,I10,tidak_menular,797,Proyeksi (Model ML)
3503,Kabupaten Trenggalek,2025,Q1,2025-Q1,rawat_jalan,Infeksi Saluran Pernapasan Akut (ISPA),J06,menular,704,Proyeksi (Model ML)
3503,Kabupaten Trenggalek,2025,Q2,2025-Q2,rawat_jalan,Infeksi Saluran Pernapasan Akut (ISPA),J06,menular,707,Proyeksi (Model ML)
3503,Kabupaten Trenggalek,2025,Q3,2025-Q3,rawat_jalan,Infeksi Saluran Pernapasan Akut (ISPA),J06,menular,762,Proyeksi (Model ML)
3503,Kabupaten Trenggalek,2025,Q4,2025-Q4,rawat_jalan,Infeksi Saluran Pernapasan Akut (ISPA),J06,menular,733,Proyeksi (Model ML)
3504,Kabupaten Tulungagung,2025,Q1,2025-Q1,rawat_inap,Demam Berdarah Dengue (DBD),A90,menular,565,Proyeksi (Model ML)
3504,Kabupaten Tulungagung,2025,Q2,2025-Q2,rawat_inap,Demam Berdarah Dengue (DBD),A90,menular,541,Proyeksi (Model ML)
3504,Kabupaten Tulungagung,2025,Q3,2025-Q3,rawat_inap,Demam Berdarah Dengue (DBD),A90,menular,533,Proyeksi (Model ML)
3504,Kabupaten Tulungagung,2025,Q4,2025-Q4,rawat_inap,Demam Berdarah Dengue (DBD),A90,menular,552,Proyeksi (Model ML)
3504,Kabupaten Tulungagung,2025,Q1,2025-Q1,rawat_inap,Penyakit Jantung Iskemik,I25,tidak_menular,271,Proyeksi (Model ML)
3504,Kabupaten Tulungagung,2025,Q2,2025-Q2,rawat_inap,Penyakit Jantung Iskemik,I25,tidak_menular,280,Proyeksi (Model ML)
3504,Kabupaten Tulungagung,2025,Q3,2025-Q3,rawat_inap,Penyakit Jantung Iskemik,I25,tidak_menular,258,Proyeksi (Model ML)
3504,Kabupaten Tulungagung,2025,Q4,2025-Q4,rawat_inap,Penyakit Jantung Iskemik,I25,tidak_menular,272,Proyeksi (Model ML)
3504,Kabupaten Tulungagung,2025,Q1,2025-Q1,rawat_inap,Pneumonia,J18,menular,271,Proyeksi (Model ML)
3504,Kabupaten Tulungagung,2025,Q2,2025-Q2,rawat_inap,Pneumonia,J18,menular,255,Proyeksi (Model ML)
3504,Kabupaten Tulungagung,2025,Q3,2025-Q3,rawat_inap,Pneumonia,J18,menular,276,Proyeksi (Model ML)
3504,Kabupaten Tulungagung,2025,Q4,2025-Q4,rawat_inap,Pneumonia,J18,menular,243,Proyeksi (Model ML)
3504,Kabupaten Tulungagung,2025,Q1,2025-Q1,rawat_inap,Tuberkulosis Paru (TB),A15,menular,336,Proyeksi (Model ML)
3504,Kabupaten Tulungagung,2025,Q2,2025-Q2,rawat_inap,Tuberkulosis Paru (TB),A15,menular,290,Proyeksi (Model ML)
3504,Kabupaten Tulungagung,2025,Q3,2025-Q3,rawat_inap,Tuberkulosis Paru (TB),A15,menular,275,Proyeksi (Model ML)
3504,Kabupaten Tulungagung,2025,Q4,2025-Q4,rawat_inap,Tuberkulosis Paru (TB),A15,menular,275,Proyeksi (Model ML)
3504,Kabupaten Tulungagung,2025,Q1,2025-Q1,rawat_jalan,Demam Tifoid,A01,menular,423,Proyeksi (Model ML)
3504,Kabupaten Tulungagung,2025,Q2,2025-Q2,rawat_jalan,Demam Tifoid,A01,menular,393,Proyeksi (Model ML)
3504,Kabupaten Tulungagung,2025,Q3,2025-Q3,rawat_jalan,Demam Tifoid,A01,menular,424,Proyeksi (Model ML)
3504,Kabupaten Tulungagung,2025,Q4,2025-Q4,rawat_jalan,Demam Tifoid,A01,menular,389,Proyeksi (Model ML)
3504,Kabupaten Tulungagung,2025,Q1,2025-Q1,rawat_jalan,Diabetes Melitus Tipe 2,E11,tidak_menular,822,Proyeksi (Model ML)
3504,Kabupaten Tulungagung,2025,Q2,2025-Q2,rawat_jalan,Diabetes Melitus Tipe 2,E11,tidak_menular,891,Proyeksi (Model ML)
3504,Kabupaten Tulungagung,2025,Q3,2025-Q3,rawat_jalan,Diabetes Melitus Tipe 2,E11,tidak_menular,866,Proyeksi (Model ML)
3504,Kabupaten Tulungagung,2025,Q4,2025-Q4,rawat_jalan,Diabetes Melitus Tipe 2,E11,tidak_menular,850,Proyeksi (Model ML)
3504,Kabupaten Tulungagung,2025,Q1,2025-Q1,rawat_jalan,Diare dan Gastroenteritis,A09,menular,1061,Proyeksi (Model ML)
3504,Kabupaten Tulungagung,2025,Q2,2025-Q2,rawat_jalan,Diare dan Gastroenteritis,A09,menular,995,Proyeksi (Model ML)
3504,Kabupaten Tulungagung,2025,Q3,2025-Q3,rawat_jalan,Diare dan Gastroenteritis,A09,menular,1098,Proyeksi (Model ML)
3504,Kabupaten Tulungagung,2025,Q4,2025-Q4,rawat_jalan,Diare dan Gastroenteritis,A09,menular,1076,Proyeksi (Model ML)
3504,Kabupaten Tulungagung,2025,Q1,2025-Q1,rawat_jalan,Gastritis dan Duodenitis,K29,tidak_menular,753,Proyeksi (Model ML)
3504,Kabupaten Tulungagung,2025,Q2,2025-Q2,rawat_jalan,Gastritis dan Duodenitis,K29,tidak_menular,725,Proyeksi (Model ML)
3504,Kabupaten Tulungagung,2025,Q3,2025-Q3,rawat_jalan,Gastritis dan Duodenitis,K29,tidak_menular,747,Proyeksi (Model ML)
3504,Kabupaten Tulungagung,2025,Q4,2025-Q4,rawat_jalan,Gastritis dan Duodenitis,K29,tidak_menular,768,Proyeksi (Model ML)
3504,Kabupaten Tulungagung,2025,Q1,2025-Q1,rawat_jalan,Hipertensi Esensial,I10,tidak_menular,1552,Proyeksi (Model ML)
3504,Kabupaten Tulungagung,2025,Q2,2025-Q2,rawat_jalan,Hipertensi Esensial,I10,tidak_menular,1628,Proyeksi (Model ML)
3504,Kabupaten Tulungagung,2025,Q3,2025-Q3,rawat_jalan,Hipertensi Esensial,I10,tidak_menular,1668,Proyeksi (Model ML)
3504,Kabupaten Tulungagung,2025,Q4,2025-Q4,rawat_jalan,Hipertensi Esensial,I10,tidak_menular,1567,Proyeksi (Model ML)
3504,Kabupaten Tulungagung,2025,Q1,2025-Q1,rawat_jalan,Infeksi Saluran Pernapasan Akut (ISPA),J06,menular,1723,Proyeksi (Model ML)
3504,Kabupaten Tulungagung,2025,Q2,2025-Q2,rawat_jalan,Infeksi Saluran Pernapasan Akut (ISPA),J06,menular,1729,Proyeksi (Model ML)
3504,Kabupaten Tulungagung,2025,Q3,2025-Q3,rawat_jalan,Infeksi Saluran Pernapasan Akut (ISPA),J06,menular,1863,Proyeksi (Model ML)
3504,Kabupaten Tulungagung,2025,Q4,2025-Q4,rawat_jalan,Infeksi Saluran Pernapasan Akut (ISPA),J06,menular,1793,Proyeksi (Model ML)
3505,Kabupaten Blitar,2025,Q1,2025-Q1,rawat_inap,Demam Berdarah Dengue (DBD),A90,menular,422,Proyeksi (Model ML)
3505,Kabupaten Blitar,2025,Q2,2025-Q2,rawat_inap,Demam Berdarah Dengue (DBD),A90,menular,404,Proyeksi (Model ML)
3505,Kabupaten Blitar,2025,Q3,2025-Q3,rawat_inap,Demam Berdarah Dengue (DBD),A90,menular,398,Proyeksi (Model ML)
3505,Kabupaten Blitar,2025,Q4,2025-Q4,rawat_inap,Demam Berdarah Dengue (DBD),A90,menular,412,Proyeksi (Model ML)
3505,Kabupaten Blitar,2025,Q1,2025-Q1,rawat_inap,Penyakit Jantung Iskemik,I25,tidak_menular,373,Proyeksi (Model ML)
3505,Kabupaten Blitar,2025,Q2,2025-Q2,rawat_inap,Penyakit Jantung Iskemik,I25,tidak_menular,386,Proyeksi (Model ML)
3505,Kabupaten Blitar,2025,Q3,2025-Q3,rawat_inap,Penyakit Jantung Iskemik,I25,tidak_menular,356,Proyeksi (Model ML)
3505,Kabupaten Blitar,2025,Q4,2025-Q4,rawat_inap,Penyakit Jantung Iskemik,I25,tidak_menular,375,Proyeksi (Model ML)
3505,Kabupaten Blitar,2025,Q1,2025-Q1,rawat_inap,Pneumonia,J18,menular,361,Proyeksi (Model ML)
3505,Kabupaten Blitar,2025,Q2,2025-Q2,rawat_inap,Pneumonia,J18,menular,339,Proyeksi (Model ML)
3505,Kabupaten Blitar,2025,Q3,2025-Q3,rawat_inap,Pneumonia,J18,menular,368,Proyeksi (Model ML)
3505,Kabupaten Blitar,2025,Q4,2025-Q4,rawat_inap,Pneumonia,J18,menular,323,Proyeksi (Model ML)
3505,Kabupaten Blitar,2025,Q1,2025-Q1,rawat_inap,Tuberkulosis Paru (TB),A15,menular,389,Proyeksi (Model ML)
3505,Kabupaten Blitar,2025,Q2,2025-Q2,rawat_inap,Tuberkulosis Paru (TB),A15,menular,336,Proyeksi (Model ML)
3505,Kabupaten Blitar,2025,Q3,2025-Q3,rawat_inap,Tuberkulosis Paru (TB),A15,menular,320,Proyeksi (Model ML)
3505,Kabupaten Blitar,2025,Q4,2025-Q4,rawat_inap,Tuberkulosis Paru (TB),A15,menular,319,Proyeksi (Model ML)
3505,Kabupaten Blitar,2025,Q1,2025-Q1,rawat_jalan,Demam Tifoid,A01,menular,437,Proyeksi (Model ML)
3505,Kabupaten Blitar,2025,Q2,2025-Q2,rawat_jalan,Demam Tifoid,A01,menular,406,Proyeksi (Model ML)
3505,Kabupaten Blitar,2025,Q3,2025-Q3,rawat_jalan,Demam Tifoid,A01,menular,438,Proyeksi (Model ML)
3505,Kabupaten Blitar,2025,Q4,2025-Q4,rawat_jalan,Demam Tifoid,A01,menular,402,Proyeksi (Model ML)
3505,Kabupaten Blitar,2025,Q1,2025-Q1,rawat_jalan,Diabetes Melitus Tipe 2,E11,tidak_menular,1036,Proyeksi (Model ML)
3505,Kabupaten Blitar,2025,Q2,2025-Q2,rawat_jalan,Diabetes Melitus Tipe 2,E11,tidak_menular,1123,Proyeksi (Model ML)
3505,Kabupaten Blitar,2025,Q3,2025-Q3,rawat_jalan,Diabetes Melitus Tipe 2,E11,tidak_menular,1092,Proyeksi (Model ML)
3505,Kabupaten Blitar,2025,Q4,2025-Q4,rawat_jalan,Diabetes Melitus Tipe 2,E11,tidak_menular,1071,Proyeksi (Model ML)
3505,Kabupaten Blitar,2025,Q1,2025-Q1,rawat_jalan,Diare dan Gastroenteritis,A09,menular,1094,Proyeksi (Model ML)
3505,Kabupaten Blitar,2025,Q2,2025-Q2,rawat_jalan,Diare dan Gastroenteritis,A09,menular,1026,Proyeksi (Model ML)
3505,Kabupaten Blitar,2025,Q3,2025-Q3,rawat_jalan,Diare dan Gastroenteritis,A09,menular,1133,Proyeksi (Model ML)
3505,Kabupaten Blitar,2025,Q4,2025-Q4,rawat_jalan,Diare dan Gastroenteritis,A09,menular,1109,Proyeksi (Model ML)
3505,Kabupaten Blitar,2025,Q1,2025-Q1,rawat_jalan,Gastritis dan Duodenitis,K29,tidak_menular,642,Proyeksi (Model ML)
3505,Kabupaten Blitar,2025,Q2,2025-Q2,rawat_jalan,Gastritis dan Duodenitis,K29,tidak_menular,618,Proyeksi (Model ML)
3505,Kabupaten Blitar,2025,Q3,2025-Q3,rawat_jalan,Gastritis dan Duodenitis,K29,tidak_menular,637,Proyeksi (Model ML)
3505,Kabupaten Blitar,2025,Q4,2025-Q4,rawat_jalan,Gastritis dan Duodenitis,K29,tidak_menular,656,Proyeksi (Model ML)
3505,Kabupaten Blitar,2025,Q1,2025-Q1,rawat_jalan,Hipertensi Esensial,I10,tidak_menular,1159,Proyeksi (Model ML)
3505,Kabupaten Blitar,2025,Q2,2025-Q2,rawat_jalan,Hipertensi Esensial,I10,tidak_menular,1215,Proyeksi (Model ML)
3505,Kabupaten Blitar,2025,Q3,2025-Q3,rawat_jalan,Hipertensi Esensial,I10,tidak_menular,1246,Proyeksi (Model ML)
3505,Kabupaten Blitar,2025,Q4,2025-Q4,rawat_jalan,Hipertensi Esensial,I10,tidak_menular,1170,Proyeksi (Model ML)
3505,Kabupaten Blitar,2025,Q1,2025-Q1,rawat_jalan,Infeksi Saluran Pernapasan Akut (ISPA),J06,menular,1682,Proyeksi (Model ML)
3505,Kabupaten Blitar,2025,Q2,2025-Q2,rawat_jalan,Infeksi Saluran Pernapasan Akut (ISPA),J06,menular,1688,Proyeksi (Model ML)
3505,Kabupaten Blitar,2025,Q3,2025-Q3,rawat_jalan,Infeksi Saluran Pernapasan Akut (ISPA),J06,menular,1819,Proyeksi (Model ML)
3505,Kabupaten Blitar,2025,Q4,2025-Q4,rawat_jalan,Infeksi Saluran Pernapasan Akut (ISPA),J06,menular,1751,Proyeksi (Model ML)
3506,Kabupaten Kediri,2025,Q1,2025-Q1,rawat_inap,Demam Berdarah Dengue (DBD),A90,menular,482,Proyeksi (Model ML)
3506,Kabupaten Kediri,2025,Q2,2025-Q2,rawat_inap,Demam Berdarah Dengue (DBD),A90,menular,461,Proyeksi (Model ML)
3506,Kabupaten Kediri,2025,Q3,2025-Q3,rawat_inap,Demam Berdarah Dengue (DBD),A90,menular,454,Proyeksi (Model ML)
3506,Kabupaten Kediri,2025,Q4,2025-Q4,rawat_inap,Demam Berdarah Dengue (DBD),A90,menular,470,Proyeksi (Model ML)
3506,Kabupaten Kediri,2025,Q1,2025-Q1,rawat_inap,Penyakit Jantung Iskemik,I25,tidak_menular,684,Proyeksi (Model ML)
3506,Kabupaten Kediri,2025,Q2,2025-Q2,rawat_inap,Penyakit Jantung Iskemik,I25,tidak_menular,708,Proyeksi (Model ML)
3506,Kabupaten Kediri,2025,Q3,2025-Q3,rawat_inap,Penyakit Jantung Iskemik,I25,tidak_menular,653,Proyeksi (Model ML)
3506,Kabupaten Kediri,2025,Q4,2025-Q4,rawat_inap,Penyakit Jantung Iskemik,I25,tidak_menular,689,Proyeksi (Model ML)
3506,Kabupaten Kediri,2025,Q1,2025-Q1,rawat_inap,Pneumonia,J18,menular,517,Proyeksi (Model ML)
3506,Kabupaten Kediri,2025,Q2,2025-Q2,rawat_inap,Pneumonia,J18,menular,485,Proyeksi (Model ML)
3506,Kabupaten Kediri,2025,Q3,2025-Q3,rawat_inap,Pneumonia,J18,menular,527,Proyeksi (Model ML)
3506,Kabupaten Kediri,2025,Q4,2025-Q4,rawat_inap,Pneumonia,J18,menular,462,Proyeksi (Model ML)
3506,Kabupaten Kediri,2025,Q1,2025-Q1,rawat_inap,Tuberkulosis Paru (TB),A15,menular,614,Proyeksi (Model ML)
3506,Kabupaten Kediri,2025,Q2,2025-Q2,rawat_inap,Tuberkulosis Paru (TB),A15,menular,530,Proyeksi (Model ML)
3506,Kabupaten Kediri,2025,Q3,2025-Q3,rawat_inap,Tuberkulosis Paru (TB),A15,menular,504,Proyeksi (Model ML)
3506,Kabupaten Kediri,2025,Q4,2025-Q4,rawat_inap,Tuberkulosis Paru (TB),A15,menular,503,Proyeksi (Model ML)
3506,Kabupaten Kediri,2025,Q1,2025-Q1,rawat_jalan,Demam Tifoid,A01,menular,510,Proyeksi (Model ML)
3506,Kabupaten Kediri,2025,Q2,2025-Q2,rawat_jalan,Demam Tifoid,A01,menular,474,Proyeksi (Model ML)
3506,Kabupaten Kediri,2025,Q3,2025-Q3,rawat_jalan,Demam Tifoid,A01,menular,511,Proyeksi (Model ML)
3506,Kabupaten Kediri,2025,Q4,2025-Q4,rawat_jalan,Demam Tifoid,A01,menular,469,Proyeksi (Model ML)
3506,Kabupaten Kediri,2025,Q1,2025-Q1,rawat_jalan,Diabetes Melitus Tipe 2,E11,tidak_menular,1465,Proyeksi (Model ML)
3506,Kabupaten Kediri,2025,Q2,2025-Q2,rawat_jalan,Diabetes Melitus Tipe 2,E11,tidak_menular,1587,Proyeksi (Model ML)
3506,Kabupaten Kediri,2025,Q3,2025-Q3,rawat_jalan,Diabetes Melitus Tipe 2,E11,tidak_menular,1544,Proyeksi (Model ML)
3506,Kabupaten Kediri,2025,Q4,2025-Q4,rawat_jalan,Diabetes Melitus Tipe 2,E11,tidak_menular,1515,Proyeksi (Model ML)
3506,Kabupaten Kediri,2025,Q1,2025-Q1,rawat_jalan,Diare dan Gastroenteritis,A09,menular,1161,Proyeksi (Model ML)
3506,Kabupaten Kediri,2025,Q2,2025-Q2,rawat_jalan,Diare dan Gastroenteritis,A09,menular,1088,Proyeksi (Model ML)
3506,Kabupaten Kediri,2025,Q3,2025-Q3,rawat_jalan,Diare dan Gastroenteritis,A09,menular,1201,Proyeksi (Model ML)
3506,Kabupaten Kediri,2025,Q4,2025-Q4,rawat_jalan,Diare dan Gastroenteritis,A09,menular,1176,Proyeksi (Model ML)
3506,Kabupaten Kediri,2025,Q1,2025-Q1,rawat_jalan,Gastritis dan Duodenitis,K29,tidak_menular,1135,Proyeksi (Model ML)
3506,Kabupaten Kediri,2025,Q2,2025-Q2,rawat_jalan,Gastritis dan Duodenitis,K29,tidak_menular,1093,Proyeksi (Model ML)
3506,Kabupaten Kediri,2025,Q3,2025-Q3,rawat_jalan,Gastritis dan Duodenitis,K29,tidak_menular,1126,Proyeksi (Model ML)
3506,Kabupaten Kediri,2025,Q4,2025-Q4,rawat_jalan,Gastritis dan Duodenitis,K29,tidak_menular,1158,Proyeksi (Model ML)
3506,Kabupaten Kediri,2025,Q1,2025-Q1,rawat_jalan,Hipertensi Esensial,I10,tidak_menular,2022,Proyeksi (Model ML)
3506,Kabupaten Kediri,2025,Q2,2025-Q2,rawat_jalan,Hipertensi Esensial,I10,tidak_menular,2120,Proyeksi (Model ML)
3506,Kabupaten Kediri,2025,Q3,2025-Q3,rawat_jalan,Hipertensi Esensial,I10,tidak_menular,2173,Proyeksi (Model ML)
3506,Kabupaten Kediri,2025,Q4,2025-Q4,rawat_jalan,Hipertensi Esensial,I10,tidak_menular,2041,Proyeksi (Model ML)
3506,Kabupaten Kediri,2025,Q1,2025-Q1,rawat_jalan,Infeksi Saluran Pernapasan Akut (ISPA),J06,menular,2229,Proyeksi (Model ML)
3506,Kabupaten Kediri,2025,Q2,2025-Q2,rawat_jalan,Infeksi Saluran Pernapasan Akut (ISPA),J06,menular,2237,Proyeksi (Model ML)
3506,Kabupaten Kediri,2025,Q3,2025-Q3,rawat_jalan,Infeksi Saluran Pernapasan Akut (ISPA),J06,menular,2411,Proyeksi (Model ML)
3506,Kabupaten Kediri,2025,Q4,2025-Q4,rawat_jalan,Infeksi Saluran Pernapasan Akut (ISPA),J06,menular,2320,Proyeksi (Model ML)
3507,Kabupaten Malang,2025,Q1,2025-Q1,rawat_inap,Demam Berdarah Dengue (DBD),A90,menular,898,Proyeksi (Model ML)
3507,Kabupaten Malang,2025,Q2,2025-Q2,rawat_inap,Demam Berdarah Dengue (DBD),A90,menular,859,Proyeksi (Model ML)
3507,Kabupaten Malang,2025,Q3,2025-Q3,rawat_inap,Demam Berdarah Dengue (DBD),A90,menular,847,Proyeksi (Model ML)
3507,Kabupaten Malang,2025,Q4,2025-Q4,rawat_inap,Demam Berdarah Dengue (DBD),A90,menular,877,Proyeksi (Model ML)
3507,Kabupaten Malang,2025,Q1,2025-Q1,rawat_inap,Penyakit Jantung Iskemik,I25,tidak_menular,753,Proyeksi (Model ML)
3507,Kabupaten Malang,2025,Q2,2025-Q2,rawat_inap,Penyakit Jantung Iskemik,I25,tidak_menular,779,Proyeksi (Model ML)
3507,Kabupaten Malang,2025,Q3,2025-Q3,rawat_inap,Penyakit Jantung Iskemik,I25,tidak_menular,719,Proyeksi (Model ML)
3507,Kabupaten Malang,2025,Q4,2025-Q4,rawat_inap,Penyakit Jantung Iskemik,I25,tidak_menular,758,Proyeksi (Model ML)
3507,Kabupaten Malang,2025,Q1,2025-Q1,rawat_inap,Pneumonia,J18,menular,688,Proyeksi (Model ML)
3507,Kabupaten Malang,2025,Q2,2025-Q2,rawat_inap,Pneumonia,J18,menular,646,Proyeksi (Model ML)
3507,Kabupaten Malang,2025,Q3,2025-Q3,rawat_inap,Pneumonia,J18,menular,702,Proyeksi (Model ML)
3507,Kabupaten Malang,2025,Q4,2025-Q4,rawat_inap,Pneumonia,J18,menular,616,Proyeksi (Model ML)
3507,Kabupaten Malang,2025,Q1,2025-Q1,rawat_inap,Tuberkulosis Paru (TB),A15,menular,662,Proyeksi (Model ML)
3507,Kabupaten Malang,2025,Q2,2025-Q2,rawat_inap,Tuberkulosis Paru (TB),A15,menular,571,Proyeksi (Model ML)
3507,Kabupaten Malang,2025,Q3,2025-Q3,rawat_inap,Tuberkulosis Paru (TB),A15,menular,543,Proyeksi (Model ML)
3507,Kabupaten Malang,2025,Q4,2025-Q4,rawat_inap,Tuberkulosis Paru (TB),A15,menular,542,Proyeksi (Model ML)
3507,Kabupaten Malang,2025,Q1,2025-Q1,rawat_jalan,Demam Tifoid,A01,menular,832,Proyeksi (Model ML)
3507,Kabupaten Malang,2025,Q2,2025-Q2,rawat_jalan,Demam Tifoid,A01,menular,773,Proyeksi (Model ML)
3507,Kabupaten Malang,2025,Q3,2025-Q3,rawat_jalan,Demam Tifoid,A01,menular,833,Proyeksi (Model ML)
3507,Kabupaten Malang,2025,Q4,2025-Q4,rawat_jalan,Demam Tifoid,A01,menular,765,Proyeksi (Model ML)
3507,Kabupaten Malang,2025,Q1,2025-Q1,rawat_jalan,Diabetes Melitus Tipe 2,E11,tidak_menular,2425,Proyeksi (Model ML)
3507,Kabupaten Malang,2025,Q2,2025-Q2,rawat_jalan,Diabetes Melitus Tipe 2,E11,tidak_menular,2628,Proyeksi (Model ML)
3507,Kabupaten Malang,2025,Q3,2025-Q3,rawat_jalan,Diabetes Melitus Tipe 2,E11,tidak_menular,2556,Proyeksi (Model ML)
3507,Kabupaten Malang,2025,Q4,2025-Q4,rawat_jalan,Diabetes Melitus Tipe 2,E11,tidak_menular,2508,Proyeksi (Model ML)
3507,Kabupaten Malang,2025,Q1,2025-Q1,rawat_jalan,Diare dan Gastroenteritis,A09,menular,1937,Proyeksi (Model ML)
3507,Kabupaten Malang,2025,Q2,2025-Q2,rawat_jalan,Diare dan Gastroenteritis,A09,menular,1815,Proyeksi (Model ML)
3507,Kabupaten Malang,2025,Q3,2025-Q3,rawat_jalan,Diare dan Gastroenteritis,A09,menular,2005,Proyeksi (Model ML)
3507,Kabupaten Malang,2025,Q4,2025-Q4,rawat_jalan,Diare dan Gastroenteritis,A09,menular,1963,Proyeksi (Model ML)
3507,Kabupaten Malang,2025,Q1,2025-Q1,rawat_jalan,Gastritis dan Duodenitis,K29,tidak_menular,1816,Proyeksi (Model ML)
3507,Kabupaten Malang,2025,Q2,2025-Q2,rawat_jalan,Gastritis dan Duodenitis,K29,tidak_menular,1749,Proyeksi (Model ML)
3507,Kabupaten Malang,2025,Q3,2025-Q3,rawat_jalan,Gastritis dan Duodenitis,K29,tidak_menular,1802,Proyeksi (Model ML)
3507,Kabupaten Malang,2025,Q4,2025-Q4,rawat_jalan,Gastritis dan Duodenitis,K29,tidak_menular,1854,Proyeksi (Model ML)
3507,Kabupaten Malang,2025,Q1,2025-Q1,rawat_jalan,Hipertensi Esensial,I10,tidak_menular,3488,Proyeksi (Model ML)
3507,Kabupaten Malang,2025,Q2,2025-Q2,rawat_jalan,Hipertensi Esensial,I10,tidak_menular,3657,Proyeksi (Model ML)
3507,Kabupaten Malang,2025,Q3,2025-Q3,rawat_jalan,Hipertensi Esensial,I10,tidak_menular,3749,Proyeksi (Model ML)
3507,Kabupaten Malang,2025,Q4,2025-Q4,rawat_jalan,Hipertensi Esensial,I10,tidak_menular,3522,Proyeksi (Model ML)
3507,Kabupaten Malang,2025,Q1,2025-Q1,rawat_jalan,Infeksi Saluran Pernapasan Akut (ISPA),J06,menular,3566,Proyeksi (Model ML)
3507,Kabupaten Malang,2025,Q2,2025-Q2,rawat_jalan,Infeksi Saluran Pernapasan Akut (ISPA),J06,menular,3578,Proyeksi (Model ML)
3507,Kabupaten Malang,2025,Q3,2025-Q3,rawat_jalan,Infeksi Saluran Pernapasan Akut (ISPA),J06,menular,3856,Proyeksi (Model ML)
3507,Kabupaten Malang,2025,Q4,2025-Q4,rawat_jalan,Infeksi Saluran Pernapasan Akut (ISPA),J06,menular,3711,Proyeksi (Model ML)
3508,Kabupaten Lumajang,2025,Q1,2025-Q1,rawat_inap,Demam Berdarah Dengue (DBD),A90,menular,492,Proyeksi (Model ML)
3508,Kabupaten Lumajang,2025,Q2,2025-Q2,rawat_inap,Demam Berdarah Dengue (DBD),A90,menular,471,Proyeksi (Model ML)
3508,Kabupaten Lumajang,2025,Q3,2025-Q3,rawat_inap,Demam Berdarah Dengue (DBD),A90,menular,464,Proyeksi (Model ML)
3508,Kabupaten Lumajang,2025,Q4,2025-Q4,rawat_inap,Demam Berdarah Dengue (DBD),A90,menular,480,Proyeksi (Model ML)
3508,Kabupaten Lumajang,2025,Q1,2025-Q1,rawat_inap,Penyakit Jantung Iskemik,I25,tidak_menular,386,Proyeksi (Model ML)
3508,Kabupaten Lumajang,2025,Q2,2025-Q2,rawat_inap,Penyakit Jantung Iskemik,I25,tidak_menular,400,Proyeksi (Model ML)
3508,Kabupaten Lumajang,2025,Q3,2025-Q3,rawat_inap,Penyakit Jantung Iskemik,I25,tidak_menular,369,Proyeksi (Model ML)
3508,Kabupaten Lumajang,2025,Q4,2025-Q4,rawat_inap,Penyakit Jantung Iskemik,I25,tidak_menular,389,Proyeksi (Model ML)
3508,Kabupaten Lumajang,2025,Q1,2025-Q1,rawat_inap,Pneumonia,J18,menular,332,Proyeksi (Model ML)
3508,Kabupaten Lumajang,2025,Q2,2025-Q2,rawat_inap,Pneumonia,J18,menular,312,Proyeksi (Model ML)
3508,Kabupaten Lumajang,2025,Q3,2025-Q3,rawat_inap,Pneumonia,J18,menular,339,Proyeksi (Model ML)
3508,Kabupaten Lumajang,2025,Q4,2025-Q4,rawat_inap,Pneumonia,J18,menular,297,Proyeksi (Model ML)
3508,Kabupaten Lumajang,2025,Q1,2025-Q1,rawat_inap,Tuberkulosis Paru (TB),A15,menular,341,Proyeksi (Model ML)
3508,Kabupaten Lumajang,2025,Q2,2025-Q2,rawat_inap,Tuberkulosis Paru (TB),A15,menular,294,Proyeksi (Model ML)
3508,Kabupaten Lumajang,2025,Q3,2025-Q3,rawat_inap,Tuberkulosis Paru (TB),A15,menular,280,Proyeksi (Model ML)
3508,Kabupaten Lumajang,2025,Q4,2025-Q4,rawat_inap,Tuberkulosis Paru (TB),A15,menular,279,Proyeksi (Model ML)
3508,Kabupaten Lumajang,2025,Q1,2025-Q1,rawat_jalan,Demam Tifoid,A01,menular,262,Proyeksi (Model ML)
3508,Kabupaten Lumajang,2025,Q2,2025-Q2,rawat_jalan,Demam Tifoid,A01,menular,244,Proyeksi (Model ML)
3508,Kabupaten Lumajang,2025,Q3,2025-Q3,rawat_jalan,Demam Tifoid,A01,menular,263,Proyeksi (Model ML)
3508,Kabupaten Lumajang,2025,Q4,2025-Q4,rawat_jalan,Demam Tifoid,A01,menular,241,Proyeksi (Model ML)
3508,Kabupaten Lumajang,2025,Q1,2025-Q1,rawat_jalan,Diabetes Melitus Tipe 2,E11,tidak_menular,837,Proyeksi (Model ML)
3508,Kabupaten Lumajang,2025,Q2,2025-Q2,rawat_jalan,Diabetes Melitus Tipe 2,E11,tidak_menular,907,Proyeksi (Model ML)
3508,Kabupaten Lumajang,2025,Q3,2025-Q3,rawat_jalan,Diabetes Melitus Tipe 2,E11,tidak_menular,883,Proyeksi (Model ML)
3508,Kabupaten Lumajang,2025,Q4,2025-Q4,rawat_jalan,Diabetes Melitus Tipe 2,E11,tidak_menular,866,Proyeksi (Model ML)
3508,Kabupaten Lumajang,2025,Q1,2025-Q1,rawat_jalan,Diare dan Gastroenteritis,A09,menular,1047,Proyeksi (Model ML)
3508,Kabupaten Lumajang,2025,Q2,2025-Q2,rawat_jalan,Diare dan Gastroenteritis,A09,menular,981,Proyeksi (Model ML)
3508,Kabupaten Lumajang,2025,Q3,2025-Q3,rawat_jalan,Diare dan Gastroenteritis,A09,menular,1084,Proyeksi (Model ML)
3508,Kabupaten Lumajang,2025,Q4,2025-Q4,rawat_jalan,Diare dan Gastroenteritis,A09,menular,1061,Proyeksi (Model ML)
3508,Kabupaten Lumajang,2025,Q1,2025-Q1,rawat_jalan,Gastritis dan Duodenitis,K29,tidak_menular,663,Proyeksi (Model ML)
3508,Kabupaten Lumajang,2025,Q2,2025-Q2,rawat_jalan,Gastritis dan Duodenitis,K29,tidak_menular,638,Proyeksi (Model ML)
3508,Kabupaten Lumajang,2025,Q3,2025-Q3,rawat_jalan,Gastritis dan Duodenitis,K29,tidak_menular,657,Proyeksi (Model ML)
3508,Kabupaten Lumajang,2025,Q4,2025-Q4,rawat_jalan,Gastritis dan Duodenitis,K29,tidak_menular,676,Proyeksi (Model ML)
3508,Kabupaten Lumajang,2025,Q1,2025-Q1,rawat_jalan,Hipertensi Esensial,I10,tidak_menular,1222,Proyeksi (Model ML)
3508,Kabupaten Lumajang,2025,Q2,2025-Q2,rawat_jalan,Hipertensi Esensial,I10,tidak_menular,1282,Proyeksi (Model ML)
3508,Kabupaten Lumajang,2025,Q3,2025-Q3,rawat_jalan,Hipertensi Esensial,I10,tidak_menular,1314,Proyeksi (Model ML)
3508,Kabupaten Lumajang,2025,Q4,2025-Q4,rawat_jalan,Hipertensi Esensial,I10,tidak_menular,1234,Proyeksi (Model ML)
3508,Kabupaten Lumajang,2025,Q1,2025-Q1,rawat_jalan,Infeksi Saluran Pernapasan Akut (ISPA),J06,menular,1668,Proyeksi (Model ML)
3508,Kabupaten Lumajang,2025,Q2,2025-Q2,rawat_jalan,Infeksi Saluran Pernapasan Akut (ISPA),J06,menular,1674,Proyeksi (Model ML)
3508,Kabupaten Lumajang,2025,Q3,2025-Q3,rawat_jalan,Infeksi Saluran Pernapasan Akut (ISPA),J06,menular,1804,Proyeksi (Model ML)
3508,Kabupaten Lumajang,2025,Q4,2025-Q4,rawat_jalan,Infeksi Saluran Pernapasan Akut (ISPA),J06,menular,1736,Proyeksi (Model ML)
3509,Kabupaten Jember,2025,Q1,2025-Q1,rawat_inap,Demam Berdarah Dengue (DBD),A90,menular,963,Proyeksi (Model ML)
3509,Kabupaten Jember,2025,Q2,2025-Q2,rawat_inap,Demam Berdarah Dengue (DBD),A90,menular,922,Proyeksi (Model ML)
3509,Kabupaten Jember,2025,Q3,2025-Q3,rawat_inap,Demam Berdarah Dengue (DBD),A90,menular,908,Proyeksi (Model ML)
3509,Kabupaten Jember,2025,Q4,2025-Q4,rawat_inap,Demam Berdarah Dengue (DBD),A90,menular,940,Proyeksi (Model ML)
3509,Kabupaten Jember,2025,Q1,2025-Q1,rawat_inap,Penyakit Jantung Iskemik,I25,tidak_menular,944,Proyeksi (Model ML)
3509,Kabupaten Jember,2025,Q2,2025-Q2,rawat_inap,Penyakit Jantung Iskemik,I25,tidak_menular,977,Proyeksi (Model ML)
3509,Kabupaten Jember,2025,Q3,2025-Q3,rawat_inap,Penyakit Jantung Iskemik,I25,tidak_menular,901,Proyeksi (Model ML)
3509,Kabupaten Jember,2025,Q4,2025-Q4,rawat_inap,Penyakit Jantung Iskemik,I25,tidak_menular,950,Proyeksi (Model ML)
3509,Kabupaten Jember,2025,Q1,2025-Q1,rawat_inap,Pneumonia,J18,menular,648,Proyeksi (Model ML)
3509,Kabupaten Jember,2025,Q2,2025-Q2,rawat_inap,Pneumonia,J18,menular,608,Proyeksi (Model ML)
3509,Kabupaten Jember,2025,Q3,2025-Q3,rawat_inap,Pneumonia,J18,menular,660,Proyeksi (Model ML)
3509,Kabupaten Jember,2025,Q4,2025-Q4,rawat_inap,Pneumonia,J18,menular,580,Proyeksi (Model ML)
3509,Kabupaten Jember,2025,Q1,2025-Q1,rawat_inap,Tuberkulosis Paru (TB),A15,menular,1157,Proyeksi (Model ML)
3509,Kabupaten Jember,2025,Q2,2025-Q2,rawat_inap,Tuberkulosis Paru (TB),A15,menular,999,Proyeksi (Model ML)
3509,Kabupaten Jember,2025,Q3,2025-Q3,rawat_inap,Tuberkulosis Paru (TB),A15,menular,950,Proyeksi (Model ML)
3509,Kabupaten Jember,2025,Q4,2025-Q4,rawat_inap,Tuberkulosis Paru (TB),A15,menular,948,Proyeksi (Model ML)
3509,Kabupaten Jember,2025,Q1,2025-Q1,rawat_jalan,Demam Tifoid,A01,menular,656,Proyeksi (Model ML)
3509,Kabupaten Jember,2025,Q2,2025-Q2,rawat_jalan,Demam Tifoid,A01,menular,610,Proyeksi (Model ML)
3509,Kabupaten Jember,2025,Q3,2025-Q3,rawat_jalan,Demam Tifoid,A01,menular,657,Proyeksi (Model ML)
3509,Kabupaten Jember,2025,Q4,2025-Q4,rawat_jalan,Demam Tifoid,A01,menular,603,Proyeksi (Model ML)
3509,Kabupaten Jember,2025,Q1,2025-Q1,rawat_jalan,Diabetes Melitus Tipe 2,E11,tidak_menular,1462,Proyeksi (Model ML)
3509,Kabupaten Jember,2025,Q2,2025-Q2,rawat_jalan,Diabetes Melitus Tipe 2,E11,tidak_menular,1584,Proyeksi (Model ML)
3509,Kabupaten Jember,2025,Q3,2025-Q3,rawat_jalan,Diabetes Melitus Tipe 2,E11,tidak_menular,1541,Proyeksi (Model ML)
3509,Kabupaten Jember,2025,Q4,2025-Q4,rawat_jalan,Diabetes Melitus Tipe 2,E11,tidak_menular,1512,Proyeksi (Model ML)
3509,Kabupaten Jember,2025,Q1,2025-Q1,rawat_jalan,Diare dan Gastroenteritis,A09,menular,1607,Proyeksi (Model ML)
3509,Kabupaten Jember,2025,Q2,2025-Q2,rawat_jalan,Diare dan Gastroenteritis,A09,menular,1506,Proyeksi (Model ML)
3509,Kabupaten Jember,2025,Q3,2025-Q3,rawat_jalan,Diare dan Gastroenteritis,A09,menular,1663,Proyeksi (Model ML)
3509,Kabupaten Jember,2025,Q4,2025-Q4,rawat_jalan,Diare dan Gastroenteritis,A09,menular,1629,Proyeksi (Model ML)
3509,Kabupaten Jember,2025,Q1,2025-Q1,rawat_jalan,Gastritis dan Duodenitis,K29,tidak_menular,1658,Proyeksi (Model ML)
3509,Kabupaten Jember,2025,Q2,2025-Q2,rawat_jalan,Gastritis dan Duodenitis,K29,tidak_menular,1596,Proyeksi (Model ML)
3509,Kabupaten Jember,2025,Q3,2025-Q3,rawat_jalan,Gastritis dan Duodenitis,K29,tidak_menular,1644,Proyeksi (Model ML)
3509,Kabupaten Jember,2025,Q4,2025-Q4,rawat_jalan,Gastritis dan Duodenitis,K29,tidak_menular,1692,Proyeksi (Model ML)
3509,Kabupaten Jember,2025,Q1,2025-Q1,rawat_jalan,Hipertensi Esensial,I10,tidak_menular,3340,Proyeksi (Model ML)
3509,Kabupaten Jember,2025,Q2,2025-Q2,rawat_jalan,Hipertensi Esensial,I10,tidak_menular,3502,Proyeksi (Model ML)
3509,Kabupaten Jember,2025,Q3,2025-Q3,rawat_jalan,Hipertensi Esensial,I10,tidak_menular,3590,Proyeksi (Model ML)
3509,Kabupaten Jember,2025,Q4,2025-Q4,rawat_jalan,Hipertensi Esensial,I10,tidak_menular,3372,Proyeksi (Model ML)
3509,Kabupaten Jember,2025,Q1,2025-Q1,rawat_jalan,Infeksi Saluran Pernapasan Akut (ISPA),J06,menular,3575,Proyeksi (Model ML)
3509,Kabupaten Jember,2025,Q2,2025-Q2,rawat_jalan,Infeksi Saluran Pernapasan Akut (ISPA),J06,menular,3588,Proyeksi (Model ML)
3509,Kabupaten Jember,2025,Q3,2025-Q3,rawat_jalan,Infeksi Saluran Pernapasan Akut (ISPA),J06,menular,3866,Proyeksi (Model ML)
3509,Kabupaten Jember,2025,Q4,2025-Q4,rawat_jalan,Infeksi Saluran Pernapasan Akut (ISPA),J06,menular,3721,Proyeksi (Model ML)
3510,Kabupaten Banyuwangi,2025,Q1,2025-Q1,rawat_inap,Demam Berdarah Dengue (DBD),A90,menular,617,Proyeksi (Model ML)
3510,Kabupaten Banyuwangi,2025,Q2,2025-Q2,rawat_inap,Demam Berdarah Dengue (DBD),A90,menular,591,Proyeksi (Model ML)
3510,Kabupaten Banyuwangi,2025,Q3,2025-Q3,rawat_inap,Demam Berdarah Dengue (DBD),A90,menular,582,Proyeksi (Model ML)
3510,Kabupaten Banyuwangi,2025,Q4,2025-Q4,rawat_inap,Demam Berdarah Dengue (DBD),A90,menular,603,Proyeksi (Model ML)
3510,Kabupaten Banyuwangi,2025,Q1,2025-Q1,rawat_inap,Penyakit Jantung Iskemik,I25,tidak_menular,661,Proyeksi (Model ML)
3510,Kabupaten Banyuwangi,2025,Q2,2025-Q2,rawat_inap,Penyakit Jantung Iskemik,I25,tidak_menular,684,Proyeksi (Model ML)
3510,Kabupaten Banyuwangi,2025,Q3,2025-Q3,rawat_inap,Penyakit Jantung Iskemik,I25,tidak_menular,631,Proyeksi (Model ML)
3510,Kabupaten Banyuwangi,2025,Q4,2025-Q4,rawat_inap,Penyakit Jantung Iskemik,I25,tidak_menular,665,Proyeksi (Model ML)
3510,Kabupaten Banyuwangi,2025,Q1,2025-Q1,rawat_inap,Pneumonia,J18,menular,404,Proyeksi (Model ML)
3510,Kabupaten Banyuwangi,2025,Q2,2025-Q2,rawat_inap,Pneumonia,J18,menular,380,Proyeksi (Model ML)
3510,Kabupaten Banyuwangi,2025,Q3,2025-Q3,rawat_inap,Pneumonia,J18,menular,412,Proyeksi (Model ML)
3510,Kabupaten Banyuwangi,2025,Q4,2025-Q4,rawat_inap,Pneumonia,J18,menular,362,Proyeksi (Model ML)
3510,Kabupaten Banyuwangi,2025,Q1,2025-Q1,rawat_inap,Tuberkulosis Paru (TB),A15,menular,588,Proyeksi (Model ML)
3510,Kabupaten Banyuwangi,2025,Q2,2025-Q2,rawat_inap,Tuberkulosis Paru (TB),A15,menular,508,Proyeksi (Model ML)
3510,Kabupaten Banyuwangi,2025,Q3,2025-Q3,rawat_inap,Tuberkulosis Paru (TB),A15,menular,482,Proyeksi (Model ML)
3510,Kabupaten Banyuwangi,2025,Q4,2025-Q4,rawat_inap,Tuberkulosis Paru (TB),A15,menular,482,Proyeksi (Model ML)
3510,Kabupaten Banyuwangi,2025,Q1,2025-Q1,rawat_jalan,Demam Tifoid,A01,menular,579,Proyeksi (Model ML)
3510,Kabupaten Banyuwangi,2025,Q2,2025-Q2,rawat_jalan,Demam Tifoid,A01,menular,538,Proyeksi (Model ML)
3510,Kabupaten Banyuwangi,2025,Q3,2025-Q3,rawat_jalan,Demam Tifoid,A01,menular,580,Proyeksi (Model ML)
3510,Kabupaten Banyuwangi,2025,Q4,2025-Q4,rawat_jalan,Demam Tifoid,A01,menular,532,Proyeksi (Model ML)
3510,Kabupaten Banyuwangi,2025,Q1,2025-Q1,rawat_jalan,Diabetes Melitus Tipe 2,E11,tidak_menular,1227,Proyeksi (Model ML)
3510,Kabupaten Banyuwangi,2025,Q2,2025-Q2,rawat_jalan,Diabetes Melitus Tipe 2,E11,tidak_menular,1330,Proyeksi (Model ML)
3510,Kabupaten Banyuwangi,2025,Q3,2025-Q3,rawat_jalan,Diabetes Melitus Tipe 2,E11,tidak_menular,1293,Proyeksi (Model ML)
3510,Kabupaten Banyuwangi,2025,Q4,2025-Q4,rawat_jalan,Diabetes Melitus Tipe 2,E11,tidak_menular,1269,Proyeksi (Model ML)
3510,Kabupaten Banyuwangi,2025,Q1,2025-Q1,rawat_jalan,Diare dan Gastroenteritis,A09,menular,1203,Proyeksi (Model ML)
3510,Kabupaten Banyuwangi,2025,Q2,2025-Q2,rawat_jalan,Diare dan Gastroenteritis,A09,menular,1128,Proyeksi (Model ML)
3510,Kabupaten Banyuwangi,2025,Q3,2025-Q3,rawat_jalan,Diare dan Gastroenteritis,A09,menular,1245,Proyeksi (Model ML)
3510,Kabupaten Banyuwangi,2025,Q4,2025-Q4,rawat_jalan,Diare dan Gastroenteritis,A09,menular,1219,Proyeksi (Model ML)
3510,Kabupaten Banyuwangi,2025,Q1,2025-Q1,rawat_jalan,Gastritis dan Duodenitis,K29,tidak_menular,1138,Proyeksi (Model ML)
3510,Kabupaten Banyuwangi,2025,Q2,2025-Q2,rawat_jalan,Gastritis dan Duodenitis,K29,tidak_menular,1095,Proyeksi (Model ML)
3510,Kabupaten Banyuwangi,2025,Q3,2025-Q3,rawat_jalan,Gastritis dan Duodenitis,K29,tidak_menular,1128,Proyeksi (Model ML)
3510,Kabupaten Banyuwangi,2025,Q4,2025-Q4,rawat_jalan,Gastritis dan Duodenitis,K29,tidak_menular,1161,Proyeksi (Model ML)
3510,Kabupaten Banyuwangi,2025,Q1,2025-Q1,rawat_jalan,Hipertensi Esensial,I10,tidak_menular,2415,Proyeksi (Model ML)
3510,Kabupaten Banyuwangi,2025,Q2,2025-Q2,rawat_jalan,Hipertensi Esensial,I10,tidak_menular,2532,Proyeksi (Model ML)
3510,Kabupaten Banyuwangi,2025,Q3,2025-Q3,rawat_jalan,Hipertensi Esensial,I10,tidak_menular,2596,Proyeksi (Model ML)
3510,Kabupaten Banyuwangi,2025,Q4,2025-Q4,rawat_jalan,Hipertensi Esensial,I10,tidak_menular,2438,Proyeksi (Model ML)
3510,Kabupaten Banyuwangi,2025,Q1,2025-Q1,rawat_jalan,Infeksi Saluran Pernapasan Akut (ISPA),J06,menular,1815,Proyeksi (Model ML)
3510,Kabupaten Banyuwangi,2025,Q2,2025-Q2,rawat_jalan,Infeksi Saluran Pernapasan Akut (ISPA),J06,menular,1822,Proyeksi (Model ML)
3510,Kabupaten Banyuwangi,2025,Q3,2025-Q3,rawat_jalan,Infeksi Saluran Pernapasan Akut (ISPA),J06,menular,1963,Proyeksi (Model ML)
3510,Kabupaten Banyuwangi,2025,Q4,2025-Q4,rawat_jalan,Infeksi Saluran Pernapasan Akut (ISPA),J06,menular,1890,Proyeksi (Model ML)
3511,Kabupaten Bondowoso,2025,Q1,2025-Q1,rawat_inap,Demam Berdarah Dengue (DBD),A90,menular,350,Proyeksi (Model ML)
3511,Kabupaten Bondowoso,2025,Q2,2025-Q2,rawat_inap,Demam Berdarah Dengue (DBD),A90,menular,335,Proyeksi (Model ML)
3511,Kabupaten Bondowoso,2025,Q3,2025-Q3,rawat_inap,Demam Berdarah Dengue (DBD),A90,menular,330,Proyeksi (Model ML)
3511,Kabupaten Bondowoso,2025,Q4,2025-Q4,rawat_inap,Demam Berdarah Dengue (DBD),A90,menular,342,Proyeksi (Model ML)
3511,Kabupaten Bondowoso,2025,Q1,2025-Q1,rawat_inap,Penyakit Jantung Iskemik,I25,tidak_menular,242,Proyeksi (Model ML)
3511,Kabupaten Bondowoso,2025,Q2,2025-Q2,rawat_inap,Penyakit Jantung Iskemik,I25,tidak_menular,250,Proyeksi (Model ML)
3511,Kabupaten Bondowoso,2025,Q3,2025-Q3,rawat_inap,Penyakit Jantung Iskemik,I25,tidak_menular,231,Proyeksi (Model ML)
3511,Kabupaten Bondowoso,2025,Q4,2025-Q4,rawat_inap,Penyakit Jantung Iskemik,I25,tidak_menular,243,Proyeksi (Model ML)
3511,Kabupaten Bondowoso,2025,Q1,2025-Q1,rawat_inap,Pneumonia,J18,menular,232,Proyeksi (Model ML)
3511,Kabupaten Bondowoso,2025,Q2,2025-Q2,rawat_inap,Pneumonia,J18,menular,218,Proyeksi (Model ML)
3511,Kabupaten Bondowoso,2025,Q3,2025-Q3,rawat_inap,Pneumonia,J18,menular,237,Proyeksi (Model ML)
3511,Kabupaten Bondowoso,2025,Q4,2025-Q4,rawat_inap,Pneumonia,J18,menular,208,Proyeksi (Model ML)
3511,Kabupaten Bondowoso,2025,Q1,2025-Q1,rawat_inap,Tuberkulosis Paru (TB),A15,menular,207,Proyeksi (Model ML)
3511,Kabupaten Bondowoso,2025,Q2,2025-Q2,rawat_inap,Tuberkulosis Paru (TB),A15,menular,179,Proyeksi (Model ML)
3511,Kabupaten Bondowoso,2025,Q3,2025-Q3,rawat_inap,Tuberkulosis Paru (TB),A15,menular,170,Proyeksi (Model ML)
3511,Kabupaten Bondowoso,2025,Q4,2025-Q4,rawat_inap,Tuberkulosis Paru (TB),A15,menular,169,Proyeksi (Model ML)
3511,Kabupaten Bondowoso,2025,Q1,2025-Q1,rawat_jalan,Demam Tifoid,A01,menular,330,Proyeksi (Model ML)
3511,Kabupaten Bondowoso,2025,Q2,2025-Q2,rawat_jalan,Demam Tifoid,A01,menular,307,Proyeksi (Model ML)
3511,Kabupaten Bondowoso,2025,Q3,2025-Q3,rawat_jalan,Demam Tifoid,A01,menular,331,Proyeksi (Model ML)
3511,Kabupaten Bondowoso,2025,Q4,2025-Q4,rawat_jalan,Demam Tifoid,A01,menular,304,Proyeksi (Model ML)
3511,Kabupaten Bondowoso,2025,Q1,2025-Q1,rawat_jalan,Diabetes Melitus Tipe 2,E11,tidak_menular,644,Proyeksi (Model ML)
3511,Kabupaten Bondowoso,2025,Q2,2025-Q2,rawat_jalan,Diabetes Melitus Tipe 2,E11,tidak_menular,698,Proyeksi (Model ML)
3511,Kabupaten Bondowoso,2025,Q3,2025-Q3,rawat_jalan,Diabetes Melitus Tipe 2,E11,tidak_menular,679,Proyeksi (Model ML)
3511,Kabupaten Bondowoso,2025,Q4,2025-Q4,rawat_jalan,Diabetes Melitus Tipe 2,E11,tidak_menular,666,Proyeksi (Model ML)
3511,Kabupaten Bondowoso,2025,Q1,2025-Q1,rawat_jalan,Diare dan Gastroenteritis,A09,menular,693,Proyeksi (Model ML)
3511,Kabupaten Bondowoso,2025,Q2,2025-Q2,rawat_jalan,Diare dan Gastroenteritis,A09,menular,650,Proyeksi (Model ML)
3511,Kabupaten Bondowoso,2025,Q3,2025-Q3,rawat_jalan,Diare dan Gastroenteritis,A09,menular,717,Proyeksi (Model ML)
3511,Kabupaten Bondowoso,2025,Q4,2025-Q4,rawat_jalan,Diare dan Gastroenteritis,A09,menular,702,Proyeksi (Model ML)
3511,Kabupaten Bondowoso,2025,Q1,2025-Q1,rawat_jalan,Gastritis dan Duodenitis,K29,tidak_menular,549,Proyeksi (Model ML)
3511,Kabupaten Bondowoso,2025,Q2,2025-Q2,rawat_jalan,Gastritis dan Duodenitis,K29,tidak_menular,528,Proyeksi (Model ML)
3511,Kabupaten Bondowoso,2025,Q3,2025-Q3,rawat_jalan,Gastritis dan Duodenitis,K29,tidak_menular,544,Proyeksi (Model ML)
3511,Kabupaten Bondowoso,2025,Q4,2025-Q4,rawat_jalan,Gastritis dan Duodenitis,K29,tidak_menular,560,Proyeksi (Model ML)
3511,Kabupaten Bondowoso,2025,Q1,2025-Q1,rawat_jalan,Hipertensi Esensial,I10,tidak_menular,1038,Proyeksi (Model ML)
3511,Kabupaten Bondowoso,2025,Q2,2025-Q2,rawat_jalan,Hipertensi Esensial,I10,tidak_menular,1089,Proyeksi (Model ML)
3511,Kabupaten Bondowoso,2025,Q3,2025-Q3,rawat_jalan,Hipertensi Esensial,I10,tidak_menular,1116,Proyeksi (Model ML)
3511,Kabupaten Bondowoso,2025,Q4,2025-Q4,rawat_jalan,Hipertensi Esensial,I10,tidak_menular,1048,Proyeksi (Model ML)
3511,Kabupaten Bondowoso,2025,Q1,2025-Q1,rawat_jalan,Infeksi Saluran Pernapasan Akut (ISPA),J06,menular,809,Proyeksi (Model ML)
3511,Kabupaten Bondowoso,2025,Q2,2025-Q2,rawat_jalan,Infeksi Saluran Pernapasan Akut (ISPA),J06,menular,812,Proyeksi (Model ML)
3511,Kabupaten Bondowoso,2025,Q3,2025-Q3,rawat_jalan,Infeksi Saluran Pernapasan Akut (ISPA),J06,menular,875,Proyeksi (Model ML)
3511,Kabupaten Bondowoso,2025,Q4,2025-Q4,rawat_jalan,Infeksi Saluran Pernapasan Akut (ISPA),J06,menular,842,Proyeksi (Model ML)
3512,Kabupaten Situbondo,2025,Q1,2025-Q1,rawat_inap,Demam Berdarah Dengue (DBD),A90,menular,406,Proyeksi (Model ML)
3512,Kabupaten Situbondo,2025,Q2,2025-Q2,rawat_inap,Demam Berdarah Dengue (DBD),A90,menular,388,Proyeksi (Model ML)
3512,Kabupaten Situbondo,2025,Q3,2025-Q3,rawat_inap,Demam Berdarah Dengue (DBD),A90,menular,383,Proyeksi (Model ML)
3512,Kabupaten Situbondo,2025,Q4,2025-Q4,rawat_inap,Demam Berdarah Dengue (DBD),A90,menular,396,Proyeksi (Model ML)
3512,Kabupaten Situbondo,2025,Q1,2025-Q1,rawat_inap,Penyakit Jantung Iskemik,I25,tidak_menular,191,Proyeksi (Model ML)
3512,Kabupaten Situbondo,2025,Q2,2025-Q2,rawat_inap,Penyakit Jantung Iskemik,I25,tidak_menular,198,Proyeksi (Model ML)
3512,Kabupaten Situbondo,2025,Q3,2025-Q3,rawat_inap,Penyakit Jantung Iskemik,I25,tidak_menular,183,Proyeksi (Model ML)
3512,Kabupaten Situbondo,2025,Q4,2025-Q4,rawat_inap,Penyakit Jantung Iskemik,I25,tidak_menular,193,Proyeksi (Model ML)
3512,Kabupaten Situbondo,2025,Q1,2025-Q1,rawat_inap,Pneumonia,J18,menular,152,Proyeksi (Model ML)
3512,Kabupaten Situbondo,2025,Q2,2025-Q2,rawat_inap,Pneumonia,J18,menular,143,Proyeksi (Model ML)
3512,Kabupaten Situbondo,2025,Q3,2025-Q3,rawat_inap,Pneumonia,J18,menular,155,Proyeksi (Model ML)
3512,Kabupaten Situbondo,2025,Q4,2025-Q4,rawat_inap,Pneumonia,J18,menular,136,Proyeksi (Model ML)
3512,Kabupaten Situbondo,2025,Q1,2025-Q1,rawat_inap,Tuberkulosis Paru (TB),A15,menular,227,Proyeksi (Model ML)
3512,Kabupaten Situbondo,2025,Q2,2025-Q2,rawat_inap,Tuberkulosis Paru (TB),A15,menular,196,Proyeksi (Model ML)
3512,Kabupaten Situbondo,2025,Q3,2025-Q3,rawat_inap,Tuberkulosis Paru (TB),A15,menular,186,Proyeksi (Model ML)
3512,Kabupaten Situbondo,2025,Q4,2025-Q4,rawat_inap,Tuberkulosis Paru (TB),A15,menular,186,Proyeksi (Model ML)
3512,Kabupaten Situbondo,2025,Q1,2025-Q1,rawat_jalan,Demam Tifoid,A01,menular,295,Proyeksi (Model ML)
3512,Kabupaten Situbondo,2025,Q2,2025-Q2,rawat_jalan,Demam Tifoid,A01,menular,274,Proyeksi (Model ML)
3512,Kabupaten Situbondo,2025,Q3,2025-Q3,rawat_jalan,Demam Tifoid,A01,menular,296,Proyeksi (Model ML)
3512,Kabupaten Situbondo,2025,Q4,2025-Q4,rawat_jalan,Demam Tifoid,A01,menular,272,Proyeksi (Model ML)
3512,Kabupaten Situbondo,2025,Q1,2025-Q1,rawat_jalan,Diabetes Melitus Tipe 2,E11,tidak_menular,521,Proyeksi (Model ML)
3512,Kabupaten Situbondo,2025,Q2,2025-Q2,rawat_jalan,Diabetes Melitus Tipe 2,E11,tidak_menular,564,Proyeksi (Model ML)
3512,Kabupaten Situbondo,2025,Q3,2025-Q3,rawat_jalan,Diabetes Melitus Tipe 2,E11,tidak_menular,549,Proyeksi (Model ML)
3512,Kabupaten Situbondo,2025,Q4,2025-Q4,rawat_jalan,Diabetes Melitus Tipe 2,E11,tidak_menular,538,Proyeksi (Model ML)
3512,Kabupaten Situbondo,2025,Q1,2025-Q1,rawat_jalan,Diare dan Gastroenteritis,A09,menular,477,Proyeksi (Model ML)
3512,Kabupaten Situbondo,2025,Q2,2025-Q2,rawat_jalan,Diare dan Gastroenteritis,A09,menular,447,Proyeksi (Model ML)
3512,Kabupaten Situbondo,2025,Q3,2025-Q3,rawat_jalan,Diare dan Gastroenteritis,A09,menular,494,Proyeksi (Model ML)
3512,Kabupaten Situbondo,2025,Q4,2025-Q4,rawat_jalan,Diare dan Gastroenteritis,A09,menular,483,Proyeksi (Model ML)
3512,Kabupaten Situbondo,2025,Q1,2025-Q1,rawat_jalan,Gastritis dan Duodenitis,K29,tidak_menular,495,Proyeksi (Model ML)
3512,Kabupaten Situbondo,2025,Q2,2025-Q2,rawat_jalan,Gastritis dan Duodenitis,K29,tidak_menular,476,Proyeksi (Model ML)
3512,Kabupaten Situbondo,2025,Q3,2025-Q3,rawat_jalan,Gastritis dan Duodenitis,K29,tidak_menular,491,Proyeksi (Model ML)
3512,Kabupaten Situbondo,2025,Q4,2025-Q4,rawat_jalan,Gastritis dan Duodenitis,K29,tidak_menular,505,Proyeksi (Model ML)
3512,Kabupaten Situbondo,2025,Q1,2025-Q1,rawat_jalan,Hipertensi Esensial,I10,tidak_menular,1041,Proyeksi (Model ML)
3512,Kabupaten Situbondo,2025,Q2,2025-Q2,rawat_jalan,Hipertensi Esensial,I10,tidak_menular,1091,Proyeksi (Model ML)
3512,Kabupaten Situbondo,2025,Q3,2025-Q3,rawat_jalan,Hipertensi Esensial,I10,tidak_menular,1119,Proyeksi (Model ML)
3512,Kabupaten Situbondo,2025,Q4,2025-Q4,rawat_jalan,Hipertensi Esensial,I10,tidak_menular,1051,Proyeksi (Model ML)
3512,Kabupaten Situbondo,2025,Q1,2025-Q1,rawat_jalan,Infeksi Saluran Pernapasan Akut (ISPA),J06,menular,1023,Proyeksi (Model ML)
3512,Kabupaten Situbondo,2025,Q2,2025-Q2,rawat_jalan,Infeksi Saluran Pernapasan Akut (ISPA),J06,menular,1027,Proyeksi (Model ML)
3512,Kabupaten Situbondo,2025,Q3,2025-Q3,rawat_jalan,Infeksi Saluran Pernapasan Akut (ISPA),J06,menular,1107,Proyeksi (Model ML)
3512,Kabupaten Situbondo,2025,Q4,2025-Q4,rawat_jalan,Infeksi Saluran Pernapasan Akut (ISPA),J06,menular,1065,Proyeksi (Model ML)
3513,Kabupaten Probolinggo,2025,Q1,2025-Q1,rawat_inap,Demam Berdarah Dengue (DBD),A90,menular,583,Proyeksi (Model ML)
3513,Kabupaten Probolinggo,2025,Q2,2025-Q2,rawat_inap,Demam Berdarah Dengue (DBD),A90,menular,558,Proyeksi (Model ML)
3513,Kabupaten Probolinggo,2025,Q3,2025-Q3,rawat_inap,Demam Berdarah Dengue (DBD),A90,menular,550,Proyeksi (Model ML)
3513,Kabupaten Probolinggo,2025,Q4,2025-Q4,rawat_inap,Demam Berdarah Dengue (DBD),A90,menular,570,Proyeksi (Model ML)
3513,Kabupaten Probolinggo,2025,Q1,2025-Q1,rawat_inap,Penyakit Jantung Iskemik,I25,tidak_menular,330,Proyeksi (Model ML)
3513,Kabupaten Probolinggo,2025,Q2,2025-Q2,rawat_inap,Penyakit Jantung Iskemik,I25,tidak_menular,342,Proyeksi (Model ML)
3513,Kabupaten Probolinggo,2025,Q3,2025-Q3,rawat_inap,Penyakit Jantung Iskemik,I25,tidak_menular,315,Proyeksi (Model ML)
3513,Kabupaten Probolinggo,2025,Q4,2025-Q4,rawat_inap,Penyakit Jantung Iskemik,I25,tidak_menular,333,Proyeksi (Model ML)
3513,Kabupaten Probolinggo,2025,Q1,2025-Q1,rawat_inap,Pneumonia,J18,menular,219,Proyeksi (Model ML)
3513,Kabupaten Probolinggo,2025,Q2,2025-Q2,rawat_inap,Pneumonia,J18,menular,206,Proyeksi (Model ML)
3513,Kabupaten Probolinggo,2025,Q3,2025-Q3,rawat_inap,Pneumonia,J18,menular,223,Proyeksi (Model ML)
3513,Kabupaten Probolinggo,2025,Q4,2025-Q4,rawat_inap,Pneumonia,J18,menular,196,Proyeksi (Model ML)
3513,Kabupaten Probolinggo,2025,Q1,2025-Q1,rawat_inap,Tuberkulosis Paru (TB),A15,menular,370,Proyeksi (Model ML)
3513,Kabupaten Probolinggo,2025,Q2,2025-Q2,rawat_inap,Tuberkulosis Paru (TB),A15,menular,319,Proyeksi (Model ML)
3513,Kabupaten Probolinggo,2025,Q3,2025-Q3,rawat_inap,Tuberkulosis Paru (TB),A15,menular,303,Proyeksi (Model ML)
3513,Kabupaten Probolinggo,2025,Q4,2025-Q4,rawat_inap,Tuberkulosis Paru (TB),A15,menular,303,Proyeksi (Model ML)
3513,Kabupaten Probolinggo,2025,Q1,2025-Q1,rawat_jalan,Demam Tifoid,A01,menular,420,Proyeksi (Model ML)
3513,Kabupaten Probolinggo,2025,Q2,2025-Q2,rawat_jalan,Demam Tifoid,A01,menular,390,Proyeksi (Model ML)
3513,Kabupaten Probolinggo,2025,Q3,2025-Q3,rawat_jalan,Demam Tifoid,A01,menular,421,Proyeksi (Model ML)
3513,Kabupaten Probolinggo,2025,Q4,2025-Q4,rawat_jalan,Demam Tifoid,A01,menular,386,Proyeksi (Model ML)
3513,Kabupaten Probolinggo,2025,Q1,2025-Q1,rawat_jalan,Diabetes Melitus Tipe 2,E11,tidak_menular,976,Proyeksi (Model ML)
3513,Kabupaten Probolinggo,2025,Q2,2025-Q2,rawat_jalan,Diabetes Melitus Tipe 2,E11,tidak_menular,1057,Proyeksi (Model ML)
3513,Kabupaten Probolinggo,2025,Q3,2025-Q3,rawat_jalan,Diabetes Melitus Tipe 2,E11,tidak_menular,1028,Proyeksi (Model ML)
3513,Kabupaten Probolinggo,2025,Q4,2025-Q4,rawat_jalan,Diabetes Melitus Tipe 2,E11,tidak_menular,1009,Proyeksi (Model ML)
3513,Kabupaten Probolinggo,2025,Q1,2025-Q1,rawat_jalan,Diare dan Gastroenteritis,A09,menular,821,Proyeksi (Model ML)
3513,Kabupaten Probolinggo,2025,Q2,2025-Q2,rawat_jalan,Diare dan Gastroenteritis,A09,menular,769,Proyeksi (Model ML)
3513,Kabupaten Probolinggo,2025,Q3,2025-Q3,rawat_jalan,Diare dan Gastroenteritis,A09,menular,850,Proyeksi (Model ML)
3513,Kabupaten Probolinggo,2025,Q4,2025-Q4,rawat_jalan,Diare dan Gastroenteritis,A09,menular,832,Proyeksi (Model ML)
3513,Kabupaten Probolinggo,2025,Q1,2025-Q1,rawat_jalan,Gastritis dan Duodenitis,K29,tidak_menular,712,Proyeksi (Model ML)
3513,Kabupaten Probolinggo,2025,Q2,2025-Q2,rawat_jalan,Gastritis dan Duodenitis,K29,tidak_menular,685,Proyeksi (Model ML)
3513,Kabupaten Probolinggo,2025,Q3,2025-Q3,rawat_jalan,Gastritis dan Duodenitis,K29,tidak_menular,706,Proyeksi (Model ML)
3513,Kabupaten Probolinggo,2025,Q4,2025-Q4,rawat_jalan,Gastritis dan Duodenitis,K29,tidak_menular,727,Proyeksi (Model ML)
3513,Kabupaten Probolinggo,2025,Q1,2025-Q1,rawat_jalan,Hipertensi Esensial,I10,tidak_menular,1562,Proyeksi (Model ML)
3513,Kabupaten Probolinggo,2025,Q2,2025-Q2,rawat_jalan,Hipertensi Esensial,I10,tidak_menular,1638,Proyeksi (Model ML)
3513,Kabupaten Probolinggo,2025,Q3,2025-Q3,rawat_jalan,Hipertensi Esensial,I10,tidak_menular,1679,Proyeksi (Model ML)
3513,Kabupaten Probolinggo,2025,Q4,2025-Q4,rawat_jalan,Hipertensi Esensial,I10,tidak_menular,1577,Proyeksi (Model ML)
3513,Kabupaten Probolinggo,2025,Q1,2025-Q1,rawat_jalan,Infeksi Saluran Pernapasan Akut (ISPA),J06,menular,1891,Proyeksi (Model ML)
3513,Kabupaten Probolinggo,2025,Q2,2025-Q2,rawat_jalan,Infeksi Saluran Pernapasan Akut (ISPA),J06,menular,1898,Proyeksi (Model ML)
3513,Kabupaten Probolinggo,2025,Q3,2025-Q3,rawat_jalan,Infeksi Saluran Pernapasan Akut (ISPA),J06,menular,2045,Proyeksi (Model ML)
3513,Kabupaten Probolinggo,2025,Q4,2025-Q4,rawat_jalan,Infeksi Saluran Pernapasan Akut (ISPA),J06,menular,1968,Proyeksi (Model ML)
3514,Kabupaten Pasuruan,2025,Q1,2025-Q1,rawat_inap,Demam Berdarah Dengue (DBD),A90,menular,602,Proyeksi (Model ML)
3514,Kabupaten Pasuruan,2025,Q2,2025-Q2,rawat_inap,Demam Berdarah Dengue (DBD),A90,menular,576,Proyeksi (Model ML)
3514,Kabupaten Pasuruan,2025,Q3,2025-Q3,rawat_inap,Demam Berdarah Dengue (DBD),A90,menular,568,Proyeksi (Model ML)
3514,Kabupaten Pasuruan,2025,Q4,2025-Q4,rawat_inap,Demam Berdarah Dengue (DBD),A90,menular,588,Proyeksi (Model ML)
3514,Kabupaten Pasuruan,2025,Q1,2025-Q1,rawat_inap,Penyakit Jantung Iskemik,I25,tidak_menular,574,Proyeksi (Model ML)
3514,Kabupaten Pasuruan,2025,Q2,2025-Q2,rawat_inap,Penyakit Jantung Iskemik,I25,tidak_menular,595,Proyeksi (Model ML)
3514,Kabupaten Pasuruan,2025,Q3,2025-Q3,rawat_inap,Penyakit Jantung Iskemik,I25,tidak_menular,548,Proyeksi (Model ML)
3514,Kabupaten Pasuruan,2025,Q4,2025-Q4,rawat_inap,Penyakit Jantung Iskemik,I25,tidak_menular,579,Proyeksi (Model ML)
3514,Kabupaten Pasuruan,2025,Q1,2025-Q1,rawat_inap,Pneumonia,J18,menular,453,Proyeksi (Model ML)
3514,Kabupaten Pasuruan,2025,Q2,2025-Q2,rawat_inap,Pneumonia,J18,menular,425,Proyeksi (Model ML)
3514,Kabupaten Pasuruan,2025,Q3,2025-Q3,rawat_inap,Pneumonia,J18,menular,462,Proyeksi (Model ML)
3514,Kabupaten Pasuruan,2025,Q4,2025-Q4,rawat_inap,Pneumonia,J18,menular,405,Proyeksi (Model ML)
3514,Kabupaten Pasuruan,2025,Q1,2025-Q1,rawat_inap,Tuberkulosis Paru (TB),A15,menular,494,Proyeksi (Model ML)
3514,Kabupaten Pasuruan,2025,Q2,2025-Q2,rawat_inap,Tuberkulosis Paru (TB),A15,menular,427,Proyeksi (Model ML)
3514,Kabupaten Pasuruan,2025,Q3,2025-Q3,rawat_inap,Tuberkulosis Paru (TB),A15,menular,406,Proyeksi (Model ML)
3514,Kabupaten Pasuruan,2025,Q4,2025-Q4,rawat_inap,Tuberkulosis Paru (TB),A15,menular,405,Proyeksi (Model ML)
3514,Kabupaten Pasuruan,2025,Q1,2025-Q1,rawat_jalan,Demam Tifoid,A01,menular,587,Proyeksi (Model ML)
3514,Kabupaten Pasuruan,2025,Q2,2025-Q2,rawat_jalan,Demam Tifoid,A01,menular,546,Proyeksi (Model ML)
3514,Kabupaten Pasuruan,2025,Q3,2025-Q3,rawat_jalan,Demam Tifoid,A01,menular,588,Proyeksi (Model ML)
3514,Kabupaten Pasuruan,2025,Q4,2025-Q4,rawat_jalan,Demam Tifoid,A01,menular,540,Proyeksi (Model ML)
3514,Kabupaten Pasuruan,2025,Q1,2025-Q1,rawat_jalan,Diabetes Melitus Tipe 2,E11,tidak_menular,992,Proyeksi (Model ML)
3514,Kabupaten Pasuruan,2025,Q2,2025-Q2,rawat_jalan,Diabetes Melitus Tipe 2,E11,tidak_menular,1075,Proyeksi (Model ML)
3514,Kabupaten Pasuruan,2025,Q3,2025-Q3,rawat_jalan,Diabetes Melitus Tipe 2,E11,tidak_menular,1046,Proyeksi (Model ML)
3514,Kabupaten Pasuruan,2025,Q4,2025-Q4,rawat_jalan,Diabetes Melitus Tipe 2,E11,tidak_menular,1026,Proyeksi (Model ML)
3514,Kabupaten Pasuruan,2025,Q1,2025-Q1,rawat_jalan,Diare dan Gastroenteritis,A09,menular,1321,Proyeksi (Model ML)
3514,Kabupaten Pasuruan,2025,Q2,2025-Q2,rawat_jalan,Diare dan Gastroenteritis,A09,menular,1237,Proyeksi (Model ML)
3514,Kabupaten Pasuruan,2025,Q3,2025-Q3,rawat_jalan,Diare dan Gastroenteritis,A09,menular,1367,Proyeksi (Model ML)
3514,Kabupaten Pasuruan,2025,Q4,2025-Q4,rawat_jalan,Diare dan Gastroenteritis,A09,menular,1338,Proyeksi (Model ML)
3514,Kabupaten Pasuruan,2025,Q1,2025-Q1,rawat_jalan,Gastritis dan Duodenitis,K29,tidak_menular,1069,Proyeksi (Model ML)
3514,Kabupaten Pasuruan,2025,Q2,2025-Q2,rawat_jalan,Gastritis dan Duodenitis,K29,tidak_menular,1029,Proyeksi (Model ML)
3514,Kabupaten Pasuruan,2025,Q3,2025-Q3,rawat_jalan,Gastritis dan Duodenitis,K29,tidak_menular,1060,Proyeksi (Model ML)
3514,Kabupaten Pasuruan,2025,Q4,2025-Q4,rawat_jalan,Gastritis dan Duodenitis,K29,tidak_menular,1091,Proyeksi (Model ML)
3514,Kabupaten Pasuruan,2025,Q1,2025-Q1,rawat_jalan,Hipertensi Esensial,I10,tidak_menular,2084,Proyeksi (Model ML)
3514,Kabupaten Pasuruan,2025,Q2,2025-Q2,rawat_jalan,Hipertensi Esensial,I10,tidak_menular,2185,Proyeksi (Model ML)
3514,Kabupaten Pasuruan,2025,Q3,2025-Q3,rawat_jalan,Hipertensi Esensial,I10,tidak_menular,2240,Proyeksi (Model ML)
3514,Kabupaten Pasuruan,2025,Q4,2025-Q4,rawat_jalan,Hipertensi Esensial,I10,tidak_menular,2104,Proyeksi (Model ML)
3514,Kabupaten Pasuruan,2025,Q1,2025-Q1,rawat_jalan,Infeksi Saluran Pernapasan Akut (ISPA),J06,menular,2176,Proyeksi (Model ML)
3514,Kabupaten Pasuruan,2025,Q2,2025-Q2,rawat_jalan,Infeksi Saluran Pernapasan Akut (ISPA),J06,menular,2183,Proyeksi (Model ML)
3514,Kabupaten Pasuruan,2025,Q3,2025-Q3,rawat_jalan,Infeksi Saluran Pernapasan Akut (ISPA),J06,menular,2353,Proyeksi (Model ML)
3514,Kabupaten Pasuruan,2025,Q4,2025-Q4,rawat_jalan,Infeksi Saluran Pernapasan Akut (ISPA),J06,menular,2264,Proyeksi (Model ML)
3515,Kabupaten Sidoarjo,2025,Q1,2025-Q1,rawat_inap,Demam Berdarah Dengue (DBD),A90,menular,596,Proyeksi (Model ML)
3515,Kabupaten Sidoarjo,2025,Q2,2025-Q2,rawat_inap,Demam Berdarah Dengue (DBD),A90,menular,571,Proyeksi (Model ML)
3515,Kabupaten Sidoarjo,2025,Q3,2025-Q3,rawat_inap,Demam Berdarah Dengue (DBD),A90,menular,562,Proyeksi (Model ML)
3515,Kabupaten Sidoarjo,2025,Q4,2025-Q4,rawat_inap,Demam Berdarah Dengue (DBD),A90,menular,582,Proyeksi (Model ML)
3515,Kabupaten Sidoarjo,2025,Q1,2025-Q1,rawat_inap,Penyakit Jantung Iskemik,I25,tidak_menular,683,Proyeksi (Model ML)
3515,Kabupaten Sidoarjo,2025,Q2,2025-Q2,rawat_inap,Penyakit Jantung Iskemik,I25,tidak_menular,707,Proyeksi (Model ML)
3515,Kabupaten Sidoarjo,2025,Q3,2025-Q3,rawat_inap,Penyakit Jantung Iskemik,I25,tidak_menular,652,Proyeksi (Model ML)
3515,Kabupaten Sidoarjo,2025,Q4,2025-Q4,rawat_inap,Penyakit Jantung Iskemik,I25,tidak_menular,688,Proyeksi (Model ML)
3515,Kabupaten Sidoarjo,2025,Q1,2025-Q1,rawat_inap,Pneumonia,J18,menular,563,Proyeksi (Model ML)
3515,Kabupaten Sidoarjo,2025,Q2,2025-Q2,rawat_inap,Pneumonia,J18,menular,529,Proyeksi (Model ML)
3515,Kabupaten Sidoarjo,2025,Q3,2025-Q3,rawat_inap,Pneumonia,J18,menular,574,Proyeksi (Model ML)
3515,Kabupaten Sidoarjo,2025,Q4,2025-Q4,rawat_inap,Pneumonia,J18,menular,504,Proyeksi (Model ML)
3515,Kabupaten Sidoarjo,2025,Q1,2025-Q1,rawat_inap,Tuberkulosis Paru (TB),A15,menular,764,Proyeksi (Model ML)
3515,Kabupaten Sidoarjo,2025,Q2,2025-Q2,rawat_inap,Tuberkulosis Paru (TB),A15,menular,659,Proyeksi (Model ML)
3515,Kabupaten Sidoarjo,2025,Q3,2025-Q3,rawat_inap,Tuberkulosis Paru (TB),A15,menular,627,Proyeksi (Model ML)
3515,Kabupaten Sidoarjo,2025,Q4,2025-Q4,rawat_inap,Tuberkulosis Paru (TB),A15,menular,626,Proyeksi (Model ML)
3515,Kabupaten Sidoarjo,2025,Q1,2025-Q1,rawat_jalan,Demam Tifoid,A01,menular,784,Proyeksi (Model ML)
3515,Kabupaten Sidoarjo,2025,Q2,2025-Q2,rawat_jalan,Demam Tifoid,A01,menular,728,Proyeksi (Model ML)
3515,Kabupaten Sidoarjo,2025,Q3,2025-Q3,rawat_jalan,Demam Tifoid,A01,menular,785,Proyeksi (Model ML)
3515,Kabupaten Sidoarjo,2025,Q4,2025-Q4,rawat_jalan,Demam Tifoid,A01,menular,721,Proyeksi (Model ML)
3515,Kabupaten Sidoarjo,2025,Q1,2025-Q1,rawat_jalan,Diabetes Melitus Tipe 2,E11,tidak_menular,1758,Proyeksi (Model ML)
3515,Kabupaten Sidoarjo,2025,Q2,2025-Q2,rawat_jalan,Diabetes Melitus Tipe 2,E11,tidak_menular,1905,Proyeksi (Model ML)
3515,Kabupaten Sidoarjo,2025,Q3,2025-Q3,rawat_jalan,Diabetes Melitus Tipe 2,E11,tidak_menular,1852,Proyeksi (Model ML)
3515,Kabupaten Sidoarjo,2025,Q4,2025-Q4,rawat_jalan,Diabetes Melitus Tipe 2,E11,tidak_menular,1818,Proyeksi (Model ML)
3515,Kabupaten Sidoarjo,2025,Q1,2025-Q1,rawat_jalan,Diare dan Gastroenteritis,A09,menular,1604,Proyeksi (Model ML)
3515,Kabupaten Sidoarjo,2025,Q2,2025-Q2,rawat_jalan,Diare dan Gastroenteritis,A09,menular,1503,Proyeksi (Model ML)
3515,Kabupaten Sidoarjo,2025,Q3,2025-Q3,rawat_jalan,Diare dan Gastroenteritis,A09,menular,1660,Proyeksi (Model ML)
3515,Kabupaten Sidoarjo,2025,Q4,2025-Q4,rawat_jalan,Diare dan Gastroenteritis,A09,menular,1626,Proyeksi (Model ML)
3515,Kabupaten Sidoarjo,2025,Q1,2025-Q1,rawat_jalan,Gastritis dan Duodenitis,K29,tidak_menular,1472,Proyeksi (Model ML)
3515,Kabupaten Sidoarjo,2025,Q2,2025-Q2,rawat_jalan,Gastritis dan Duodenitis,K29,tidak_menular,1417,Proyeksi (Model ML)
3515,Kabupaten Sidoarjo,2025,Q3,2025-Q3,rawat_jalan,Gastritis dan Duodenitis,K29,tidak_menular,1460,Proyeksi (Model ML)
3515,Kabupaten Sidoarjo,2025,Q4,2025-Q4,rawat_jalan,Gastritis dan Duodenitis,K29,tidak_menular,1502,Proyeksi (Model ML)
3515,Kabupaten Sidoarjo,2025,Q1,2025-Q1,rawat_jalan,Hipertensi Esensial,I10,tidak_menular,2283,Proyeksi (Model ML)
3515,Kabupaten Sidoarjo,2025,Q2,2025-Q2,rawat_jalan,Hipertensi Esensial,I10,tidak_menular,2394,Proyeksi (Model ML)
3515,Kabupaten Sidoarjo,2025,Q3,2025-Q3,rawat_jalan,Hipertensi Esensial,I10,tidak_menular,2454,Proyeksi (Model ML)
3515,Kabupaten Sidoarjo,2025,Q4,2025-Q4,rawat_jalan,Hipertensi Esensial,I10,tidak_menular,2305,Proyeksi (Model ML)
3515,Kabupaten Sidoarjo,2025,Q1,2025-Q1,rawat_jalan,Infeksi Saluran Pernapasan Akut (ISPA),J06,menular,2697,Proyeksi (Model ML)
3515,Kabupaten Sidoarjo,2025,Q2,2025-Q2,rawat_jalan,Infeksi Saluran Pernapasan Akut (ISPA),J06,menular,2706,Proyeksi (Model ML)
3515,Kabupaten Sidoarjo,2025,Q3,2025-Q3,rawat_jalan,Infeksi Saluran Pernapasan Akut (ISPA),J06,menular,2917,Proyeksi (Model ML)
3515,Kabupaten Sidoarjo,2025,Q4,2025-Q4,rawat_jalan,Infeksi Saluran Pernapasan Akut (ISPA),J06,menular,2807,Proyeksi (Model ML)
3516,Kabupaten Mojokerto,2025,Q1,2025-Q1,rawat_inap,Demam Berdarah Dengue (DBD),A90,menular,461,Proyeksi (Model ML)
3516,Kabupaten Mojokerto,2025,Q2,2025-Q2,rawat_inap,Demam Berdarah Dengue (DBD),A90,menular,441,Proyeksi (Model ML)
3516,Kabupaten Mojokerto,2025,Q3,2025-Q3,rawat_inap,Demam Berdarah Dengue (DBD),A90,menular,434,Proyeksi (Model ML)
3516,Kabupaten Mojokerto,2025,Q4,2025-Q4,rawat_inap,Demam Berdarah Dengue (DBD),A90,menular,450,Proyeksi (Model ML)
3516,Kabupaten Mojokerto,2025,Q1,2025-Q1,rawat_inap,Penyakit Jantung Iskemik,I25,tidak_menular,338,Proyeksi (Model ML)
3516,Kabupaten Mojokerto,2025,Q2,2025-Q2,rawat_inap,Penyakit Jantung Iskemik,I25,tidak_menular,350,Proyeksi (Model ML)
3516,Kabupaten Mojokerto,2025,Q3,2025-Q3,rawat_inap,Penyakit Jantung Iskemik,I25,tidak_menular,323,Proyeksi (Model ML)
3516,Kabupaten Mojokerto,2025,Q4,2025-Q4,rawat_inap,Penyakit Jantung Iskemik,I25,tidak_menular,340,Proyeksi (Model ML)
3516,Kabupaten Mojokerto,2025,Q1,2025-Q1,rawat_inap,Pneumonia,J18,menular,301,Proyeksi (Model ML)
3516,Kabupaten Mojokerto,2025,Q2,2025-Q2,rawat_inap,Pneumonia,J18,menular,283,Proyeksi (Model ML)
3516,Kabupaten Mojokerto,2025,Q3,2025-Q3,rawat_inap,Pneumonia,J18,menular,307,Proyeksi (Model ML)
3516,Kabupaten Mojokerto,2025,Q4,2025-Q4,rawat_inap,Pneumonia,J18,menular,269,Proyeksi (Model ML)
3516,Kabupaten Mojokerto,2025,Q1,2025-Q1,rawat_inap,Tuberkulosis Paru (TB),A15,menular,406,Proyeksi (Model ML)
3516,Kabupaten Mojokerto,2025,Q2,2025-Q2,rawat_inap,Tuberkulosis Paru (TB),A15,menular,351,Proyeksi (Model ML)
3516,Kabupaten Mojokerto,2025,Q3,2025-Q3,rawat_inap,Tuberkulosis Paru (TB),A15,menular,333,Proyeksi (Model ML)
3516,Kabupaten Mojokerto,2025,Q4,2025-Q4,rawat_inap,Tuberkulosis Paru (TB),A15,menular,333,Proyeksi (Model ML)
3516,Kabupaten Mojokerto,2025,Q1,2025-Q1,rawat_jalan,Demam Tifoid,A01,menular,425,Proyeksi (Model ML)
3516,Kabupaten Mojokerto,2025,Q2,2025-Q2,rawat_jalan,Demam Tifoid,A01,menular,395,Proyeksi (Model ML)
3516,Kabupaten Mojokerto,2025,Q3,2025-Q3,rawat_jalan,Demam Tifoid,A01,menular,426,Proyeksi (Model ML)
3516,Kabupaten Mojokerto,2025,Q4,2025-Q4,rawat_jalan,Demam Tifoid,A01,menular,391,Proyeksi (Model ML)
3516,Kabupaten Mojokerto,2025,Q1,2025-Q1,rawat_jalan,Diabetes Melitus Tipe 2,E11,tidak_menular,890,Proyeksi (Model ML)
3516,Kabupaten Mojokerto,2025,Q2,2025-Q2,rawat_jalan,Diabetes Melitus Tipe 2,E11,tidak_menular,964,Proyeksi (Model ML)
3516,Kabupaten Mojokerto,2025,Q3,2025-Q3,rawat_jalan,Diabetes Melitus Tipe 2,E11,tidak_menular,938,Proyeksi (Model ML)
3516,Kabupaten Mojokerto,2025,Q4,2025-Q4,rawat_jalan,Diabetes Melitus Tipe 2,E11,tidak_menular,920,Proyeksi (Model ML)
3516,Kabupaten Mojokerto,2025,Q1,2025-Q1,rawat_jalan,Diare dan Gastroenteritis,A09,menular,935,Proyeksi (Model ML)
3516,Kabupaten Mojokerto,2025,Q2,2025-Q2,rawat_jalan,Diare dan Gastroenteritis,A09,menular,876,Proyeksi (Model ML)
3516,Kabupaten Mojokerto,2025,Q3,2025-Q3,rawat_jalan,Diare dan Gastroenteritis,A09,menular,968,Proyeksi (Model ML)
3516,Kabupaten Mojokerto,2025,Q4,2025-Q4,rawat_jalan,Diare dan Gastroenteritis,A09,menular,948,Proyeksi (Model ML)
3516,Kabupaten Mojokerto,2025,Q1,2025-Q1,rawat_jalan,Gastritis dan Duodenitis,K29,tidak_menular,582,Proyeksi (Model ML)
3516,Kabupaten Mojokerto,2025,Q2,2025-Q2,rawat_jalan,Gastritis dan Duodenitis,K29,tidak_menular,560,Proyeksi (Model ML)
3516,Kabupaten Mojokerto,2025,Q3,2025-Q3,rawat_jalan,Gastritis dan Duodenitis,K29,tidak_menular,577,Proyeksi (Model ML)
3516,Kabupaten Mojokerto,2025,Q4,2025-Q4,rawat_jalan,Gastritis dan Duodenitis,K29,tidak_menular,594,Proyeksi (Model ML)
3516,Kabupaten Mojokerto,2025,Q1,2025-Q1,rawat_jalan,Hipertensi Esensial,I10,tidak_menular,1197,Proyeksi (Model ML)
3516,Kabupaten Mojokerto,2025,Q2,2025-Q2,rawat_jalan,Hipertensi Esensial,I10,tidak_menular,1255,Proyeksi (Model ML)
3516,Kabupaten Mojokerto,2025,Q3,2025-Q3,rawat_jalan,Hipertensi Esensial,I10,tidak_menular,1287,Proyeksi (Model ML)
3516,Kabupaten Mojokerto,2025,Q4,2025-Q4,rawat_jalan,Hipertensi Esensial,I10,tidak_menular,1209,Proyeksi (Model ML)
3516,Kabupaten Mojokerto,2025,Q1,2025-Q1,rawat_jalan,Infeksi Saluran Pernapasan Akut (ISPA),J06,menular,1402,Proyeksi (Model ML)
3516,Kabupaten Mojokerto,2025,Q2,2025-Q2,rawat_jalan,Infeksi Saluran Pernapasan Akut (ISPA),J06,menular,1407,Proyeksi (Model ML)
3516,Kabupaten Mojokerto,2025,Q3,2025-Q3,rawat_jalan,Infeksi Saluran Pernapasan Akut (ISPA),J06,menular,1517,Proyeksi (Model ML)
3516,Kabupaten Mojokerto,2025,Q4,2025-Q4,rawat_jalan,Infeksi Saluran Pernapasan Akut (ISPA),J06,menular,1459,Proyeksi (Model ML)
3517,Kabupaten Jombang,2025,Q1,2025-Q1,rawat_inap,Demam Berdarah Dengue (DBD),A90,menular,437,Proyeksi (Model ML)
3517,Kabupaten Jombang,2025,Q2,2025-Q2,rawat_inap,Demam Berdarah Dengue (DBD),A90,menular,418,Proyeksi (Model ML)
3517,Kabupaten Jombang,2025,Q3,2025-Q3,rawat_inap,Demam Berdarah Dengue (DBD),A90,menular,412,Proyeksi (Model ML)
3517,Kabupaten Jombang,2025,Q4,2025-Q4,rawat_inap,Demam Berdarah Dengue (DBD),A90,menular,426,Proyeksi (Model ML)
3517,Kabupaten Jombang,2025,Q1,2025-Q1,rawat_inap,Penyakit Jantung Iskemik,I25,tidak_menular,393,Proyeksi (Model ML)
3517,Kabupaten Jombang,2025,Q2,2025-Q2,rawat_inap,Penyakit Jantung Iskemik,I25,tidak_menular,407,Proyeksi (Model ML)
3517,Kabupaten Jombang,2025,Q3,2025-Q3,rawat_inap,Penyakit Jantung Iskemik,I25,tidak_menular,375,Proyeksi (Model ML)
3517,Kabupaten Jombang,2025,Q4,2025-Q4,rawat_inap,Penyakit Jantung Iskemik,I25,tidak_menular,396,Proyeksi (Model ML)
3517,Kabupaten Jombang,2025,Q1,2025-Q1,rawat_inap,Pneumonia,J18,menular,362,Proyeksi (Model ML)
3517,Kabupaten Jombang,2025,Q2,2025-Q2,rawat_inap,Pneumonia,J18,menular,339,Proyeksi (Model ML)
3517,Kabupaten Jombang,2025,Q3,2025-Q3,rawat_inap,Pneumonia,J18,menular,369,Proyeksi (Model ML)
3517,Kabupaten Jombang,2025,Q4,2025-Q4,rawat_inap,Pneumonia,J18,menular,323,Proyeksi (Model ML)
3517,Kabupaten Jombang,2025,Q1,2025-Q1,rawat_inap,Tuberkulosis Paru (TB),A15,menular,350,Proyeksi (Model ML)
3517,Kabupaten Jombang,2025,Q2,2025-Q2,rawat_inap,Tuberkulosis Paru (TB),A15,menular,302,Proyeksi (Model ML)
3517,Kabupaten Jombang,2025,Q3,2025-Q3,rawat_inap,Tuberkulosis Paru (TB),A15,menular,287,Proyeksi (Model ML)
3517,Kabupaten Jombang,2025,Q4,2025-Q4,rawat_inap,Tuberkulosis Paru (TB),A15,menular,287,Proyeksi (Model ML)
3517,Kabupaten Jombang,2025,Q1,2025-Q1,rawat_jalan,Demam Tifoid,A01,menular,407,Proyeksi (Model ML)
3517,Kabupaten Jombang,2025,Q2,2025-Q2,rawat_jalan,Demam Tifoid,A01,menular,379,Proyeksi (Model ML)
3517,Kabupaten Jombang,2025,Q3,2025-Q3,rawat_jalan,Demam Tifoid,A01,menular,408,Proyeksi (Model ML)
3517,Kabupaten Jombang,2025,Q4,2025-Q4,rawat_jalan,Demam Tifoid,A01,menular,375,Proyeksi (Model ML)
3517,Kabupaten Jombang,2025,Q1,2025-Q1,rawat_jalan,Diabetes Melitus Tipe 2,E11,tidak_menular,884,Proyeksi (Model ML)
3517,Kabupaten Jombang,2025,Q2,2025-Q2,rawat_jalan,Diabetes Melitus Tipe 2,E11,tidak_menular,958,Proyeksi (Model ML)
3517,Kabupaten Jombang,2025,Q3,2025-Q3,rawat_jalan,Diabetes Melitus Tipe 2,E11,tidak_menular,932,Proyeksi (Model ML)
3517,Kabupaten Jombang,2025,Q4,2025-Q4,rawat_jalan,Diabetes Melitus Tipe 2,E11,tidak_menular,914,Proyeksi (Model ML)
3517,Kabupaten Jombang,2025,Q1,2025-Q1,rawat_jalan,Diare dan Gastroenteritis,A09,menular,1007,Proyeksi (Model ML)
3517,Kabupaten Jombang,2025,Q2,2025-Q2,rawat_jalan,Diare dan Gastroenteritis,A09,menular,944,Proyeksi (Model ML)
3517,Kabupaten Jombang,2025,Q3,2025-Q3,rawat_jalan,Diare dan Gastroenteritis,A09,menular,1042,Proyeksi (Model ML)
3517,Kabupaten Jombang,2025,Q4,2025-Q4,rawat_jalan,Diare dan Gastroenteritis,A09,menular,1021,Proyeksi (Model ML)
3517,Kabupaten Jombang,2025,Q1,2025-Q1,rawat_jalan,Gastritis dan Duodenitis,K29,tidak_menular,979,Proyeksi (Model ML)
3517,Kabupaten Jombang,2025,Q2,2025-Q2,rawat_jalan,Gastritis dan Duodenitis,K29,tidak_menular,943,Proyeksi (Model ML)
3517,Kabupaten Jombang,2025,Q3,2025-Q3,rawat_jalan,Gastritis dan Duodenitis,K29,tidak_menular,971,Proyeksi (Model ML)
3517,Kabupaten Jombang,2025,Q4,2025-Q4,rawat_jalan,Gastritis dan Duodenitis,K29,tidak_menular,999,Proyeksi (Model ML)
3517,Kabupaten Jombang,2025,Q1,2025-Q1,rawat_jalan,Hipertensi Esensial,I10,tidak_menular,1519,Proyeksi (Model ML)
3517,Kabupaten Jombang,2025,Q2,2025-Q2,rawat_jalan,Hipertensi Esensial,I10,tidak_menular,1593,Proyeksi (Model ML)
3517,Kabupaten Jombang,2025,Q3,2025-Q3,rawat_jalan,Hipertensi Esensial,I10,tidak_menular,1633,Proyeksi (Model ML)
3517,Kabupaten Jombang,2025,Q4,2025-Q4,rawat_jalan,Hipertensi Esensial,I10,tidak_menular,1534,Proyeksi (Model ML)
3517,Kabupaten Jombang,2025,Q1,2025-Q1,rawat_jalan,Infeksi Saluran Pernapasan Akut (ISPA),J06,menular,1728,Proyeksi (Model ML)
3517,Kabupaten Jombang,2025,Q2,2025-Q2,rawat_jalan,Infeksi Saluran Pernapasan Akut (ISPA),J06,menular,1734,Proyeksi (Model ML)
3517,Kabupaten Jombang,2025,Q3,2025-Q3,rawat_jalan,Infeksi Saluran Pernapasan Akut (ISPA),J06,menular,1869,Proyeksi (Model ML)
3517,Kabupaten Jombang,2025,Q4,2025-Q4,rawat_jalan,Infeksi Saluran Pernapasan Akut (ISPA),J06,menular,1799,Proyeksi (Model ML)
3518,Kabupaten Nganjuk,2025,Q1,2025-Q1,rawat_inap,Demam Berdarah Dengue (DBD),A90,menular,390,Proyeksi (Model ML)
3518,Kabupaten Nganjuk,2025,Q2,2025-Q2,rawat_inap,Demam Berdarah Dengue (DBD),A90,menular,373,Proyeksi (Model ML)
3518,Kabupaten Nganjuk,2025,Q3,2025-Q3,rawat_inap,Demam Berdarah Dengue (DBD),A90,menular,368,Proyeksi (Model ML)
3518,Kabupaten Nganjuk,2025,Q4,2025-Q4,rawat_inap,Demam Berdarah Dengue (DBD),A90,menular,381,Proyeksi (Model ML)
3518,Kabupaten Nganjuk,2025,Q1,2025-Q1,rawat_inap,Penyakit Jantung Iskemik,I25,tidak_menular,348,Proyeksi (Model ML)
3518,Kabupaten Nganjuk,2025,Q2,2025-Q2,rawat_inap,Penyakit Jantung Iskemik,I25,tidak_menular,361,Proyeksi (Model ML)
3518,Kabupaten Nganjuk,2025,Q3,2025-Q3,rawat_inap,Penyakit Jantung Iskemik,I25,tidak_menular,332,Proyeksi (Model ML)
3518,Kabupaten Nganjuk,2025,Q4,2025-Q4,rawat_inap,Penyakit Jantung Iskemik,I25,tidak_menular,351,Proyeksi (Model ML)
3518,Kabupaten Nganjuk,2025,Q1,2025-Q1,rawat_inap,Pneumonia,J18,menular,183,Proyeksi (Model ML)
3518,Kabupaten Nganjuk,2025,Q2,2025-Q2,rawat_inap,Pneumonia,J18,menular,172,Proyeksi (Model ML)
3518,Kabupaten Nganjuk,2025,Q3,2025-Q3,rawat_inap,Pneumonia,J18,menular,187,Proyeksi (Model ML)
3518,Kabupaten Nganjuk,2025,Q4,2025-Q4,rawat_inap,Pneumonia,J18,menular,164,Proyeksi (Model ML)
3518,Kabupaten Nganjuk,2025,Q1,2025-Q1,rawat_inap,Tuberkulosis Paru (TB),A15,menular,298,Proyeksi (Model ML)
3518,Kabupaten Nganjuk,2025,Q2,2025-Q2,rawat_inap,Tuberkulosis Paru (TB),A15,menular,257,Proyeksi (Model ML)
3518,Kabupaten Nganjuk,2025,Q3,2025-Q3,rawat_inap,Tuberkulosis Paru (TB),A15,menular,245,Proyeksi (Model ML)
3518,Kabupaten Nganjuk,2025,Q4,2025-Q4,rawat_inap,Tuberkulosis Paru (TB),A15,menular,244,Proyeksi (Model ML)
3518,Kabupaten Nganjuk,2025,Q1,2025-Q1,rawat_jalan,Demam Tifoid,A01,menular,464,Proyeksi (Model ML)
3518,Kabupaten Nganjuk,2025,Q2,2025-Q2,rawat_jalan,Demam Tifoid,A01,menular,432,Proyeksi (Model ML)
3518,Kabupaten Nganjuk,2025,Q3,2025-Q3,rawat_jalan,Demam Tifoid,A01,menular,465,Proyeksi (Model ML)
3518,Kabupaten Nganjuk,2025,Q4,2025-Q4,rawat_jalan,Demam Tifoid,A01,menular,427,Proyeksi (Model ML)
3518,Kabupaten Nganjuk,2025,Q1,2025-Q1,rawat_jalan,Diabetes Melitus Tipe 2,E11,tidak_menular,840,Proyeksi (Model ML)
3518,Kabupaten Nganjuk,2025,Q2,2025-Q2,rawat_jalan,Diabetes Melitus Tipe 2,E11,tidak_menular,910,Proyeksi (Model ML)
3518,Kabupaten Nganjuk,2025,Q3,2025-Q3,rawat_jalan,Diabetes Melitus Tipe 2,E11,tidak_menular,885,Proyeksi (Model ML)
3518,Kabupaten Nganjuk,2025,Q4,2025-Q4,rawat_jalan,Diabetes Melitus Tipe 2,E11,tidak_menular,868,Proyeksi (Model ML)
3518,Kabupaten Nganjuk,2025,Q1,2025-Q1,rawat_jalan,Diare dan Gastroenteritis,A09,menular,702,Proyeksi (Model ML)
3518,Kabupaten Nganjuk,2025,Q2,2025-Q2,rawat_jalan,Diare dan Gastroenteritis,A09,menular,658,Proyeksi (Model ML)
3518,Kabupaten Nganjuk,2025,Q3,2025-Q3,rawat_jalan,Diare dan Gastroenteritis,A09,menular,726,Proyeksi (Model ML)
3518,Kabupaten Nganjuk,2025,Q4,2025-Q4,rawat_jalan,Diare dan Gastroenteritis,A09,menular,711,Proyeksi (Model ML)
3518,Kabupaten Nganjuk,2025,Q1,2025-Q1,rawat_jalan,Gastritis dan Duodenitis,K29,tidak_menular,864,Proyeksi (Model ML)
3518,Kabupaten Nganjuk,2025,Q2,2025-Q2,rawat_jalan,Gastritis dan Duodenitis,K29,tidak_menular,831,Proyeksi (Model ML)
3518,Kabupaten Nganjuk,2025,Q3,2025-Q3,rawat_jalan,Gastritis dan Duodenitis,K29,tidak_menular,857,Proyeksi (Model ML)
3518,Kabupaten Nganjuk,2025,Q4,2025-Q4,rawat_jalan,Gastritis dan Duodenitis,K29,tidak_menular,881,Proyeksi (Model ML)
3518,Kabupaten Nganjuk,2025,Q1,2025-Q1,rawat_jalan,Hipertensi Esensial,I10,tidak_menular,1483,Proyeksi (Model ML)
3518,Kabupaten Nganjuk,2025,Q2,2025-Q2,rawat_jalan,Hipertensi Esensial,I10,tidak_menular,1555,Proyeksi (Model ML)
3518,Kabupaten Nganjuk,2025,Q3,2025-Q3,rawat_jalan,Hipertensi Esensial,I10,tidak_menular,1594,Proyeksi (Model ML)
3518,Kabupaten Nganjuk,2025,Q4,2025-Q4,rawat_jalan,Hipertensi Esensial,I10,tidak_menular,1497,Proyeksi (Model ML)
3518,Kabupaten Nganjuk,2025,Q1,2025-Q1,rawat_jalan,Infeksi Saluran Pernapasan Akut (ISPA),J06,menular,1558,Proyeksi (Model ML)
3518,Kabupaten Nganjuk,2025,Q2,2025-Q2,rawat_jalan,Infeksi Saluran Pernapasan Akut (ISPA),J06,menular,1563,Proyeksi (Model ML)
3518,Kabupaten Nganjuk,2025,Q3,2025-Q3,rawat_jalan,Infeksi Saluran Pernapasan Akut (ISPA),J06,menular,1685,Proyeksi (Model ML)
3518,Kabupaten Nganjuk,2025,Q4,2025-Q4,rawat_jalan,Infeksi Saluran Pernapasan Akut (ISPA),J06,menular,1621,Proyeksi (Model ML)
3519,Kabupaten Madiun,2025,Q1,2025-Q1,rawat_inap,Demam Berdarah Dengue (DBD),A90,menular,269,Proyeksi (Model ML)
3519,Kabupaten Madiun,2025,Q2,2025-Q2,rawat_inap,Demam Berdarah Dengue (DBD),A90,menular,258,Proyeksi (Model ML)
3519,Kabupaten Madiun,2025,Q3,2025-Q3,rawat_inap,Demam Berdarah Dengue (DBD),A90,menular,254,Proyeksi (Model ML)
3519,Kabupaten Madiun,2025,Q4,2025-Q4,rawat_inap,Demam Berdarah Dengue (DBD),A90,menular,263,Proyeksi (Model ML)
3519,Kabupaten Madiun,2025,Q1,2025-Q1,rawat_inap,Penyakit Jantung Iskemik,I25,tidak_menular,201,Proyeksi (Model ML)
3519,Kabupaten Madiun,2025,Q2,2025-Q2,rawat_inap,Penyakit Jantung Iskemik,I25,tidak_menular,208,Proyeksi (Model ML)
3519,Kabupaten Madiun,2025,Q3,2025-Q3,rawat_inap,Penyakit Jantung Iskemik,I25,tidak_menular,192,Proyeksi (Model ML)
3519,Kabupaten Madiun,2025,Q4,2025-Q4,rawat_inap,Penyakit Jantung Iskemik,I25,tidak_menular,203,Proyeksi (Model ML)
3519,Kabupaten Madiun,2025,Q1,2025-Q1,rawat_inap,Pneumonia,J18,menular,213,Proyeksi (Model ML)
3519,Kabupaten Madiun,2025,Q2,2025-Q2,rawat_inap,Pneumonia,J18,menular,200,Proyeksi (Model ML)
3519,Kabupaten Madiun,2025,Q3,2025-Q3,rawat_inap,Pneumonia,J18,menular,217,Proyeksi (Model ML)
3519,Kabupaten Madiun,2025,Q4,2025-Q4,rawat_inap,Pneumonia,J18,menular,191,Proyeksi (Model ML)
3519,Kabupaten Madiun,2025,Q1,2025-Q1,rawat_inap,Tuberkulosis Paru (TB),A15,menular,247,Proyeksi (Model ML)
3519,Kabupaten Madiun,2025,Q2,2025-Q2,rawat_inap,Tuberkulosis Paru (TB),A15,menular,213,Proyeksi (Model ML)
3519,Kabupaten Madiun,2025,Q3,2025-Q3,rawat_inap,Tuberkulosis Paru (TB),A15,menular,203,Proyeksi (Model ML)
3519,Kabupaten Madiun,2025,Q4,2025-Q4,rawat_inap,Tuberkulosis Paru (TB),A15,menular,203,Proyeksi (Model ML)
3519,Kabupaten Madiun,2025,Q1,2025-Q1,rawat_jalan,Demam Tifoid,A01,menular,315,Proyeksi (Model ML)
3519,Kabupaten Madiun,2025,Q2,2025-Q2,rawat_jalan,Demam Tifoid,A01,menular,293,Proyeksi (Model ML)
3519,Kabupaten Madiun,2025,Q3,2025-Q3,rawat_jalan,Demam Tifoid,A01,menular,316,Proyeksi (Model ML)
3519,Kabupaten Madiun,2025,Q4,2025-Q4,rawat_jalan,Demam Tifoid,A01,menular,290,Proyeksi (Model ML)
3519,Kabupaten Madiun,2025,Q1,2025-Q1,rawat_jalan,Diabetes Melitus Tipe 2,E11,tidak_menular,576,Proyeksi (Model ML)
3519,Kabupaten Madiun,2025,Q2,2025-Q2,rawat_jalan,Diabetes Melitus Tipe 2,E11,tidak_menular,624,Proyeksi (Model ML)
3519,Kabupaten Madiun,2025,Q3,2025-Q3,rawat_jalan,Diabetes Melitus Tipe 2,E11,tidak_menular,607,Proyeksi (Model ML)
3519,Kabupaten Madiun,2025,Q4,2025-Q4,rawat_jalan,Diabetes Melitus Tipe 2,E11,tidak_menular,596,Proyeksi (Model ML)
3519,Kabupaten Madiun,2025,Q1,2025-Q1,rawat_jalan,Diare dan Gastroenteritis,A09,menular,527,Proyeksi (Model ML)
3519,Kabupaten Madiun,2025,Q2,2025-Q2,rawat_jalan,Diare dan Gastroenteritis,A09,menular,494,Proyeksi (Model ML)
3519,Kabupaten Madiun,2025,Q3,2025-Q3,rawat_jalan,Diare dan Gastroenteritis,A09,menular,545,Proyeksi (Model ML)
3519,Kabupaten Madiun,2025,Q4,2025-Q4,rawat_jalan,Diare dan Gastroenteritis,A09,menular,534,Proyeksi (Model ML)
3519,Kabupaten Madiun,2025,Q1,2025-Q1,rawat_jalan,Gastritis dan Duodenitis,K29,tidak_menular,626,Proyeksi (Model ML)
3519,Kabupaten Madiun,2025,Q2,2025-Q2,rawat_jalan,Gastritis dan Duodenitis,K29,tidak_menular,602,Proyeksi (Model ML)
3519,Kabupaten Madiun,2025,Q3,2025-Q3,rawat_jalan,Gastritis dan Duodenitis,K29,tidak_menular,621,Proyeksi (Model ML)
3519,Kabupaten Madiun,2025,Q4,2025-Q4,rawat_jalan,Gastritis dan Duodenitis,K29,tidak_menular,639,Proyeksi (Model ML)
3519,Kabupaten Madiun,2025,Q1,2025-Q1,rawat_jalan,Hipertensi Esensial,I10,tidak_menular,915,Proyeksi (Model ML)
3519,Kabupaten Madiun,2025,Q2,2025-Q2,rawat_jalan,Hipertensi Esensial,I10,tidak_menular,959,Proyeksi (Model ML)
3519,Kabupaten Madiun,2025,Q3,2025-Q3,rawat_jalan,Hipertensi Esensial,I10,tidak_menular,984,Proyeksi (Model ML)
3519,Kabupaten Madiun,2025,Q4,2025-Q4,rawat_jalan,Hipertensi Esensial,I10,tidak_menular,924,Proyeksi (Model ML)
3519,Kabupaten Madiun,2025,Q1,2025-Q1,rawat_jalan,Infeksi Saluran Pernapasan Akut (ISPA),J06,menular,1323,Proyeksi (Model ML)
3519,Kabupaten Madiun,2025,Q2,2025-Q2,rawat_jalan,Infeksi Saluran Pernapasan Akut (ISPA),J06,menular,1328,Proyeksi (Model ML)
3519,Kabupaten Madiun,2025,Q3,2025-Q3,rawat_jalan,Infeksi Saluran Pernapasan Akut (ISPA),J06,menular,1431,Proyeksi (Model ML)
3519,Kabupaten Madiun,2025,Q4,2025-Q4,rawat_jalan,Infeksi Saluran Pernapasan Akut (ISPA),J06,menular,1377,Proyeksi (Model ML)
3520,Kabupaten Magetan,2025,Q1,2025-Q1,rawat_inap,Demam Berdarah Dengue (DBD),A90,menular,371,Proyeksi (Model ML)
3520,Kabupaten Magetan,2025,Q2,2025-Q2,rawat_inap,Demam Berdarah Dengue (DBD),A90,menular,355,Proyeksi (Model ML)
3520,Kabupaten Magetan,2025,Q3,2025-Q3,rawat_inap,Demam Berdarah Dengue (DBD),A90,menular,350,Proyeksi (Model ML)
3520,Kabupaten Magetan,2025,Q4,2025-Q4,rawat_inap,Demam Berdarah Dengue (DBD),A90,menular,362,Proyeksi (Model ML)
3520,Kabupaten Magetan,2025,Q1,2025-Q1,rawat_inap,Penyakit Jantung Iskemik,I25,tidak_menular,156,Proyeksi (Model ML)
3520,Kabupaten Magetan,2025,Q2,2025-Q2,rawat_inap,Penyakit Jantung Iskemik,I25,tidak_menular,162,Proyeksi (Model ML)
3520,Kabupaten Magetan,2025,Q3,2025-Q3,rawat_inap,Penyakit Jantung Iskemik,I25,tidak_menular,149,Proyeksi (Model ML)
3520,Kabupaten Magetan,2025,Q4,2025-Q4,rawat_inap,Penyakit Jantung Iskemik,I25,tidak_menular,157,Proyeksi (Model ML)
3520,Kabupaten Magetan,2025,Q1,2025-Q1,rawat_inap,Pneumonia,J18,menular,179,Proyeksi (Model ML)
3520,Kabupaten Magetan,2025,Q2,2025-Q2,rawat_inap,Pneumonia,J18,menular,168,Proyeksi (Model ML)
3520,Kabupaten Magetan,2025,Q3,2025-Q3,rawat_inap,Pneumonia,J18,menular,182,Proyeksi (Model ML)
3520,Kabupaten Magetan,2025,Q4,2025-Q4,rawat_inap,Pneumonia,J18,menular,160,Proyeksi (Model ML)
3520,Kabupaten Magetan,2025,Q1,2025-Q1,rawat_inap,Tuberkulosis Paru (TB),A15,menular,242,Proyeksi (Model ML)
3520,Kabupaten Magetan,2025,Q2,2025-Q2,rawat_inap,Tuberkulosis Paru (TB),A15,menular,209,Proyeksi (Model ML)
3520,Kabupaten Magetan,2025,Q3,2025-Q3,rawat_inap,Tuberkulosis Paru (TB),A15,menular,199,Proyeksi (Model ML)
3520,Kabupaten Magetan,2025,Q4,2025-Q4,rawat_inap,Tuberkulosis Paru (TB),A15,menular,198,Proyeksi (Model ML)
3520,Kabupaten Magetan,2025,Q1,2025-Q1,rawat_jalan,Demam Tifoid,A01,menular,173,Proyeksi (Model ML)
3520,Kabupaten Magetan,2025,Q2,2025-Q2,rawat_jalan,Demam Tifoid,A01,menular,161,Proyeksi (Model ML)
3520,Kabupaten Magetan,2025,Q3,2025-Q3,rawat_jalan,Demam Tifoid,A01,menular,173,Proyeksi (Model ML)
3520,Kabupaten Magetan,2025,Q4,2025-Q4,rawat_jalan,Demam Tifoid,A01,menular,159,Proyeksi (Model ML)
3520,Kabupaten Magetan,2025,Q1,2025-Q1,rawat_jalan,Diabetes Melitus Tipe 2,E11,tidak_menular,525,Proyeksi (Model ML)
3520,Kabupaten Magetan,2025,Q2,2025-Q2,rawat_jalan,Diabetes Melitus Tipe 2,E11,tidak_menular,569,Proyeksi (Model ML)
3520,Kabupaten Magetan,2025,Q3,2025-Q3,rawat_jalan,Diabetes Melitus Tipe 2,E11,tidak_menular,553,Proyeksi (Model ML)
3520,Kabupaten Magetan,2025,Q4,2025-Q4,rawat_jalan,Diabetes Melitus Tipe 2,E11,tidak_menular,543,Proyeksi (Model ML)
3520,Kabupaten Magetan,2025,Q1,2025-Q1,rawat_jalan,Diare dan Gastroenteritis,A09,menular,535,Proyeksi (Model ML)
3520,Kabupaten Magetan,2025,Q2,2025-Q2,rawat_jalan,Diare dan Gastroenteritis,A09,menular,501,Proyeksi (Model ML)
3520,Kabupaten Magetan,2025,Q3,2025-Q3,rawat_jalan,Diare dan Gastroenteritis,A09,menular,554,Proyeksi (Model ML)
3520,Kabupaten Magetan,2025,Q4,2025-Q4,rawat_jalan,Diare dan Gastroenteritis,A09,menular,542,Proyeksi (Model ML)
3520,Kabupaten Magetan,2025,Q1,2025-Q1,rawat_jalan,Gastritis dan Duodenitis,K29,tidak_menular,421,Proyeksi (Model ML)
3520,Kabupaten Magetan,2025,Q2,2025-Q2,rawat_jalan,Gastritis dan Duodenitis,K29,tidak_menular,405,Proyeksi (Model ML)
3520,Kabupaten Magetan,2025,Q3,2025-Q3,rawat_jalan,Gastritis dan Duodenitis,K29,tidak_menular,417,Proyeksi (Model ML)
3520,Kabupaten Magetan,2025,Q4,2025-Q4,rawat_jalan,Gastritis dan Duodenitis,K29,tidak_menular,429,Proyeksi (Model ML)
3520,Kabupaten Magetan,2025,Q1,2025-Q1,rawat_jalan,Hipertensi Esensial,I10,tidak_menular,733,Proyeksi (Model ML)
3520,Kabupaten Magetan,2025,Q2,2025-Q2,rawat_jalan,Hipertensi Esensial,I10,tidak_menular,768,Proyeksi (Model ML)
3520,Kabupaten Magetan,2025,Q3,2025-Q3,rawat_jalan,Hipertensi Esensial,I10,tidak_menular,787,Proyeksi (Model ML)
3520,Kabupaten Magetan,2025,Q4,2025-Q4,rawat_jalan,Hipertensi Esensial,I10,tidak_menular,740,Proyeksi (Model ML)
3520,Kabupaten Magetan,2025,Q1,2025-Q1,rawat_jalan,Infeksi Saluran Pernapasan Akut (ISPA),J06,menular,1120,Proyeksi (Model ML)
3520,Kabupaten Magetan,2025,Q2,2025-Q2,rawat_jalan,Infeksi Saluran Pernapasan Akut (ISPA),J06,menular,1124,Proyeksi (Model ML)
3520,Kabupaten Magetan,2025,Q3,2025-Q3,rawat_jalan,Infeksi Saluran Pernapasan Akut (ISPA),J06,menular,1212,Proyeksi (Model ML)
3520,Kabupaten Magetan,2025,Q4,2025-Q4,rawat_jalan,Infeksi Saluran Pernapasan Akut (ISPA),J06,menular,1166,Proyeksi (Model ML)
3521,Kabupaten Ngawi,2025,Q1,2025-Q1,rawat_inap,Demam Berdarah Dengue (DBD),A90,menular,342,Proyeksi (Model ML)
3521,Kabupaten Ngawi,2025,Q2,2025-Q2,rawat_inap,Demam Berdarah Dengue (DBD),A90,menular,327,Proyeksi (Model ML)
3521,Kabupaten Ngawi,2025,Q3,2025-Q3,rawat_inap,Demam Berdarah Dengue (DBD),A90,menular,322,Proyeksi (Model ML)
3521,Kabupaten Ngawi,2025,Q4,2025-Q4,rawat_inap,Demam Berdarah Dengue (DBD),A90,menular,333,Proyeksi (Model ML)
3521,Kabupaten Ngawi,2025,Q1,2025-Q1,rawat_inap,Penyakit Jantung Iskemik,I25,tidak_menular,280,Proyeksi (Model ML)
3521,Kabupaten Ngawi,2025,Q2,2025-Q2,rawat_inap,Penyakit Jantung Iskemik,I25,tidak_menular,290,Proyeksi (Model ML)
3521,Kabupaten Ngawi,2025,Q3,2025-Q3,rawat_inap,Penyakit Jantung Iskemik,I25,tidak_menular,268,Proyeksi (Model ML)
3521,Kabupaten Ngawi,2025,Q4,2025-Q4,rawat_inap,Penyakit Jantung Iskemik,I25,tidak_menular,282,Proyeksi (Model ML)
3521,Kabupaten Ngawi,2025,Q1,2025-Q1,rawat_inap,Pneumonia,J18,menular,205,Proyeksi (Model ML)
3521,Kabupaten Ngawi,2025,Q2,2025-Q2,rawat_inap,Pneumonia,J18,menular,193,Proyeksi (Model ML)
3521,Kabupaten Ngawi,2025,Q3,2025-Q3,rawat_inap,Pneumonia,J18,menular,209,Proyeksi (Model ML)
3521,Kabupaten Ngawi,2025,Q4,2025-Q4,rawat_inap,Pneumonia,J18,menular,184,Proyeksi (Model ML)
3521,Kabupaten Ngawi,2025,Q1,2025-Q1,rawat_inap,Tuberkulosis Paru (TB),A15,menular,321,Proyeksi (Model ML)
3521,Kabupaten Ngawi,2025,Q2,2025-Q2,rawat_inap,Tuberkulosis Paru (TB),A15,menular,277,Proyeksi (Model ML)
3521,Kabupaten Ngawi,2025,Q3,2025-Q3,rawat_inap,Tuberkulosis Paru (TB),A15,menular,263,Proyeksi (Model ML)
3521,Kabupaten Ngawi,2025,Q4,2025-Q4,rawat_inap,Tuberkulosis Paru (TB),A15,menular,263,Proyeksi (Model ML)
3521,Kabupaten Ngawi,2025,Q1,2025-Q1,rawat_jalan,Demam Tifoid,A01,menular,263,Proyeksi (Model ML)
3521,Kabupaten Ngawi,2025,Q2,2025-Q2,rawat_jalan,Demam Tifoid,A01,menular,244,Proyeksi (Model ML)
3521,Kabupaten Ngawi,2025,Q3,2025-Q3,rawat_jalan,Demam Tifoid,A01,menular,264,Proyeksi (Model ML)
3521,Kabupaten Ngawi,2025,Q4,2025-Q4,rawat_jalan,Demam Tifoid,A01,menular,242,Proyeksi (Model ML)
3521,Kabupaten Ngawi,2025,Q1,2025-Q1,rawat_jalan,Diabetes Melitus Tipe 2,E11,tidak_menular,546,Proyeksi (Model ML)
3521,Kabupaten Ngawi,2025,Q2,2025-Q2,rawat_jalan,Diabetes Melitus Tipe 2,E11,tidak_menular,592,Proyeksi (Model ML)
3521,Kabupaten Ngawi,2025,Q3,2025-Q3,rawat_jalan,Diabetes Melitus Tipe 2,E11,tidak_menular,575,Proyeksi (Model ML)
3521,Kabupaten Ngawi,2025,Q4,2025-Q4,rawat_jalan,Diabetes Melitus Tipe 2,E11,tidak_menular,565,Proyeksi (Model ML)
3521,Kabupaten Ngawi,2025,Q1,2025-Q1,rawat_jalan,Diare dan Gastroenteritis,A09,menular,719,Proyeksi (Model ML)
3521,Kabupaten Ngawi,2025,Q2,2025-Q2,rawat_jalan,Diare dan Gastroenteritis,A09,menular,673,Proyeksi (Model ML)
3521,Kabupaten Ngawi,2025,Q3,2025-Q3,rawat_jalan,Diare dan Gastroenteritis,A09,menular,744,Proyeksi (Model ML)
3521,Kabupaten Ngawi,2025,Q4,2025-Q4,rawat_jalan,Diare dan Gastroenteritis,A09,menular,728,Proyeksi (Model ML)
3521,Kabupaten Ngawi,2025,Q1,2025-Q1,rawat_jalan,Gastritis dan Duodenitis,K29,tidak_menular,421,Proyeksi (Model ML)
3521,Kabupaten Ngawi,2025,Q2,2025-Q2,rawat_jalan,Gastritis dan Duodenitis,K29,tidak_menular,406,Proyeksi (Model ML)
3521,Kabupaten Ngawi,2025,Q3,2025-Q3,rawat_jalan,Gastritis dan Duodenitis,K29,tidak_menular,418,Proyeksi (Model ML)
3521,Kabupaten Ngawi,2025,Q4,2025-Q4,rawat_jalan,Gastritis dan Duodenitis,K29,tidak_menular,430,Proyeksi (Model ML)
3521,Kabupaten Ngawi,2025,Q1,2025-Q1,rawat_jalan,Hipertensi Esensial,I10,tidak_menular,994,Proyeksi (Model ML)
3521,Kabupaten Ngawi,2025,Q2,2025-Q2,rawat_jalan,Hipertensi Esensial,I10,tidak_menular,1042,Proyeksi (Model ML)
3521,Kabupaten Ngawi,2025,Q3,2025-Q3,rawat_jalan,Hipertensi Esensial,I10,tidak_menular,1068,Proyeksi (Model ML)
3521,Kabupaten Ngawi,2025,Q4,2025-Q4,rawat_jalan,Hipertensi Esensial,I10,tidak_menular,1003,Proyeksi (Model ML)
3521,Kabupaten Ngawi,2025,Q1,2025-Q1,rawat_jalan,Infeksi Saluran Pernapasan Akut (ISPA),J06,menular,1038,Proyeksi (Model ML)
3521,Kabupaten Ngawi,2025,Q2,2025-Q2,rawat_jalan,Infeksi Saluran Pernapasan Akut (ISPA),J06,menular,1041,Proyeksi (Model ML)
3521,Kabupaten Ngawi,2025,Q3,2025-Q3,rawat_jalan,Infeksi Saluran Pernapasan Akut (ISPA),J06,menular,1122,Proyeksi (Model ML)
3521,Kabupaten Ngawi,2025,Q4,2025-Q4,rawat_jalan,Infeksi Saluran Pernapasan Akut (ISPA),J06,menular,1080,Proyeksi (Model ML)
3522,Kabupaten Bojonegoro,2025,Q1,2025-Q1,rawat_inap,Demam Berdarah Dengue (DBD),A90,menular,696,Proyeksi (Model ML)
3522,Kabupaten Bojonegoro,2025,Q2,2025-Q2,rawat_inap,Demam Berdarah Dengue (DBD),A90,menular,666,Proyeksi (Model ML)
3522,Kabupaten Bojonegoro,2025,Q3,2025-Q3,rawat_inap,Demam Berdarah Dengue (DBD),A90,menular,656,Proyeksi (Model ML)
3522,Kabupaten Bojonegoro,2025,Q4,2025-Q4,rawat_inap,Demam Berdarah Dengue (DBD),A90,menular,679,Proyeksi (Model ML)
3522,Kabupaten Bojonegoro,2025,Q1,2025-Q1,rawat_inap,Penyakit Jantung Iskemik,I25,tidak_menular,352,Proyeksi (Model ML)
3522,Kabupaten Bojonegoro,2025,Q2,2025-Q2,rawat_inap,Penyakit Jantung Iskemik,I25,tidak_menular,365,Proyeksi (Model ML)
3522,Kabupaten Bojonegoro,2025,Q3,2025-Q3,rawat_inap,Penyakit Jantung Iskemik,I25,tidak_menular,336,Proyeksi (Model ML)
3522,Kabupaten Bojonegoro,2025,Q4,2025-Q4,rawat_inap,Penyakit Jantung Iskemik,I25,tidak_menular,355,Proyeksi (Model ML)
3522,Kabupaten Bojonegoro,2025,Q1,2025-Q1,rawat_inap,Pneumonia,J18,menular,226,Proyeksi (Model ML)
3522,Kabupaten Bojonegoro,2025,Q2,2025-Q2,rawat_inap,Pneumonia,J18,menular,212,Proyeksi (Model ML)
3522,Kabupaten Bojonegoro,2025,Q3,2025-Q3,rawat_inap,Pneumonia,J18,menular,230,Proyeksi (Model ML)
3522,Kabupaten Bojonegoro,2025,Q4,2025-Q4,rawat_inap,Pneumonia,J18,menular,202,Proyeksi (Model ML)
3522,Kabupaten Bojonegoro,2025,Q1,2025-Q1,rawat_inap,Tuberkulosis Paru (TB),A15,menular,338,Proyeksi (Model ML)
3522,Kabupaten Bojonegoro,2025,Q2,2025-Q2,rawat_inap,Tuberkulosis Paru (TB),A15,menular,292,Proyeksi (Model ML)
3522,Kabupaten Bojonegoro,2025,Q3,2025-Q3,rawat_inap,Tuberkulosis Paru (TB),A15,menular,278,Proyeksi (Model ML)
3522,Kabupaten Bojonegoro,2025,Q4,2025-Q4,rawat_inap,Tuberkulosis Paru (TB),A15,menular,277,Proyeksi (Model ML)
3522,Kabupaten Bojonegoro,2025,Q1,2025-Q1,rawat_jalan,Demam Tifoid,A01,menular,440,Proyeksi (Model ML)
3522,Kabupaten Bojonegoro,2025,Q2,2025-Q2,rawat_jalan,Demam Tifoid,A01,menular,408,Proyeksi (Model ML)
3522,Kabupaten Bojonegoro,2025,Q3,2025-Q3,rawat_jalan,Demam Tifoid,A01,menular,440,Proyeksi (Model ML)
3522,Kabupaten Bojonegoro,2025,Q4,2025-Q4,rawat_jalan,Demam Tifoid,A01,menular,404,Proyeksi (Model ML)
3522,Kabupaten Bojonegoro,2025,Q1,2025-Q1,rawat_jalan,Diabetes Melitus Tipe 2,E11,tidak_menular,1055,Proyeksi (Model ML)
3522,Kabupaten Bojonegoro,2025,Q2,2025-Q2,rawat_jalan,Diabetes Melitus Tipe 2,E11,tidak_menular,1143,Proyeksi (Model ML)
3522,Kabupaten Bojonegoro,2025,Q3,2025-Q3,rawat_jalan,Diabetes Melitus Tipe 2,E11,tidak_menular,1112,Proyeksi (Model ML)
3522,Kabupaten Bojonegoro,2025,Q4,2025-Q4,rawat_jalan,Diabetes Melitus Tipe 2,E11,tidak_menular,1091,Proyeksi (Model ML)
3522,Kabupaten Bojonegoro,2025,Q1,2025-Q1,rawat_jalan,Diare dan Gastroenteritis,A09,menular,991,Proyeksi (Model ML)
3522,Kabupaten Bojonegoro,2025,Q2,2025-Q2,rawat_jalan,Diare dan Gastroenteritis,A09,menular,928,Proyeksi (Model ML)
3522,Kabupaten Bojonegoro,2025,Q3,2025-Q3,rawat_jalan,Diare dan Gastroenteritis,A09,menular,1025,Proyeksi (Model ML)
3522,Kabupaten Bojonegoro,2025,Q4,2025-Q4,rawat_jalan,Diare dan Gastroenteritis,A09,menular,1004,Proyeksi (Model ML)
3522,Kabupaten Bojonegoro,2025,Q1,2025-Q1,rawat_jalan,Gastritis dan Duodenitis,K29,tidak_menular,1023,Proyeksi (Model ML)
3522,Kabupaten Bojonegoro,2025,Q2,2025-Q2,rawat_jalan,Gastritis dan Duodenitis,K29,tidak_menular,985,Proyeksi (Model ML)
3522,Kabupaten Bojonegoro,2025,Q3,2025-Q3,rawat_jalan,Gastritis dan Duodenitis,K29,tidak_menular,1015,Proyeksi (Model ML)
3522,Kabupaten Bojonegoro,2025,Q4,2025-Q4,rawat_jalan,Gastritis dan Duodenitis,K29,tidak_menular,1044,Proyeksi (Model ML)
3522,Kabupaten Bojonegoro,2025,Q1,2025-Q1,rawat_jalan,Hipertensi Esensial,I10,tidak_menular,1644,Proyeksi (Model ML)
3522,Kabupaten Bojonegoro,2025,Q2,2025-Q2,rawat_jalan,Hipertensi Esensial,I10,tidak_menular,1724,Proyeksi (Model ML)
3522,Kabupaten Bojonegoro,2025,Q3,2025-Q3,rawat_jalan,Hipertensi Esensial,I10,tidak_menular,1767,Proyeksi (Model ML)
3522,Kabupaten Bojonegoro,2025,Q4,2025-Q4,rawat_jalan,Hipertensi Esensial,I10,tidak_menular,1660,Proyeksi (Model ML)
3522,Kabupaten Bojonegoro,2025,Q1,2025-Q1,rawat_jalan,Infeksi Saluran Pernapasan Akut (ISPA),J06,menular,1588,Proyeksi (Model ML)
3522,Kabupaten Bojonegoro,2025,Q2,2025-Q2,rawat_jalan,Infeksi Saluran Pernapasan Akut (ISPA),J06,menular,1594,Proyeksi (Model ML)
3522,Kabupaten Bojonegoro,2025,Q3,2025-Q3,rawat_jalan,Infeksi Saluran Pernapasan Akut (ISPA),J06,menular,1718,Proyeksi (Model ML)
3522,Kabupaten Bojonegoro,2025,Q4,2025-Q4,rawat_jalan,Infeksi Saluran Pernapasan Akut (ISPA),J06,menular,1653,Proyeksi (Model ML)
3523,Kabupaten Tuban,2025,Q1,2025-Q1,rawat_inap,Demam Berdarah Dengue (DBD),A90,menular,400,Proyeksi (Model ML)
3523,Kabupaten Tuban,2025,Q2,2025-Q2,rawat_inap,Demam Berdarah Dengue (DBD),A90,menular,383,Proyeksi (Model ML)
3523,Kabupaten Tuban,2025,Q3,2025-Q3,rawat_inap,Demam Berdarah Dengue (DBD),A90,menular,377,Proyeksi (Model ML)
3523,Kabupaten Tuban,2025,Q4,2025-Q4,rawat_inap,Demam Berdarah Dengue (DBD),A90,menular,391,Proyeksi (Model ML)
3523,Kabupaten Tuban,2025,Q1,2025-Q1,rawat_inap,Penyakit Jantung Iskemik,I25,tidak_menular,375,Proyeksi (Model ML)
3523,Kabupaten Tuban,2025,Q2,2025-Q2,rawat_inap,Penyakit Jantung Iskemik,I25,tidak_menular,389,Proyeksi (Model ML)
3523,Kabupaten Tuban,2025,Q3,2025-Q3,rawat_inap,Penyakit Jantung Iskemik,I25,tidak_menular,358,Proyeksi (Model ML)
3523,Kabupaten Tuban,2025,Q4,2025-Q4,rawat_inap,Penyakit Jantung Iskemik,I25,tidak_menular,378,Proyeksi (Model ML)
3523,Kabupaten Tuban,2025,Q1,2025-Q1,rawat_inap,Pneumonia,J18,menular,387,Proyeksi (Model ML)
3523,Kabupaten Tuban,2025,Q2,2025-Q2,rawat_inap,Pneumonia,J18,menular,364,Proyeksi (Model ML)
3523,Kabupaten Tuban,2025,Q3,2025-Q3,rawat_inap,Pneumonia,J18,menular,395,Proyeksi (Model ML)
3523,Kabupaten Tuban,2025,Q4,2025-Q4,rawat_inap,Pneumonia,J18,menular,346,Proyeksi (Model ML)
3523,Kabupaten Tuban,2025,Q1,2025-Q1,rawat_inap,Tuberkulosis Paru (TB),A15,menular,420,Proyeksi (Model ML)
3523,Kabupaten Tuban,2025,Q2,2025-Q2,rawat_inap,Tuberkulosis Paru (TB),A15,menular,363,Proyeksi (Model ML)
3523,Kabupaten Tuban,2025,Q3,2025-Q3,rawat_inap,Tuberkulosis Paru (TB),A15,menular,345,Proyeksi (Model ML)
3523,Kabupaten Tuban,2025,Q4,2025-Q4,rawat_inap,Tuberkulosis Paru (TB),A15,menular,344,Proyeksi (Model ML)
3523,Kabupaten Tuban,2025,Q1,2025-Q1,rawat_jalan,Demam Tifoid,A01,menular,518,Proyeksi (Model ML)
3523,Kabupaten Tuban,2025,Q2,2025-Q2,rawat_jalan,Demam Tifoid,A01,menular,481,Proyeksi (Model ML)
3523,Kabupaten Tuban,2025,Q3,2025-Q3,rawat_jalan,Demam Tifoid,A01,menular,519,Proyeksi (Model ML)
3523,Kabupaten Tuban,2025,Q4,2025-Q4,rawat_jalan,Demam Tifoid,A01,menular,476,Proyeksi (Model ML)
3523,Kabupaten Tuban,2025,Q1,2025-Q1,rawat_jalan,Diabetes Melitus Tipe 2,E11,tidak_menular,906,Proyeksi (Model ML)
3523,Kabupaten Tuban,2025,Q2,2025-Q2,rawat_jalan,Diabetes Melitus Tipe 2,E11,tidak_menular,982,Proyeksi (Model ML)
3523,Kabupaten Tuban,2025,Q3,2025-Q3,rawat_jalan,Diabetes Melitus Tipe 2,E11,tidak_menular,955,Proyeksi (Model ML)
3523,Kabupaten Tuban,2025,Q4,2025-Q4,rawat_jalan,Diabetes Melitus Tipe 2,E11,tidak_menular,937,Proyeksi (Model ML)
3523,Kabupaten Tuban,2025,Q1,2025-Q1,rawat_jalan,Diare dan Gastroenteritis,A09,menular,842,Proyeksi (Model ML)
3523,Kabupaten Tuban,2025,Q2,2025-Q2,rawat_jalan,Diare dan Gastroenteritis,A09,menular,789,Proyeksi (Model ML)
3523,Kabupaten Tuban,2025,Q3,2025-Q3,rawat_jalan,Diare dan Gastroenteritis,A09,menular,871,Proyeksi (Model ML)
3523,Kabupaten Tuban,2025,Q4,2025-Q4,rawat_jalan,Diare dan Gastroenteritis,A09,menular,853,Proyeksi (Model ML)
3523,Kabupaten Tuban,2025,Q1,2025-Q1,rawat_jalan,Gastritis dan Duodenitis,K29,tidak_menular,692,Proyeksi (Model ML)
3523,Kabupaten Tuban,2025,Q2,2025-Q2,rawat_jalan,Gastritis dan Duodenitis,K29,tidak_menular,666,Proyeksi (Model ML)
3523,Kabupaten Tuban,2025,Q3,2025-Q3,rawat_jalan,Gastritis dan Duodenitis,K29,tidak_menular,687,Proyeksi (Model ML)
3523,Kabupaten Tuban,2025,Q4,2025-Q4,rawat_jalan,Gastritis dan Duodenitis,K29,tidak_menular,706,Proyeksi (Model ML)
3523,Kabupaten Tuban,2025,Q1,2025-Q1,rawat_jalan,Hipertensi Esensial,I10,tidak_menular,1301,Proyeksi (Model ML)
3523,Kabupaten Tuban,2025,Q2,2025-Q2,rawat_jalan,Hipertensi Esensial,I10,tidak_menular,1365,Proyeksi (Model ML)
3523,Kabupaten Tuban,2025,Q3,2025-Q3,rawat_jalan,Hipertensi Esensial,I10,tidak_menular,1399,Proyeksi (Model ML)
3523,Kabupaten Tuban,2025,Q4,2025-Q4,rawat_jalan,Hipertensi Esensial,I10,tidak_menular,1314,Proyeksi (Model ML)
3523,Kabupaten Tuban,2025,Q1,2025-Q1,rawat_jalan,Infeksi Saluran Pernapasan Akut (ISPA),J06,menular,1401,Proyeksi (Model ML)
3523,Kabupaten Tuban,2025,Q2,2025-Q2,rawat_jalan,Infeksi Saluran Pernapasan Akut (ISPA),J06,menular,1406,Proyeksi (Model ML)
3523,Kabupaten Tuban,2025,Q3,2025-Q3,rawat_jalan,Infeksi Saluran Pernapasan Akut (ISPA),J06,menular,1516,Proyeksi (Model ML)
3523,Kabupaten Tuban,2025,Q4,2025-Q4,rawat_jalan,Infeksi Saluran Pernapasan Akut (ISPA),J06,menular,1459,Proyeksi (Model ML)
3524,Kabupaten Lamongan,2025,Q1,2025-Q1,rawat_inap,Demam Berdarah Dengue (DBD),A90,menular,524,Proyeksi (Model ML)
3524,Kabupaten Lamongan,2025,Q2,2025-Q2,rawat_inap,Demam Berdarah Dengue (DBD),A90,menular,501,Proyeksi (Model ML)
3524,Kabupaten Lamongan,2025,Q3,2025-Q3,rawat_inap,Demam Berdarah Dengue (DBD),A90,menular,494,Proyeksi (Model ML)
3524,Kabupaten Lamongan,2025,Q4,2025-Q4,rawat_inap,Demam Berdarah Dengue (DBD),A90,menular,512,Proyeksi (Model ML)
3524,Kabupaten Lamongan,2025,Q1,2025-Q1,rawat_inap,Penyakit Jantung Iskemik,I25,tidak_menular,459,Proyeksi (Model ML)
3524,Kabupaten Lamongan,2025,Q2,2025-Q2,rawat_inap,Penyakit Jantung Iskemik,I25,tidak_menular,475,Proyeksi (Model ML)
3524,Kabupaten Lamongan,2025,Q3,2025-Q3,rawat_inap,Penyakit Jantung Iskemik,I25,tidak_menular,438,Proyeksi (Model ML)
3524,Kabupaten Lamongan,2025,Q4,2025-Q4,rawat_inap,Penyakit Jantung Iskemik,I25,tidak_menular,462,Proyeksi (Model ML)
3524,Kabupaten Lamongan,2025,Q1,2025-Q1,rawat_inap,Pneumonia,J18,menular,266,Proyeksi (Model ML)
3524,Kabupaten Lamongan,2025,Q2,2025-Q2,rawat_inap,Pneumonia,J18,menular,250,Proyeksi (Model ML)
3524,Kabupaten Lamongan,2025,Q3,2025-Q3,rawat_inap,Pneumonia,J18,menular,271,Proyeksi (Model ML)
3524,Kabupaten Lamongan,2025,Q4,2025-Q4,rawat_inap,Pneumonia,J18,menular,238,Proyeksi (Model ML)
3524,Kabupaten Lamongan,2025,Q1,2025-Q1,rawat_inap,Tuberkulosis Paru (TB),A15,menular,452,Proyeksi (Model ML)
3524,Kabupaten Lamongan,2025,Q2,2025-Q2,rawat_inap,Tuberkulosis Paru (TB),A15,menular,390,Proyeksi (Model ML)
3524,Kabupaten Lamongan,2025,Q3,2025-Q3,rawat_inap,Tuberkulosis Paru (TB),A15,menular,371,Proyeksi (Model ML)
3524,Kabupaten Lamongan,2025,Q4,2025-Q4,rawat_inap,Tuberkulosis Paru (TB),A15,menular,370,Proyeksi (Model ML)
3524,Kabupaten Lamongan,2025,Q1,2025-Q1,rawat_jalan,Demam Tifoid,A01,menular,460,Proyeksi (Model ML)
3524,Kabupaten Lamongan,2025,Q2,2025-Q2,rawat_jalan,Demam Tifoid,A01,menular,428,Proyeksi (Model ML)
3524,Kabupaten Lamongan,2025,Q3,2025-Q3,rawat_jalan,Demam Tifoid,A01,menular,461,Proyeksi (Model ML)
3524,Kabupaten Lamongan,2025,Q4,2025-Q4,rawat_jalan,Demam Tifoid,A01,menular,423,Proyeksi (Model ML)
3524,Kabupaten Lamongan,2025,Q1,2025-Q1,rawat_jalan,Diabetes Melitus Tipe 2,E11,tidak_menular,1070,Proyeksi (Model ML)
3524,Kabupaten Lamongan,2025,Q2,2025-Q2,rawat_jalan,Diabetes Melitus Tipe 2,E11,tidak_menular,1160,Proyeksi (Model ML)
3524,Kabupaten Lamongan,2025,Q3,2025-Q3,rawat_jalan,Diabetes Melitus Tipe 2,E11,tidak_menular,1128,Proyeksi (Model ML)
3524,Kabupaten Lamongan,2025,Q4,2025-Q4,rawat_jalan,Diabetes Melitus Tipe 2,E11,tidak_menular,1107,Proyeksi (Model ML)
3524,Kabupaten Lamongan,2025,Q1,2025-Q1,rawat_jalan,Diare dan Gastroenteritis,A09,menular,1202,Proyeksi (Model ML)
3524,Kabupaten Lamongan,2025,Q2,2025-Q2,rawat_jalan,Diare dan Gastroenteritis,A09,menular,1127,Proyeksi (Model ML)
3524,Kabupaten Lamongan,2025,Q3,2025-Q3,rawat_jalan,Diare dan Gastroenteritis,A09,menular,1244,Proyeksi (Model ML)
3524,Kabupaten Lamongan,2025,Q4,2025-Q4,rawat_jalan,Diare dan Gastroenteritis,A09,menular,1218,Proyeksi (Model ML)
3524,Kabupaten Lamongan,2025,Q1,2025-Q1,rawat_jalan,Gastritis dan Duodenitis,K29,tidak_menular,703,Proyeksi (Model ML)
3524,Kabupaten Lamongan,2025,Q2,2025-Q2,rawat_jalan,Gastritis dan Duodenitis,K29,tidak_menular,676,Proyeksi (Model ML)
3524,Kabupaten Lamongan,2025,Q3,2025-Q3,rawat_jalan,Gastritis dan Duodenitis,K29,tidak_menular,697,Proyeksi (Model ML)
3524,Kabupaten Lamongan,2025,Q4,2025-Q4,rawat_jalan,Gastritis dan Duodenitis,K29,tidak_menular,717,Proyeksi (Model ML)
3524,Kabupaten Lamongan,2025,Q1,2025-Q1,rawat_jalan,Hipertensi Esensial,I10,tidak_menular,1716,Proyeksi (Model ML)
3524,Kabupaten Lamongan,2025,Q2,2025-Q2,rawat_jalan,Hipertensi Esensial,I10,tidak_menular,1799,Proyeksi (Model ML)
3524,Kabupaten Lamongan,2025,Q3,2025-Q3,rawat_jalan,Hipertensi Esensial,I10,tidak_menular,1845,Proyeksi (Model ML)
3524,Kabupaten Lamongan,2025,Q4,2025-Q4,rawat_jalan,Hipertensi Esensial,I10,tidak_menular,1733,Proyeksi (Model ML)
3524,Kabupaten Lamongan,2025,Q1,2025-Q1,rawat_jalan,Infeksi Saluran Pernapasan Akut (ISPA),J06,menular,2122,Proyeksi (Model ML)
3524,Kabupaten Lamongan,2025,Q2,2025-Q2,rawat_jalan,Infeksi Saluran Pernapasan Akut (ISPA),J06,menular,2129,Proyeksi (Model ML)
3524,Kabupaten Lamongan,2025,Q3,2025-Q3,rawat_jalan,Infeksi Saluran Pernapasan Akut (ISPA),J06,menular,2295,Proyeksi (Model ML)
3524,Kabupaten Lamongan,2025,Q4,2025-Q4,rawat_jalan,Infeksi Saluran Pernapasan Akut (ISPA),J06,menular,2208,Proyeksi (Model ML)
3525,Kabupaten Gresik,2025,Q1,2025-Q1,rawat_inap,Demam Berdarah Dengue (DBD),A90,menular,490,Proyeksi (Model ML)
3525,Kabupaten Gresik,2025,Q2,2025-Q2,rawat_inap,Demam Berdarah Dengue (DBD),A90,menular,469,Proyeksi (Model ML)
3525,Kabupaten Gresik,2025,Q3,2025-Q3,rawat_inap,Demam Berdarah Dengue (DBD),A90,menular,462,Proyeksi (Model ML)
3525,Kabupaten Gresik,2025,Q4,2025-Q4,rawat_inap,Demam Berdarah Dengue (DBD),A90,menular,478,Proyeksi (Model ML)
3525,Kabupaten Gresik,2025,Q1,2025-Q1,rawat_inap,Penyakit Jantung Iskemik,I25,tidak_menular,386,Proyeksi (Model ML)
3525,Kabupaten Gresik,2025,Q2,2025-Q2,rawat_inap,Penyakit Jantung Iskemik,I25,tidak_menular,400,Proyeksi (Model ML)
3525,Kabupaten Gresik,2025,Q3,2025-Q3,rawat_inap,Penyakit Jantung Iskemik,I25,tidak_menular,369,Proyeksi (Model ML)
3525,Kabupaten Gresik,2025,Q4,2025-Q4,rawat_inap,Penyakit Jantung Iskemik,I25,tidak_menular,389,Proyeksi (Model ML)
3525,Kabupaten Gresik,2025,Q1,2025-Q1,rawat_inap,Pneumonia,J18,menular,320,Proyeksi (Model ML)
3525,Kabupaten Gresik,2025,Q2,2025-Q2,rawat_inap,Pneumonia,J18,menular,300,Proyeksi (Model ML)
3525,Kabupaten Gresik,2025,Q3,2025-Q3,rawat_inap,Pneumonia,J18,menular,326,Proyeksi (Model ML)
3525,Kabupaten Gresik,2025,Q4,2025-Q4,rawat_inap,Pneumonia,J18,menular,286,Proyeksi (Model ML)
3525,Kabupaten Gresik,2025,Q1,2025-Q1,rawat_inap,Tuberkulosis Paru (TB),A15,menular,527,Proyeksi (Model ML)
3525,Kabupaten Gresik,2025,Q2,2025-Q2,rawat_inap,Tuberkulosis Paru (TB),A15,menular,455,Proyeksi (Model ML)
3525,Kabupaten Gresik,2025,Q3,2025-Q3,rawat_inap,Tuberkulosis Paru (TB),A15,menular,432,Proyeksi (Model ML)
3525,Kabupaten Gresik,2025,Q4,2025-Q4,rawat_inap,Tuberkulosis Paru (TB),A15,menular,432,Proyeksi (Model ML)
3525,Kabupaten Gresik,2025,Q1,2025-Q1,rawat_jalan,Demam Tifoid,A01,menular,482,Proyeksi (Model ML)
3525,Kabupaten Gresik,2025,Q2,2025-Q2,rawat_jalan,Demam Tifoid,A01,menular,448,Proyeksi (Model ML)
3525,Kabupaten Gresik,2025,Q3,2025-Q3,rawat_jalan,Demam Tifoid,A01,menular,483,Proyeksi (Model ML)
3525,Kabupaten Gresik,2025,Q4,2025-Q4,rawat_jalan,Demam Tifoid,A01,menular,443,Proyeksi (Model ML)
3525,Kabupaten Gresik,2025,Q1,2025-Q1,rawat_jalan,Diabetes Melitus Tipe 2,E11,tidak_menular,923,Proyeksi (Model ML)
3525,Kabupaten Gresik,2025,Q2,2025-Q2,rawat_jalan,Diabetes Melitus Tipe 2,E11,tidak_menular,1000,Proyeksi (Model ML)
3525,Kabupaten Gresik,2025,Q3,2025-Q3,rawat_jalan,Diabetes Melitus Tipe 2,E11,tidak_menular,972,Proyeksi (Model ML)
3525,Kabupaten Gresik,2025,Q4,2025-Q4,rawat_jalan,Diabetes Melitus Tipe 2,E11,tidak_menular,954,Proyeksi (Model ML)
3525,Kabupaten Gresik,2025,Q1,2025-Q1,rawat_jalan,Diare dan Gastroenteritis,A09,menular,1090,Proyeksi (Model ML)
3525,Kabupaten Gresik,2025,Q2,2025-Q2,rawat_jalan,Diare dan Gastroenteritis,A09,menular,1022,Proyeksi (Model ML)
3525,Kabupaten Gresik,2025,Q3,2025-Q3,rawat_jalan,Diare dan Gastroenteritis,A09,menular,1128,Proyeksi (Model ML)
3525,Kabupaten Gresik,2025,Q4,2025-Q4,rawat_jalan,Diare dan Gastroenteritis,A09,menular,1105,Proyeksi (Model ML)
3525,Kabupaten Gresik,2025,Q1,2025-Q1,rawat_jalan,Gastritis dan Duodenitis,K29,tidak_menular,770,Proyeksi (Model ML)
3525,Kabupaten Gresik,2025,Q2,2025-Q2,rawat_jalan,Gastritis dan Duodenitis,K29,tidak_menular,741,Proyeksi (Model ML)
3525,Kabupaten Gresik,2025,Q3,2025-Q3,rawat_jalan,Gastritis dan Duodenitis,K29,tidak_menular,764,Proyeksi (Model ML)
3525,Kabupaten Gresik,2025,Q4,2025-Q4,rawat_jalan,Gastritis dan Duodenitis,K29,tidak_menular,786,Proyeksi (Model ML)
3525,Kabupaten Gresik,2025,Q1,2025-Q1,rawat_jalan,Hipertensi Esensial,I10,tidak_menular,1610,Proyeksi (Model ML)
3525,Kabupaten Gresik,2025,Q2,2025-Q2,rawat_jalan,Hipertensi Esensial,I10,tidak_menular,1688,Proyeksi (Model ML)
3525,Kabupaten Gresik,2025,Q3,2025-Q3,rawat_jalan,Hipertensi Esensial,I10,tidak_menular,1730,Proyeksi (Model ML)
3525,Kabupaten Gresik,2025,Q4,2025-Q4,rawat_jalan,Hipertensi Esensial,I10,tidak_menular,1625,Proyeksi (Model ML)
3525,Kabupaten Gresik,2025,Q1,2025-Q1,rawat_jalan,Infeksi Saluran Pernapasan Akut (ISPA),J06,menular,1715,Proyeksi (Model ML)
3525,Kabupaten Gresik,2025,Q2,2025-Q2,rawat_jalan,Infeksi Saluran Pernapasan Akut (ISPA),J06,menular,1721,Proyeksi (Model ML)
3525,Kabupaten Gresik,2025,Q3,2025-Q3,rawat_jalan,Infeksi Saluran Pernapasan Akut (ISPA),J06,menular,1854,Proyeksi (Model ML)
3525,Kabupaten Gresik,2025,Q4,2025-Q4,rawat_jalan,Infeksi Saluran Pernapasan Akut (ISPA),J06,menular,1785,Proyeksi (Model ML)
3526,Kabupaten Bangkalan,2025,Q1,2025-Q1,rawat_inap,Demam Berdarah Dengue (DBD),A90,menular,460,Proyeksi (Model ML)
3526,Kabupaten Bangkalan,2025,Q2,2025-Q2,rawat_inap,Demam Berdarah Dengue (DBD),A90,menular,440,Proyeksi (Model ML)
3526,Kabupaten Bangkalan,2025,Q3,2025-Q3,rawat_inap,Demam Berdarah Dengue (DBD),A90,menular,434,Proyeksi (Model ML)
3526,Kabupaten Bangkalan,2025,Q4,2025-Q4,rawat_inap,Demam Berdarah Dengue (DBD),A90,menular,449,Proyeksi (Model ML)
3526,Kabupaten Bangkalan,2025,Q1,2025-Q1,rawat_inap,Penyakit Jantung Iskemik,I25,tidak_menular,283,Proyeksi (Model ML)
3526,Kabupaten Bangkalan,2025,Q2,2025-Q2,rawat_inap,Penyakit Jantung Iskemik,I25,tidak_menular,293,Proyeksi (Model ML)
3526,Kabupaten Bangkalan,2025,Q3,2025-Q3,rawat_inap,Penyakit Jantung Iskemik,I25,tidak_menular,270,Proyeksi (Model ML)
3526,Kabupaten Bangkalan,2025,Q4,2025-Q4,rawat_inap,Penyakit Jantung Iskemik,I25,tidak_menular,285,Proyeksi (Model ML)
3526,Kabupaten Bangkalan,2025,Q1,2025-Q1,rawat_inap,Pneumonia,J18,menular,272,Proyeksi (Model ML)
3526,Kabupaten Bangkalan,2025,Q2,2025-Q2,rawat_inap,Pneumonia,J18,menular,255,Proyeksi (Model ML)
3526,Kabupaten Bangkalan,2025,Q3,2025-Q3,rawat_inap,Pneumonia,J18,menular,277,Proyeksi (Model ML)
3526,Kabupaten Bangkalan,2025,Q4,2025-Q4,rawat_inap,Pneumonia,J18,menular,243,Proyeksi (Model ML)
3526,Kabupaten Bangkalan,2025,Q1,2025-Q1,rawat_inap,Tuberkulosis Paru (TB),A15,menular,308,Proyeksi (Model ML)
3526,Kabupaten Bangkalan,2025,Q2,2025-Q2,rawat_inap,Tuberkulosis Paru (TB),A15,menular,266,Proyeksi (Model ML)
3526,Kabupaten Bangkalan,2025,Q3,2025-Q3,rawat_inap,Tuberkulosis Paru (TB),A15,menular,253,Proyeksi (Model ML)
3526,Kabupaten Bangkalan,2025,Q4,2025-Q4,rawat_inap,Tuberkulosis Paru (TB),A15,menular,252,Proyeksi (Model ML)
3526,Kabupaten Bangkalan,2025,Q1,2025-Q1,rawat_jalan,Demam Tifoid,A01,menular,444,Proyeksi (Model ML)
3526,Kabupaten Bangkalan,2025,Q2,2025-Q2,rawat_jalan,Demam Tifoid,A01,menular,413,Proyeksi (Model ML)
3526,Kabupaten Bangkalan,2025,Q3,2025-Q3,rawat_jalan,Demam Tifoid,A01,menular,445,Proyeksi (Model ML)
3526,Kabupaten Bangkalan,2025,Q4,2025-Q4,rawat_jalan,Demam Tifoid,A01,menular,409,Proyeksi (Model ML)
3526,Kabupaten Bangkalan,2025,Q1,2025-Q1,rawat_jalan,Diabetes Melitus Tipe 2,E11,tidak_menular,708,Proyeksi (Model ML)
3526,Kabupaten Bangkalan,2025,Q2,2025-Q2,rawat_jalan,Diabetes Melitus Tipe 2,E11,tidak_menular,767,Proyeksi (Model ML)
3526,Kabupaten Bangkalan,2025,Q3,2025-Q3,rawat_jalan,Diabetes Melitus Tipe 2,E11,tidak_menular,746,Proyeksi (Model ML)
3526,Kabupaten Bangkalan,2025,Q4,2025-Q4,rawat_jalan,Diabetes Melitus Tipe 2,E11,tidak_menular,732,Proyeksi (Model ML)
3526,Kabupaten Bangkalan,2025,Q1,2025-Q1,rawat_jalan,Diare dan Gastroenteritis,A09,menular,807,Proyeksi (Model ML)
3526,Kabupaten Bangkalan,2025,Q2,2025-Q2,rawat_jalan,Diare dan Gastroenteritis,A09,menular,756,Proyeksi (Model ML)
3526,Kabupaten Bangkalan,2025,Q3,2025-Q3,rawat_jalan,Diare dan Gastroenteritis,A09,menular,835,Proyeksi (Model ML)
3526,Kabupaten Bangkalan,2025,Q4,2025-Q4,rawat_jalan,Diare dan Gastroenteritis,A09,menular,817,Proyeksi (Model ML)
3526,Kabupaten Bangkalan,2025,Q1,2025-Q1,rawat_jalan,Gastritis dan Duodenitis,K29,tidak_menular,795,Proyeksi (Model ML)
3526,Kabupaten Bangkalan,2025,Q2,2025-Q2,rawat_jalan,Gastritis dan Duodenitis,K29,tidak_menular,765,Proyeksi (Model ML)
3526,Kabupaten Bangkalan,2025,Q3,2025-Q3,rawat_jalan,Gastritis dan Duodenitis,K29,tidak_menular,788,Proyeksi (Model ML)
3526,Kabupaten Bangkalan,2025,Q4,2025-Q4,rawat_jalan,Gastritis dan Duodenitis,K29,tidak_menular,811,Proyeksi (Model ML)
3526,Kabupaten Bangkalan,2025,Q1,2025-Q1,rawat_jalan,Hipertensi Esensial,I10,tidak_menular,1214,Proyeksi (Model ML)
3526,Kabupaten Bangkalan,2025,Q2,2025-Q2,rawat_jalan,Hipertensi Esensial,I10,tidak_menular,1273,Proyeksi (Model ML)
3526,Kabupaten Bangkalan,2025,Q3,2025-Q3,rawat_jalan,Hipertensi Esensial,I10,tidak_menular,1304,Proyeksi (Model ML)
3526,Kabupaten Bangkalan,2025,Q4,2025-Q4,rawat_jalan,Hipertensi Esensial,I10,tidak_menular,1225,Proyeksi (Model ML)
3526,Kabupaten Bangkalan,2025,Q1,2025-Q1,rawat_jalan,Infeksi Saluran Pernapasan Akut (ISPA),J06,menular,1406,Proyeksi (Model ML)
3526,Kabupaten Bangkalan,2025,Q2,2025-Q2,rawat_jalan,Infeksi Saluran Pernapasan Akut (ISPA),J06,menular,1411,Proyeksi (Model ML)
3526,Kabupaten Bangkalan,2025,Q3,2025-Q3,rawat_jalan,Infeksi Saluran Pernapasan Akut (ISPA),J06,menular,1521,Proyeksi (Model ML)
3526,Kabupaten Bangkalan,2025,Q4,2025-Q4,rawat_jalan,Infeksi Saluran Pernapasan Akut (ISPA),J06,menular,1464,Proyeksi (Model ML)
3527,Kabupaten Sampang,2025,Q1,2025-Q1,rawat_inap,Demam Berdarah Dengue (DBD),A90,menular,257,Proyeksi (Model ML)
3527,Kabupaten Sampang,2025,Q2,2025-Q2,rawat_inap,Demam Berdarah Dengue (DBD),A90,menular,246,Proyeksi (Model ML)
3527,Kabupaten Sampang,2025,Q3,2025-Q3,rawat_inap,Demam Berdarah Dengue (DBD),A90,menular,243,Proyeksi (Model ML)
3527,Kabupaten Sampang,2025,Q4,2025-Q4,rawat_inap,Demam Berdarah Dengue (DBD),A90,menular,251,Proyeksi (Model ML)
3527,Kabupaten Sampang,2025,Q1,2025-Q1,rawat_inap,Penyakit Jantung Iskemik,I25,tidak_menular,337,Proyeksi (Model ML)
3527,Kabupaten Sampang,2025,Q2,2025-Q2,rawat_inap,Penyakit Jantung Iskemik,I25,tidak_menular,349,Proyeksi (Model ML)
3527,Kabupaten Sampang,2025,Q3,2025-Q3,rawat_inap,Penyakit Jantung Iskemik,I25,tidak_menular,322,Proyeksi (Model ML)
3527,Kabupaten Sampang,2025,Q4,2025-Q4,rawat_inap,Penyakit Jantung Iskemik,I25,tidak_menular,339,Proyeksi (Model ML)
3527,Kabupaten Sampang,2025,Q1,2025-Q1,rawat_inap,Pneumonia,J18,menular,214,Proyeksi (Model ML)
3527,Kabupaten Sampang,2025,Q2,2025-Q2,rawat_inap,Pneumonia,J18,menular,201,Proyeksi (Model ML)
3527,Kabupaten Sampang,2025,Q3,2025-Q3,rawat_inap,Pneumonia,J18,menular,218,Proyeksi (Model ML)
3527,Kabupaten Sampang,2025,Q4,2025-Q4,rawat_inap,Pneumonia,J18,menular,191,Proyeksi (Model ML)
3527,Kabupaten Sampang,2025,Q1,2025-Q1,rawat_inap,Tuberkulosis Paru (TB),A15,menular,237,Proyeksi (Model ML)
3527,Kabupaten Sampang,2025,Q2,2025-Q2,rawat_inap,Tuberkulosis Paru (TB),A15,menular,205,Proyeksi (Model ML)
3527,Kabupaten Sampang,2025,Q3,2025-Q3,rawat_inap,Tuberkulosis Paru (TB),A15,menular,195,Proyeksi (Model ML)
3527,Kabupaten Sampang,2025,Q4,2025-Q4,rawat_inap,Tuberkulosis Paru (TB),A15,menular,194,Proyeksi (Model ML)
3527,Kabupaten Sampang,2025,Q1,2025-Q1,rawat_jalan,Demam Tifoid,A01,menular,348,Proyeksi (Model ML)
3527,Kabupaten Sampang,2025,Q2,2025-Q2,rawat_jalan,Demam Tifoid,A01,menular,324,Proyeksi (Model ML)
3527,Kabupaten Sampang,2025,Q3,2025-Q3,rawat_jalan,Demam Tifoid,A01,menular,349,Proyeksi (Model ML)
3527,Kabupaten Sampang,2025,Q4,2025-Q4,rawat_jalan,Demam Tifoid,A01,menular,321,Proyeksi (Model ML)
3527,Kabupaten Sampang,2025,Q1,2025-Q1,rawat_jalan,Diabetes Melitus Tipe 2,E11,tidak_menular,831,Proyeksi (Model ML)
3527,Kabupaten Sampang,2025,Q2,2025-Q2,rawat_jalan,Diabetes Melitus Tipe 2,E11,tidak_menular,901,Proyeksi (Model ML)
3527,Kabupaten Sampang,2025,Q3,2025-Q3,rawat_jalan,Diabetes Melitus Tipe 2,E11,tidak_menular,876,Proyeksi (Model ML)
3527,Kabupaten Sampang,2025,Q4,2025-Q4,rawat_jalan,Diabetes Melitus Tipe 2,E11,tidak_menular,860,Proyeksi (Model ML)
3527,Kabupaten Sampang,2025,Q1,2025-Q1,rawat_jalan,Diare dan Gastroenteritis,A09,menular,806,Proyeksi (Model ML)
3527,Kabupaten Sampang,2025,Q2,2025-Q2,rawat_jalan,Diare dan Gastroenteritis,A09,menular,755,Proyeksi (Model ML)
3527,Kabupaten Sampang,2025,Q3,2025-Q3,rawat_jalan,Diare dan Gastroenteritis,A09,menular,834,Proyeksi (Model ML)
3527,Kabupaten Sampang,2025,Q4,2025-Q4,rawat_jalan,Diare dan Gastroenteritis,A09,menular,817,Proyeksi (Model ML)
3527,Kabupaten Sampang,2025,Q1,2025-Q1,rawat_jalan,Gastritis dan Duodenitis,K29,tidak_menular,480,Proyeksi (Model ML)
3527,Kabupaten Sampang,2025,Q2,2025-Q2,rawat_jalan,Gastritis dan Duodenitis,K29,tidak_menular,462,Proyeksi (Model ML)
3527,Kabupaten Sampang,2025,Q3,2025-Q3,rawat_jalan,Gastritis dan Duodenitis,K29,tidak_menular,476,Proyeksi (Model ML)
3527,Kabupaten Sampang,2025,Q4,2025-Q4,rawat_jalan,Gastritis dan Duodenitis,K29,tidak_menular,490,Proyeksi (Model ML)
3527,Kabupaten Sampang,2025,Q1,2025-Q1,rawat_jalan,Hipertensi Esensial,I10,tidak_menular,1144,Proyeksi (Model ML)
3527,Kabupaten Sampang,2025,Q2,2025-Q2,rawat_jalan,Hipertensi Esensial,I10,tidak_menular,1199,Proyeksi (Model ML)
3527,Kabupaten Sampang,2025,Q3,2025-Q3,rawat_jalan,Hipertensi Esensial,I10,tidak_menular,1229,Proyeksi (Model ML)
3527,Kabupaten Sampang,2025,Q4,2025-Q4,rawat_jalan,Hipertensi Esensial,I10,tidak_menular,1155,Proyeksi (Model ML)
3527,Kabupaten Sampang,2025,Q1,2025-Q1,rawat_jalan,Infeksi Saluran Pernapasan Akut (ISPA),J06,menular,1247,Proyeksi (Model ML)
3527,Kabupaten Sampang,2025,Q2,2025-Q2,rawat_jalan,Infeksi Saluran Pernapasan Akut (ISPA),J06,menular,1252,Proyeksi (Model ML)
3527,Kabupaten Sampang,2025,Q3,2025-Q3,rawat_jalan,Infeksi Saluran Pernapasan Akut (ISPA),J06,menular,1349,Proyeksi (Model ML)
3527,Kabupaten Sampang,2025,Q4,2025-Q4,rawat_jalan,Infeksi Saluran Pernapasan Akut (ISPA),J06,menular,1298,Proyeksi (Model ML)
3528,Kabupaten Pamekasan,2025,Q1,2025-Q1,rawat_inap,Demam Berdarah Dengue (DBD),A90,menular,305,Proyeksi (Model ML)
3528,Kabupaten Pamekasan,2025,Q2,2025-Q2,rawat_inap,Demam Berdarah Dengue (DBD),A90,menular,292,Proyeksi (Model ML)
3528,Kabupaten Pamekasan,2025,Q3,2025-Q3,rawat_inap,Demam Berdarah Dengue (DBD),A90,menular,288,Proyeksi (Model ML)
3528,Kabupaten Pamekasan,2025,Q4,2025-Q4,rawat_inap,Demam Berdarah Dengue (DBD),A90,menular,298,Proyeksi (Model ML)
3528,Kabupaten Pamekasan,2025,Q1,2025-Q1,rawat_inap,Penyakit Jantung Iskemik,I25,tidak_menular,313,Proyeksi (Model ML)
3528,Kabupaten Pamekasan,2025,Q2,2025-Q2,rawat_inap,Penyakit Jantung Iskemik,I25,tidak_menular,324,Proyeksi (Model ML)
3528,Kabupaten Pamekasan,2025,Q3,2025-Q3,rawat_inap,Penyakit Jantung Iskemik,I25,tidak_menular,299,Proyeksi (Model ML)
3528,Kabupaten Pamekasan,2025,Q4,2025-Q4,rawat_inap,Penyakit Jantung Iskemik,I25,tidak_menular,316,Proyeksi (Model ML)
3528,Kabupaten Pamekasan,2025,Q1,2025-Q1,rawat_inap,Pneumonia,J18,menular,241,Proyeksi (Model ML)
3528,Kabupaten Pamekasan,2025,Q2,2025-Q2,rawat_inap,Pneumonia,J18,menular,227,Proyeksi (Model ML)
3528,Kabupaten Pamekasan,2025,Q3,2025-Q3,rawat_inap,Pneumonia,J18,menular,246,Proyeksi (Model ML)
3528,Kabupaten Pamekasan,2025,Q4,2025-Q4,rawat_inap,Pneumonia,J18,menular,216,Proyeksi (Model ML)
3528,Kabupaten Pamekasan,2025,Q1,2025-Q1,rawat_inap,Tuberkulosis Paru (TB),A15,menular,357,Proyeksi (Model ML)
3528,Kabupaten Pamekasan,2025,Q2,2025-Q2,rawat_inap,Tuberkulosis Paru (TB),A15,menular,308,Proyeksi (Model ML)
3528,Kabupaten Pamekasan,2025,Q3,2025-Q3,rawat_inap,Tuberkulosis Paru (TB),A15,menular,293,Proyeksi (Model ML)
3528,Kabupaten Pamekasan,2025,Q4,2025-Q4,rawat_inap,Tuberkulosis Paru (TB),A15,menular,292,Proyeksi (Model ML)
3528,Kabupaten Pamekasan,2025,Q1,2025-Q1,rawat_jalan,Demam Tifoid,A01,menular,297,Proyeksi (Model ML)
3528,Kabupaten Pamekasan,2025,Q2,2025-Q2,rawat_jalan,Demam Tifoid,A01,menular,276,Proyeksi (Model ML)
3528,Kabupaten Pamekasan,2025,Q3,2025-Q3,rawat_jalan,Demam Tifoid,A01,menular,297,Proyeksi (Model ML)
3528,Kabupaten Pamekasan,2025,Q4,2025-Q4,rawat_jalan,Demam Tifoid,A01,menular,273,Proyeksi (Model ML)
3528,Kabupaten Pamekasan,2025,Q1,2025-Q1,rawat_jalan,Diabetes Melitus Tipe 2,E11,tidak_menular,799,Proyeksi (Model ML)
3528,Kabupaten Pamekasan,2025,Q2,2025-Q2,rawat_jalan,Diabetes Melitus Tipe 2,E11,tidak_menular,866,Proyeksi (Model ML)
3528,Kabupaten Pamekasan,2025,Q3,2025-Q3,rawat_jalan,Diabetes Melitus Tipe 2,E11,tidak_menular,842,Proyeksi (Model ML)
3528,Kabupaten Pamekasan,2025,Q4,2025-Q4,rawat_jalan,Diabetes Melitus Tipe 2,E11,tidak_menular,826,Proyeksi (Model ML)
3528,Kabupaten Pamekasan,2025,Q1,2025-Q1,rawat_jalan,Diare dan Gastroenteritis,A09,menular,680,Proyeksi (Model ML)
3528,Kabupaten Pamekasan,2025,Q2,2025-Q2,rawat_jalan,Diare dan Gastroenteritis,A09,menular,637,Proyeksi (Model ML)
3528,Kabupaten Pamekasan,2025,Q3,2025-Q3,rawat_jalan,Diare dan Gastroenteritis,A09,menular,704,Proyeksi (Model ML)
3528,Kabupaten Pamekasan,2025,Q4,2025-Q4,rawat_jalan,Diare dan Gastroenteritis,A09,menular,689,Proyeksi (Model ML)
3528,Kabupaten Pamekasan,2025,Q1,2025-Q1,rawat_jalan,Gastritis dan Duodenitis,K29,tidak_menular,551,Proyeksi (Model ML)
3528,Kabupaten Pamekasan,2025,Q2,2025-Q2,rawat_jalan,Gastritis dan Duodenitis,K29,tidak_menular,530,Proyeksi (Model ML)
3528,Kabupaten Pamekasan,2025,Q3,2025-Q3,rawat_jalan,Gastritis dan Duodenitis,K29,tidak_menular,546,Proyeksi (Model ML)
3528,Kabupaten Pamekasan,2025,Q4,2025-Q4,rawat_jalan,Gastritis dan Duodenitis,K29,tidak_menular,562,Proyeksi (Model ML)
3528,Kabupaten Pamekasan,2025,Q1,2025-Q1,rawat_jalan,Hipertensi Esensial,I10,tidak_menular,964,Proyeksi (Model ML)
3528,Kabupaten Pamekasan,2025,Q2,2025-Q2,rawat_jalan,Hipertensi Esensial,I10,tidak_menular,1010,Proyeksi (Model ML)
3528,Kabupaten Pamekasan,2025,Q3,2025-Q3,rawat_jalan,Hipertensi Esensial,I10,tidak_menular,1036,Proyeksi (Model ML)
3528,Kabupaten Pamekasan,2025,Q4,2025-Q4,rawat_jalan,Hipertensi Esensial,I10,tidak_menular,973,Proyeksi (Model ML)
3528,Kabupaten Pamekasan,2025,Q1,2025-Q1,rawat_jalan,Infeksi Saluran Pernapasan Akut (ISPA),J06,menular,1293,Proyeksi (Model ML)
3528,Kabupaten Pamekasan,2025,Q2,2025-Q2,rawat_jalan,Infeksi Saluran Pernapasan Akut (ISPA),J06,menular,1297,Proyeksi (Model ML)
3528,Kabupaten Pamekasan,2025,Q3,2025-Q3,rawat_jalan,Infeksi Saluran Pernapasan Akut (ISPA),J06,menular,1398,Proyeksi (Model ML)
3528,Kabupaten Pamekasan,2025,Q4,2025-Q4,rawat_jalan,Infeksi Saluran Pernapasan Akut (ISPA),J06,menular,1345,Proyeksi (Model ML)
3529,Kabupaten Sumenep,2025,Q1,2025-Q1,rawat_inap,Demam Berdarah Dengue (DBD),A90,menular,493,Proyeksi (Model ML)
3529,Kabupaten Sumenep,2025,Q2,2025-Q2,rawat_inap,Demam Berdarah Dengue (DBD),A90,menular,472,Proyeksi (Model ML)
3529,Kabupaten Sumenep,2025,Q3,2025-Q3,rawat_inap,Demam Berdarah Dengue (DBD),A90,menular,465,Proyeksi (Model ML)
3529,Kabupaten Sumenep,2025,Q4,2025-Q4,rawat_inap,Demam Berdarah Dengue (DBD),A90,menular,481,Proyeksi (Model ML)
3529,Kabupaten Sumenep,2025,Q1,2025-Q1,rawat_inap,Penyakit Jantung Iskemik,I25,tidak_menular,377,Proyeksi (Model ML)
3529,Kabupaten Sumenep,2025,Q2,2025-Q2,rawat_inap,Penyakit Jantung Iskemik,I25,tidak_menular,391,Proyeksi (Model ML)
3529,Kabupaten Sumenep,2025,Q3,2025-Q3,rawat_inap,Penyakit Jantung Iskemik,I25,tidak_menular,360,Proyeksi (Model ML)
3529,Kabupaten Sumenep,2025,Q4,2025-Q4,rawat_inap,Penyakit Jantung Iskemik,I25,tidak_menular,380,Proyeksi (Model ML)
3529,Kabupaten Sumenep,2025,Q1,2025-Q1,rawat_inap,Pneumonia,J18,menular,227,Proyeksi (Model ML)
3529,Kabupaten Sumenep,2025,Q2,2025-Q2,rawat_inap,Pneumonia,J18,menular,214,Proyeksi (Model ML)
3529,Kabupaten Sumenep,2025,Q3,2025-Q3,rawat_inap,Pneumonia,J18,menular,232,Proyeksi (Model ML)
3529,Kabupaten Sumenep,2025,Q4,2025-Q4,rawat_inap,Pneumonia,J18,menular,203,Proyeksi (Model ML)
3529,Kabupaten Sumenep,2025,Q1,2025-Q1,rawat_inap,Tuberkulosis Paru (TB),A15,menular,530,Proyeksi (Model ML)
3529,Kabupaten Sumenep,2025,Q2,2025-Q2,rawat_inap,Tuberkulosis Paru (TB),A15,menular,458,Proyeksi (Model ML)
3529,Kabupaten Sumenep,2025,Q3,2025-Q3,rawat_inap,Tuberkulosis Paru (TB),A15,menular,435,Proyeksi (Model ML)
3529,Kabupaten Sumenep,2025,Q4,2025-Q4,rawat_inap,Tuberkulosis Paru (TB),A15,menular,434,Proyeksi (Model ML)
3529,Kabupaten Sumenep,2025,Q1,2025-Q1,rawat_jalan,Demam Tifoid,A01,menular,317,Proyeksi (Model ML)
3529,Kabupaten Sumenep,2025,Q2,2025-Q2,rawat_jalan,Demam Tifoid,A01,menular,295,Proyeksi (Model ML)
3529,Kabupaten Sumenep,2025,Q3,2025-Q3,rawat_jalan,Demam Tifoid,A01,menular,318,Proyeksi (Model ML)
3529,Kabupaten Sumenep,2025,Q4,2025-Q4,rawat_jalan,Demam Tifoid,A01,menular,292,Proyeksi (Model ML)
3529,Kabupaten Sumenep,2025,Q1,2025-Q1,rawat_jalan,Diabetes Melitus Tipe 2,E11,tidak_menular,953,Proyeksi (Model ML)
3529,Kabupaten Sumenep,2025,Q2,2025-Q2,rawat_jalan,Diabetes Melitus Tipe 2,E11,tidak_menular,1032,Proyeksi (Model ML)
3529,Kabupaten Sumenep,2025,Q3,2025-Q3,rawat_jalan,Diabetes Melitus Tipe 2,E11,tidak_menular,1004,Proyeksi (Model ML)
3529,Kabupaten Sumenep,2025,Q4,2025-Q4,rawat_jalan,Diabetes Melitus Tipe 2,E11,tidak_menular,985,Proyeksi (Model ML)
3529,Kabupaten Sumenep,2025,Q1,2025-Q1,rawat_jalan,Diare dan Gastroenteritis,A09,menular,812,Proyeksi (Model ML)
3529,Kabupaten Sumenep,2025,Q2,2025-Q2,rawat_jalan,Diare dan Gastroenteritis,A09,menular,761,Proyeksi (Model ML)
3529,Kabupaten Sumenep,2025,Q3,2025-Q3,rawat_jalan,Diare dan Gastroenteritis,A09,menular,841,Proyeksi (Model ML)
3529,Kabupaten Sumenep,2025,Q4,2025-Q4,rawat_jalan,Diare dan Gastroenteritis,A09,menular,823,Proyeksi (Model ML)
3529,Kabupaten Sumenep,2025,Q1,2025-Q1,rawat_jalan,Gastritis dan Duodenitis,K29,tidak_menular,725,Proyeksi (Model ML)
3529,Kabupaten Sumenep,2025,Q2,2025-Q2,rawat_jalan,Gastritis dan Duodenitis,K29,tidak_menular,698,Proyeksi (Model ML)
3529,Kabupaten Sumenep,2025,Q3,2025-Q3,rawat_jalan,Gastritis dan Duodenitis,K29,tidak_menular,719,Proyeksi (Model ML)
3529,Kabupaten Sumenep,2025,Q4,2025-Q4,rawat_jalan,Gastritis dan Duodenitis,K29,tidak_menular,740,Proyeksi (Model ML)
3529,Kabupaten Sumenep,2025,Q1,2025-Q1,rawat_jalan,Hipertensi Esensial,I10,tidak_menular,1242,Proyeksi (Model ML)
3529,Kabupaten Sumenep,2025,Q2,2025-Q2,rawat_jalan,Hipertensi Esensial,I10,tidak_menular,1303,Proyeksi (Model ML)
3529,Kabupaten Sumenep,2025,Q3,2025-Q3,rawat_jalan,Hipertensi Esensial,I10,tidak_menular,1335,Proyeksi (Model ML)
3529,Kabupaten Sumenep,2025,Q4,2025-Q4,rawat_jalan,Hipertensi Esensial,I10,tidak_menular,1254,Proyeksi (Model ML)
3529,Kabupaten Sumenep,2025,Q1,2025-Q1,rawat_jalan,Infeksi Saluran Pernapasan Akut (ISPA),J06,menular,1687,Proyeksi (Model ML)
3529,Kabupaten Sumenep,2025,Q2,2025-Q2,rawat_jalan,Infeksi Saluran Pernapasan Akut (ISPA),J06,menular,1693,Proyeksi (Model ML)
3529,Kabupaten Sumenep,2025,Q3,2025-Q3,rawat_jalan,Infeksi Saluran Pernapasan Akut (ISPA),J06,menular,1825,Proyeksi (Model ML)
3529,Kabupaten Sumenep,2025,Q4,2025-Q4,rawat_jalan,Infeksi Saluran Pernapasan Akut (ISPA),J06,menular,1756,Proyeksi (Model ML)
3571,Kota Kediri,2025,Q1,2025-Q1,rawat_inap,Demam Berdarah Dengue (DBD),A90,menular,90,Proyeksi (Model ML)
3571,Kota Kediri,2025,Q2,2025-Q2,rawat_inap,Demam Berdarah Dengue (DBD),A90,menular,87,Proyeksi (Model ML)
3571,Kota Kediri,2025,Q3,2025-Q3,rawat_inap,Demam Berdarah Dengue (DBD),A90,menular,85,Proyeksi (Model ML)
3571,Kota Kediri,2025,Q4,2025-Q4,rawat_inap,Demam Berdarah Dengue (DBD),A90,menular,88,Proyeksi (Model ML)
3571,Kota Kediri,2025,Q1,2025-Q1,rawat_inap,Penyakit Jantung Iskemik,I25,tidak_menular,90,Proyeksi (Model ML)
3571,Kota Kediri,2025,Q2,2025-Q2,rawat_inap,Penyakit Jantung Iskemik,I25,tidak_menular,93,Proyeksi (Model ML)
3571,Kota Kediri,2025,Q3,2025-Q3,rawat_inap,Penyakit Jantung Iskemik,I25,tidak_menular,86,Proyeksi (Model ML)
3571,Kota Kediri,2025,Q4,2025-Q4,rawat_inap,Penyakit Jantung Iskemik,I25,tidak_menular,91,Proyeksi (Model ML)
3571,Kota Kediri,2025,Q1,2025-Q1,rawat_inap,Pneumonia,J18,menular,74,Proyeksi (Model ML)
3571,Kota Kediri,2025,Q2,2025-Q2,rawat_inap,Pneumonia,J18,menular,69,Proyeksi (Model ML)
3571,Kota Kediri,2025,Q3,2025-Q3,rawat_inap,Pneumonia,J18,menular,75,Proyeksi (Model ML)
3571,Kota Kediri,2025,Q4,2025-Q4,rawat_inap,Pneumonia,J18,menular,66,Proyeksi (Model ML)
3571,Kota Kediri,2025,Q1,2025-Q1,rawat_inap,Tuberkulosis Paru (TB),A15,menular,98,Proyeksi (Model ML)
3571,Kota Kediri,2025,Q2,2025-Q2,rawat_inap,Tuberkulosis Paru (TB),A15,menular,85,Proyeksi (Model ML)
3571,Kota Kediri,2025,Q3,2025-Q3,rawat_inap,Tuberkulosis Paru (TB),A15,menular,81,Proyeksi (Model ML)
3571,Kota Kediri,2025,Q4,2025-Q4,rawat_inap,Tuberkulosis Paru (TB),A15,menular,81,Proyeksi (Model ML)
3571,Kota Kediri,2025,Q1,2025-Q1,rawat_jalan,Demam Tifoid,A01,menular,107,Proyeksi (Model ML)
3571,Kota Kediri,2025,Q2,2025-Q2,rawat_jalan,Demam Tifoid,A01,menular,100,Proyeksi (Model ML)
3571,Kota Kediri,2025,Q3,2025-Q3,rawat_jalan,Demam Tifoid,A01,menular,107,Proyeksi (Model ML)
3571,Kota Kediri,2025,Q4,2025-Q4,rawat_jalan,Demam Tifoid,A01,menular,99,Proyeksi (Model ML)
3571,Kota Kediri,2025,Q1,2025-Q1,rawat_jalan,Diabetes Melitus Tipe 2,E11,tidak_menular,193,Proyeksi (Model ML)
3571,Kota Kediri,2025,Q2,2025-Q2,rawat_jalan,Diabetes Melitus Tipe 2,E11,tidak_menular,209,Proyeksi (Model ML)
3571,Kota Kediri,2025,Q3,2025-Q3,rawat_jalan,Diabetes Melitus Tipe 2,E11,tidak_menular,203,Proyeksi (Model ML)
3571,Kota Kediri,2025,Q4,2025-Q4,rawat_jalan,Diabetes Melitus Tipe 2,E11,tidak_menular,199,Proyeksi (Model ML)
3571,Kota Kediri,2025,Q1,2025-Q1,rawat_jalan,Diare dan Gastroenteritis,A09,menular,209,Proyeksi (Model ML)
3571,Kota Kediri,2025,Q2,2025-Q2,rawat_jalan,Diare dan Gastroenteritis,A09,menular,196,Proyeksi (Model ML)
3571,Kota Kediri,2025,Q3,2025-Q3,rawat_jalan,Diare dan Gastroenteritis,A09,menular,216,Proyeksi (Model ML)
3571,Kota Kediri,2025,Q4,2025-Q4,rawat_jalan,Diare dan Gastroenteritis,A09,menular,212,Proyeksi (Model ML)
3571,Kota Kediri,2025,Q1,2025-Q1,rawat_jalan,Gastritis dan Duodenitis,K29,tidak_menular,211,Proyeksi (Model ML)
3571,Kota Kediri,2025,Q2,2025-Q2,rawat_jalan,Gastritis dan Duodenitis,K29,tidak_menular,203,Proyeksi (Model ML)
3571,Kota Kediri,2025,Q3,2025-Q3,rawat_jalan,Gastritis dan Duodenitis,K29,tidak_menular,210,Proyeksi (Model ML)
3571,Kota Kediri,2025,Q4,2025-Q4,rawat_jalan,Gastritis dan Duodenitis,K29,tidak_menular,216,Proyeksi (Model ML)
3571,Kota Kediri,2025,Q1,2025-Q1,rawat_jalan,Hipertensi Esensial,I10,tidak_menular,436,Proyeksi (Model ML)
3571,Kota Kediri,2025,Q2,2025-Q2,rawat_jalan,Hipertensi Esensial,I10,tidak_menular,458,Proyeksi (Model ML)
3571,Kota Kediri,2025,Q3,2025-Q3,rawat_jalan,Hipertensi Esensial,I10,tidak_menular,469,Proyeksi (Model ML)
3571,Kota Kediri,2025,Q4,2025-Q4,rawat_jalan,Hipertensi Esensial,I10,tidak_menular,441,Proyeksi (Model ML)
3571,Kota Kediri,2025,Q1,2025-Q1,rawat_jalan,Infeksi Saluran Pernapasan Akut (ISPA),J06,menular,383,Proyeksi (Model ML)
3571,Kota Kediri,2025,Q2,2025-Q2,rawat_jalan,Infeksi Saluran Pernapasan Akut (ISPA),J06,menular,384,Proyeksi (Model ML)
3571,Kota Kediri,2025,Q3,2025-Q3,rawat_jalan,Infeksi Saluran Pernapasan Akut (ISPA),J06,menular,414,Proyeksi (Model ML)
3571,Kota Kediri,2025,Q4,2025-Q4,rawat_jalan,Infeksi Saluran Pernapasan Akut (ISPA),J06,menular,398,Proyeksi (Model ML)
3572,Kota Blitar,2025,Q1,2025-Q1,rawat_inap,Demam Berdarah Dengue (DBD),A90,menular,59,Proyeksi (Model ML)
3572,Kota Blitar,2025,Q2,2025-Q2,rawat_inap,Demam Berdarah Dengue (DBD),A90,menular,57,Proyeksi (Model ML)
3572,Kota Blitar,2025,Q3,2025-Q3,rawat_inap,Demam Berdarah Dengue (DBD),A90,menular,56,Proyeksi (Model ML)
3572,Kota Blitar,2025,Q4,2025-Q4,rawat_inap,Demam Berdarah Dengue (DBD),A90,menular,58,Proyeksi (Model ML)
3572,Kota Blitar,2025,Q1,2025-Q1,rawat_inap,Penyakit Jantung Iskemik,I25,tidak_menular,51,Proyeksi (Model ML)
3572,Kota Blitar,2025,Q2,2025-Q2,rawat_inap,Penyakit Jantung Iskemik,I25,tidak_menular,53,Proyeksi (Model ML)
3572,Kota Blitar,2025,Q3,2025-Q3,rawat_inap,Penyakit Jantung Iskemik,I25,tidak_menular,49,Proyeksi (Model ML)
3572,Kota Blitar,2025,Q4,2025-Q4,rawat_inap,Penyakit Jantung Iskemik,I25,tidak_menular,51,Proyeksi (Model ML)
3572,Kota Blitar,2025,Q1,2025-Q1,rawat_inap,Pneumonia,J18,menular,26,Proyeksi (Model ML)
3572,Kota Blitar,2025,Q2,2025-Q2,rawat_inap,Pneumonia,J18,menular,25,Proyeksi (Model ML)
3572,Kota Blitar,2025,Q3,2025-Q3,rawat_inap,Pneumonia,J18,menular,27,Proyeksi (Model ML)
3572,Kota Blitar,2025,Q4,2025-Q4,rawat_inap,Pneumonia,J18,menular,23,Proyeksi (Model ML)
3572,Kota Blitar,2025,Q1,2025-Q1,rawat_inap,Tuberkulosis Paru (TB),A15,menular,59,Proyeksi (Model ML)
3572,Kota Blitar,2025,Q2,2025-Q2,rawat_inap,Tuberkulosis Paru (TB),A15,menular,51,Proyeksi (Model ML)
3572,Kota Blitar,2025,Q3,2025-Q3,rawat_inap,Tuberkulosis Paru (TB),A15,menular,48,Proyeksi (Model ML)
3572,Kota Blitar,2025,Q4,2025-Q4,rawat_inap,Tuberkulosis Paru (TB),A15,menular,48,Proyeksi (Model ML)
3572,Kota Blitar,2025,Q1,2025-Q1,rawat_jalan,Demam Tifoid,A01,menular,48,Proyeksi (Model ML)
3572,Kota Blitar,2025,Q2,2025-Q2,rawat_jalan,Demam Tifoid,A01,menular,45,Proyeksi (Model ML)
3572,Kota Blitar,2025,Q3,2025-Q3,rawat_jalan,Demam Tifoid,A01,menular,48,Proyeksi (Model ML)
3572,Kota Blitar,2025,Q4,2025-Q4,rawat_jalan,Demam Tifoid,A01,menular,44,Proyeksi (Model ML)
3572,Kota Blitar,2025,Q1,2025-Q1,rawat_jalan,Diabetes Melitus Tipe 2,E11,tidak_menular,135,Proyeksi (Model ML)
3572,Kota Blitar,2025,Q2,2025-Q2,rawat_jalan,Diabetes Melitus Tipe 2,E11,tidak_menular,147,Proyeksi (Model ML)
3572,Kota Blitar,2025,Q3,2025-Q3,rawat_jalan,Diabetes Melitus Tipe 2,E11,tidak_menular,143,Proyeksi (Model ML)
3572,Kota Blitar,2025,Q4,2025-Q4,rawat_jalan,Diabetes Melitus Tipe 2,E11,tidak_menular,140,Proyeksi (Model ML)
3572,Kota Blitar,2025,Q1,2025-Q1,rawat_jalan,Diare dan Gastroenteritis,A09,menular,132,Proyeksi (Model ML)
3572,Kota Blitar,2025,Q2,2025-Q2,rawat_jalan,Diare dan Gastroenteritis,A09,menular,124,Proyeksi (Model ML)
3572,Kota Blitar,2025,Q3,2025-Q3,rawat_jalan,Diare dan Gastroenteritis,A09,menular,137,Proyeksi (Model ML)
3572,Kota Blitar,2025,Q4,2025-Q4,rawat_jalan,Diare dan Gastroenteritis,A09,menular,134,Proyeksi (Model ML)
3572,Kota Blitar,2025,Q1,2025-Q1,rawat_jalan,Gastritis dan Duodenitis,K29,tidak_menular,111,Proyeksi (Model ML)
3572,Kota Blitar,2025,Q2,2025-Q2,rawat_jalan,Gastritis dan Duodenitis,K29,tidak_menular,107,Proyeksi (Model ML)
3572,Kota Blitar,2025,Q3,2025-Q3,rawat_jalan,Gastritis dan Duodenitis,K29,tidak_menular,110,Proyeksi (Model ML)
3572,Kota Blitar,2025,Q4,2025-Q4,rawat_jalan,Gastritis dan Duodenitis,K29,tidak_menular,114,Proyeksi (Model ML)
3572,Kota Blitar,2025,Q1,2025-Q1,rawat_jalan,Hipertensi Esensial,I10,tidak_menular,184,Proyeksi (Model ML)
3572,Kota Blitar,2025,Q2,2025-Q2,rawat_jalan,Hipertensi Esensial,I10,tidak_menular,193,Proyeksi (Model ML)
3572,Kota Blitar,2025,Q3,2025-Q3,rawat_jalan,Hipertensi Esensial,I10,tidak_menular,197,Proyeksi (Model ML)
3572,Kota Blitar,2025,Q4,2025-Q4,rawat_jalan,Hipertensi Esensial,I10,tidak_menular,185,Proyeksi (Model ML)
3572,Kota Blitar,2025,Q1,2025-Q1,rawat_jalan,Infeksi Saluran Pernapasan Akut (ISPA),J06,menular,163,Proyeksi (Model ML)
3572,Kota Blitar,2025,Q2,2025-Q2,rawat_jalan,Infeksi Saluran Pernapasan Akut (ISPA),J06,menular,164,Proyeksi (Model ML)
3572,Kota Blitar,2025,Q3,2025-Q3,rawat_jalan,Infeksi Saluran Pernapasan Akut (ISPA),J06,menular,176,Proyeksi (Model ML)
3572,Kota Blitar,2025,Q4,2025-Q4,rawat_jalan,Infeksi Saluran Pernapasan Akut (ISPA),J06,menular,170,Proyeksi (Model ML)
3573,Kota Malang,2025,Q1,2025-Q1,rawat_inap,Demam Berdarah Dengue (DBD),A90,menular,386,Proyeksi (Model ML)
3573,Kota Malang,2025,Q2,2025-Q2,rawat_inap,Demam Berdarah Dengue (DBD),A90,menular,369,Proyeksi (Model ML)
3573,Kota Malang,2025,Q3,2025-Q3,rawat_inap,Demam Berdarah Dengue (DBD),A90,menular,364,Proyeksi (Model ML)
3573,Kota Malang,2025,Q4,2025-Q4,rawat_inap,Demam Berdarah Dengue (DBD),A90,menular,377,Proyeksi (Model ML)
3573,Kota Malang,2025,Q1,2025-Q1,rawat_inap,Penyakit Jantung Iskemik,I25,tidak_menular,293,Proyeksi (Model ML)
3573,Kota Malang,2025,Q2,2025-Q2,rawat_inap,Penyakit Jantung Iskemik,I25,tidak_menular,303,Proyeksi (Model ML)
3573,Kota Malang,2025,Q3,2025-Q3,rawat_inap,Penyakit Jantung Iskemik,I25,tidak_menular,279,Proyeksi (Model ML)
3573,Kota Malang,2025,Q4,2025-Q4,rawat_inap,Penyakit Jantung Iskemik,I25,tidak_menular,295,Proyeksi (Model ML)
3573,Kota Malang,2025,Q1,2025-Q1,rawat_inap,Pneumonia,J18,menular,224,Proyeksi (Model ML)
3573,Kota Malang,2025,Q2,2025-Q2,rawat_inap,Pneumonia,J18,menular,210,Proyeksi (Model ML)
3573,Kota Malang,2025,Q3,2025-Q3,rawat_inap,Pneumonia,J18,menular,228,Proyeksi (Model ML)
3573,Kota Malang,2025,Q4,2025-Q4,rawat_inap,Pneumonia,J18,menular,200,Proyeksi (Model ML)
3573,Kota Malang,2025,Q1,2025-Q1,rawat_inap,Tuberkulosis Paru (TB),A15,menular,259,Proyeksi (Model ML)
3573,Kota Malang,2025,Q2,2025-Q2,rawat_inap,Tuberkulosis Paru (TB),A15,menular,224,Proyeksi (Model ML)
3573,Kota Malang,2025,Q3,2025-Q3,rawat_inap,Tuberkulosis Paru (TB),A15,menular,213,Proyeksi (Model ML)
3573,Kota Malang,2025,Q4,2025-Q4,rawat_inap,Tuberkulosis Paru (TB),A15,menular,212,Proyeksi (Model ML)
3573,Kota Malang,2025,Q1,2025-Q1,rawat_jalan,Demam Tifoid,A01,menular,325,Proyeksi (Model ML)
3573,Kota Malang,2025,Q2,2025-Q2,rawat_jalan,Demam Tifoid,A01,menular,302,Proyeksi (Model ML)
3573,Kota Malang,2025,Q3,2025-Q3,rawat_jalan,Demam Tifoid,A01,menular,326,Proyeksi (Model ML)
3573,Kota Malang,2025,Q4,2025-Q4,rawat_jalan,Demam Tifoid,A01,menular,299,Proyeksi (Model ML)
3573,Kota Malang,2025,Q1,2025-Q1,rawat_jalan,Diabetes Melitus Tipe 2,E11,tidak_menular,788,Proyeksi (Model ML)
3573,Kota Malang,2025,Q2,2025-Q2,rawat_jalan,Diabetes Melitus Tipe 2,E11,tidak_menular,854,Proyeksi (Model ML)
3573,Kota Malang,2025,Q3,2025-Q3,rawat_jalan,Diabetes Melitus Tipe 2,E11,tidak_menular,831,Proyeksi (Model ML)
3573,Kota Malang,2025,Q4,2025-Q4,rawat_jalan,Diabetes Melitus Tipe 2,E11,tidak_menular,815,Proyeksi (Model ML)
3573,Kota Malang,2025,Q1,2025-Q1,rawat_jalan,Diare dan Gastroenteritis,A09,menular,702,Proyeksi (Model ML)
3573,Kota Malang,2025,Q2,2025-Q2,rawat_jalan,Diare dan Gastroenteritis,A09,menular,658,Proyeksi (Model ML)
3573,Kota Malang,2025,Q3,2025-Q3,rawat_jalan,Diare dan Gastroenteritis,A09,menular,727,Proyeksi (Model ML)
3573,Kota Malang,2025,Q4,2025-Q4,rawat_jalan,Diare dan Gastroenteritis,A09,menular,712,Proyeksi (Model ML)
3573,Kota Malang,2025,Q1,2025-Q1,rawat_jalan,Gastritis dan Duodenitis,K29,tidak_menular,453,Proyeksi (Model ML)
3573,Kota Malang,2025,Q2,2025-Q2,rawat_jalan,Gastritis dan Duodenitis,K29,tidak_menular,436,Proyeksi (Model ML)
3573,Kota Malang,2025,Q3,2025-Q3,rawat_jalan,Gastritis dan Duodenitis,K29,tidak_menular,449,Proyeksi (Model ML)
3573,Kota Malang,2025,Q4,2025-Q4,rawat_jalan,Gastritis dan Duodenitis,K29,tidak_menular,462,Proyeksi (Model ML)
3573,Kota Malang,2025,Q1,2025-Q1,rawat_jalan,Hipertensi Esensial,I10,tidak_menular,1201,Proyeksi (Model ML)
3573,Kota Malang,2025,Q2,2025-Q2,rawat_jalan,Hipertensi Esensial,I10,tidak_menular,1260,Proyeksi (Model ML)
3573,Kota Malang,2025,Q3,2025-Q3,rawat_jalan,Hipertensi Esensial,I10,tidak_menular,1291,Proyeksi (Model ML)
3573,Kota Malang,2025,Q4,2025-Q4,rawat_jalan,Hipertensi Esensial,I10,tidak_menular,1213,Proyeksi (Model ML)
3573,Kota Malang,2025,Q1,2025-Q1,rawat_jalan,Infeksi Saluran Pernapasan Akut (ISPA),J06,menular,924,Proyeksi (Model ML)
3573,Kota Malang,2025,Q2,2025-Q2,rawat_jalan,Infeksi Saluran Pernapasan Akut (ISPA),J06,menular,927,Proyeksi (Model ML)
3573,Kota Malang,2025,Q3,2025-Q3,rawat_jalan,Infeksi Saluran Pernapasan Akut (ISPA),J06,menular,999,Proyeksi (Model ML)
3573,Kota Malang,2025,Q4,2025-Q4,rawat_jalan,Infeksi Saluran Pernapasan Akut (ISPA),J06,menular,961,Proyeksi (Model ML)
3574,Kota Probolinggo,2025,Q1,2025-Q1,rawat_inap,Demam Berdarah Dengue (DBD),A90,menular,84,Proyeksi (Model ML)
3574,Kota Probolinggo,2025,Q2,2025-Q2,rawat_inap,Demam Berdarah Dengue (DBD),A90,menular,81,Proyeksi (Model ML)
3574,Kota Probolinggo,2025,Q3,2025-Q3,rawat_inap,Demam Berdarah Dengue (DBD),A90,menular,80,Proyeksi (Model ML)
3574,Kota Probolinggo,2025,Q4,2025-Q4,rawat_inap,Demam Berdarah Dengue (DBD),A90,menular,82,Proyeksi (Model ML)
3574,Kota Probolinggo,2025,Q1,2025-Q1,rawat_inap,Penyakit Jantung Iskemik,I25,tidak_menular,64,Proyeksi (Model ML)
3574,Kota Probolinggo,2025,Q2,2025-Q2,rawat_inap,Penyakit Jantung Iskemik,I25,tidak_menular,67,Proyeksi (Model ML)
3574,Kota Probolinggo,2025,Q3,2025-Q3,rawat_inap,Penyakit Jantung Iskemik,I25,tidak_menular,61,Proyeksi (Model ML)
3574,Kota Probolinggo,2025,Q4,2025-Q4,rawat_inap,Penyakit Jantung Iskemik,I25,tidak_menular,65,Proyeksi (Model ML)
3574,Kota Probolinggo,2025,Q1,2025-Q1,rawat_inap,Pneumonia,J18,menular,86,Proyeksi (Model ML)
3574,Kota Probolinggo,2025,Q2,2025-Q2,rawat_inap,Pneumonia,J18,menular,80,Proyeksi (Model ML)
3574,Kota Probolinggo,2025,Q3,2025-Q3,rawat_inap,Pneumonia,J18,menular,87,Proyeksi (Model ML)
3574,Kota Probolinggo,2025,Q4,2025-Q4,rawat_inap,Pneumonia,J18,menular,77,Proyeksi (Model ML)
3574,Kota Probolinggo,2025,Q1,2025-Q1,rawat_inap,Tuberkulosis Paru (TB),A15,menular,74,Proyeksi (Model ML)
3574,Kota Probolinggo,2025,Q2,2025-Q2,rawat_inap,Tuberkulosis Paru (TB),A15,menular,64,Proyeksi (Model ML)
3574,Kota Probolinggo,2025,Q3,2025-Q3,rawat_inap,Tuberkulosis Paru (TB),A15,menular,60,Proyeksi (Model ML)
3574,Kota Probolinggo,2025,Q4,2025-Q4,rawat_inap,Tuberkulosis Paru (TB),A15,menular,60,Proyeksi (Model ML)
3574,Kota Probolinggo,2025,Q1,2025-Q1,rawat_jalan,Demam Tifoid,A01,menular,93,Proyeksi (Model ML)
3574,Kota Probolinggo,2025,Q2,2025-Q2,rawat_jalan,Demam Tifoid,A01,menular,87,Proyeksi (Model ML)
3574,Kota Probolinggo,2025,Q3,2025-Q3,rawat_jalan,Demam Tifoid,A01,menular,93,Proyeksi (Model ML)
3574,Kota Probolinggo,2025,Q4,2025-Q4,rawat_jalan,Demam Tifoid,A01,menular,86,Proyeksi (Model ML)
3574,Kota Probolinggo,2025,Q1,2025-Q1,rawat_jalan,Diabetes Melitus Tipe 2,E11,tidak_menular,224,Proyeksi (Model ML)
3574,Kota Probolinggo,2025,Q2,2025-Q2,rawat_jalan,Diabetes Melitus Tipe 2,E11,tidak_menular,242,Proyeksi (Model ML)
3574,Kota Probolinggo,2025,Q3,2025-Q3,rawat_jalan,Diabetes Melitus Tipe 2,E11,tidak_menular,236,Proyeksi (Model ML)
3574,Kota Probolinggo,2025,Q4,2025-Q4,rawat_jalan,Diabetes Melitus Tipe 2,E11,tidak_menular,231,Proyeksi (Model ML)
3574,Kota Probolinggo,2025,Q1,2025-Q1,rawat_jalan,Diare dan Gastroenteritis,A09,menular,165,Proyeksi (Model ML)
3574,Kota Probolinggo,2025,Q2,2025-Q2,rawat_jalan,Diare dan Gastroenteritis,A09,menular,155,Proyeksi (Model ML)
3574,Kota Probolinggo,2025,Q3,2025-Q3,rawat_jalan,Diare dan Gastroenteritis,A09,menular,171,Proyeksi (Model ML)
3574,Kota Probolinggo,2025,Q4,2025-Q4,rawat_jalan,Diare dan Gastroenteritis,A09,menular,167,Proyeksi (Model ML)
3574,Kota Probolinggo,2025,Q1,2025-Q1,rawat_jalan,Gastritis dan Duodenitis,K29,tidak_menular,132,Proyeksi (Model ML)
3574,Kota Probolinggo,2025,Q2,2025-Q2,rawat_jalan,Gastritis dan Duodenitis,K29,tidak_menular,127,Proyeksi (Model ML)
3574,Kota Probolinggo,2025,Q3,2025-Q3,rawat_jalan,Gastritis dan Duodenitis,K29,tidak_menular,131,Proyeksi (Model ML)
3574,Kota Probolinggo,2025,Q4,2025-Q4,rawat_jalan,Gastritis dan Duodenitis,K29,tidak_menular,135,Proyeksi (Model ML)
3574,Kota Probolinggo,2025,Q1,2025-Q1,rawat_jalan,Hipertensi Esensial,I10,tidak_menular,286,Proyeksi (Model ML)
3574,Kota Probolinggo,2025,Q2,2025-Q2,rawat_jalan,Hipertensi Esensial,I10,tidak_menular,300,Proyeksi (Model ML)
3574,Kota Probolinggo,2025,Q3,2025-Q3,rawat_jalan,Hipertensi Esensial,I10,tidak_menular,307,Proyeksi (Model ML)
3574,Kota Probolinggo,2025,Q4,2025-Q4,rawat_jalan,Hipertensi Esensial,I10,tidak_menular,289,Proyeksi (Model ML)
3574,Kota Probolinggo,2025,Q1,2025-Q1,rawat_jalan,Infeksi Saluran Pernapasan Akut (ISPA),J06,menular,348,Proyeksi (Model ML)
3574,Kota Probolinggo,2025,Q2,2025-Q2,rawat_jalan,Infeksi Saluran Pernapasan Akut (ISPA),J06,menular,349,Proyeksi (Model ML)
3574,Kota Probolinggo,2025,Q3,2025-Q3,rawat_jalan,Infeksi Saluran Pernapasan Akut (ISPA),J06,menular,377,Proyeksi (Model ML)
3574,Kota Probolinggo,2025,Q4,2025-Q4,rawat_jalan,Infeksi Saluran Pernapasan Akut (ISPA),J06,menular,362,Proyeksi (Model ML)
3575,Kota Pasuruan,2025,Q1,2025-Q1,rawat_inap,Demam Berdarah Dengue (DBD),A90,menular,83,Proyeksi (Model ML)
3575,Kota Pasuruan,2025,Q2,2025-Q2,rawat_inap,Demam Berdarah Dengue (DBD),A90,menular,80,Proyeksi (Model ML)
3575,Kota Pasuruan,2025,Q3,2025-Q3,rawat_inap,Demam Berdarah Dengue (DBD),A90,menular,79,Proyeksi (Model ML)
3575,Kota Pasuruan,2025,Q4,2025-Q4,rawat_inap,Demam Berdarah Dengue (DBD),A90,menular,81,Proyeksi (Model ML)
3575,Kota Pasuruan,2025,Q1,2025-Q1,rawat_inap,Penyakit Jantung Iskemik,I25,tidak_menular,76,Proyeksi (Model ML)
3575,Kota Pasuruan,2025,Q2,2025-Q2,rawat_inap,Penyakit Jantung Iskemik,I25,tidak_menular,79,Proyeksi (Model ML)
3575,Kota Pasuruan,2025,Q3,2025-Q3,rawat_inap,Penyakit Jantung Iskemik,I25,tidak_menular,73,Proyeksi (Model ML)
3575,Kota Pasuruan,2025,Q4,2025-Q4,rawat_inap,Penyakit Jantung Iskemik,I25,tidak_menular,77,Proyeksi (Model ML)
3575,Kota Pasuruan,2025,Q1,2025-Q1,rawat_inap,Pneumonia,J18,menular,56,Proyeksi (Model ML)
3575,Kota Pasuruan,2025,Q2,2025-Q2,rawat_inap,Pneumonia,J18,menular,53,Proyeksi (Model ML)
3575,Kota Pasuruan,2025,Q3,2025-Q3,rawat_inap,Pneumonia,J18,menular,57,Proyeksi (Model ML)
3575,Kota Pasuruan,2025,Q4,2025-Q4,rawat_inap,Pneumonia,J18,menular,50,Proyeksi (Model ML)
3575,Kota Pasuruan,2025,Q1,2025-Q1,rawat_inap,Tuberkulosis Paru (TB),A15,menular,83,Proyeksi (Model ML)
3575,Kota Pasuruan,2025,Q2,2025-Q2,rawat_inap,Tuberkulosis Paru (TB),A15,menular,71,Proyeksi (Model ML)
3575,Kota Pasuruan,2025,Q3,2025-Q3,rawat_inap,Tuberkulosis Paru (TB),A15,menular,68,Proyeksi (Model ML)
3575,Kota Pasuruan,2025,Q4,2025-Q4,rawat_inap,Tuberkulosis Paru (TB),A15,menular,68,Proyeksi (Model ML)
3575,Kota Pasuruan,2025,Q1,2025-Q1,rawat_jalan,Demam Tifoid,A01,menular,63,Proyeksi (Model ML)
3575,Kota Pasuruan,2025,Q2,2025-Q2,rawat_jalan,Demam Tifoid,A01,menular,59,Proyeksi (Model ML)
3575,Kota Pasuruan,2025,Q3,2025-Q3,rawat_jalan,Demam Tifoid,A01,menular,63,Proyeksi (Model ML)
3575,Kota Pasuruan,2025,Q4,2025-Q4,rawat_jalan,Demam Tifoid,A01,menular,58,Proyeksi (Model ML)
3575,Kota Pasuruan,2025,Q1,2025-Q1,rawat_jalan,Diabetes Melitus Tipe 2,E11,tidak_menular,168,Proyeksi (Model ML)
3575,Kota Pasuruan,2025,Q2,2025-Q2,rawat_jalan,Diabetes Melitus Tipe 2,E11,tidak_menular,182,Proyeksi (Model ML)
3575,Kota Pasuruan,2025,Q3,2025-Q3,rawat_jalan,Diabetes Melitus Tipe 2,E11,tidak_menular,177,Proyeksi (Model ML)
3575,Kota Pasuruan,2025,Q4,2025-Q4,rawat_jalan,Diabetes Melitus Tipe 2,E11,tidak_menular,174,Proyeksi (Model ML)
3575,Kota Pasuruan,2025,Q1,2025-Q1,rawat_jalan,Diare dan Gastroenteritis,A09,menular,130,Proyeksi (Model ML)
3575,Kota Pasuruan,2025,Q2,2025-Q2,rawat_jalan,Diare dan Gastroenteritis,A09,menular,122,Proyeksi (Model ML)
3575,Kota Pasuruan,2025,Q3,2025-Q3,rawat_jalan,Diare dan Gastroenteritis,A09,menular,134,Proyeksi (Model ML)
3575,Kota Pasuruan,2025,Q4,2025-Q4,rawat_jalan,Diare dan Gastroenteritis,A09,menular,132,Proyeksi (Model ML)
3575,Kota Pasuruan,2025,Q1,2025-Q1,rawat_jalan,Gastritis dan Duodenitis,K29,tidak_menular,120,Proyeksi (Model ML)
3575,Kota Pasuruan,2025,Q2,2025-Q2,rawat_jalan,Gastritis dan Duodenitis,K29,tidak_menular,116,Proyeksi (Model ML)
3575,Kota Pasuruan,2025,Q3,2025-Q3,rawat_jalan,Gastritis dan Duodenitis,K29,tidak_menular,119,Proyeksi (Model ML)
3575,Kota Pasuruan,2025,Q4,2025-Q4,rawat_jalan,Gastritis dan Duodenitis,K29,tidak_menular,122,Proyeksi (Model ML)
3575,Kota Pasuruan,2025,Q1,2025-Q1,rawat_jalan,Hipertensi Esensial,I10,tidak_menular,206,Proyeksi (Model ML)
3575,Kota Pasuruan,2025,Q2,2025-Q2,rawat_jalan,Hipertensi Esensial,I10,tidak_menular,216,Proyeksi (Model ML)
3575,Kota Pasuruan,2025,Q3,2025-Q3,rawat_jalan,Hipertensi Esensial,I10,tidak_menular,222,Proyeksi (Model ML)
3575,Kota Pasuruan,2025,Q4,2025-Q4,rawat_jalan,Hipertensi Esensial,I10,tidak_menular,208,Proyeksi (Model ML)
3575,Kota Pasuruan,2025,Q1,2025-Q1,rawat_jalan,Infeksi Saluran Pernapasan Akut (ISPA),J06,menular,265,Proyeksi (Model ML)
3575,Kota Pasuruan,2025,Q2,2025-Q2,rawat_jalan,Infeksi Saluran Pernapasan Akut (ISPA),J06,menular,266,Proyeksi (Model ML)
3575,Kota Pasuruan,2025,Q3,2025-Q3,rawat_jalan,Infeksi Saluran Pernapasan Akut (ISPA),J06,menular,286,Proyeksi (Model ML)
3575,Kota Pasuruan,2025,Q4,2025-Q4,rawat_jalan,Infeksi Saluran Pernapasan Akut (ISPA),J06,menular,276,Proyeksi (Model ML)
3576,Kota Mojokerto,2025,Q1,2025-Q1,rawat_inap,Demam Berdarah Dengue (DBD),A90,menular,60,Proyeksi (Model ML)
3576,Kota Mojokerto,2025,Q2,2025-Q2,rawat_inap,Demam Berdarah Dengue (DBD),A90,menular,57,Proyeksi (Model ML)
3576,Kota Mojokerto,2025,Q3,2025-Q3,rawat_inap,Demam Berdarah Dengue (DBD),A90,menular,56,Proyeksi (Model ML)
3576,Kota Mojokerto,2025,Q4,2025-Q4,rawat_inap,Demam Berdarah Dengue (DBD),A90,menular,58,Proyeksi (Model ML)
3576,Kota Mojokerto,2025,Q1,2025-Q1,rawat_inap,Penyakit Jantung Iskemik,I25,tidak_menular,46,Proyeksi (Model ML)
3576,Kota Mojokerto,2025,Q2,2025-Q2,rawat_inap,Penyakit Jantung Iskemik,I25,tidak_menular,48,Proyeksi (Model ML)
3576,Kota Mojokerto,2025,Q3,2025-Q3,rawat_inap,Penyakit Jantung Iskemik,I25,tidak_menular,44,Proyeksi (Model ML)
3576,Kota Mojokerto,2025,Q4,2025-Q4,rawat_inap,Penyakit Jantung Iskemik,I25,tidak_menular,46,Proyeksi (Model ML)
3576,Kota Mojokerto,2025,Q1,2025-Q1,rawat_inap,Pneumonia,J18,menular,33,Proyeksi (Model ML)
3576,Kota Mojokerto,2025,Q2,2025-Q2,rawat_inap,Pneumonia,J18,menular,31,Proyeksi (Model ML)
3576,Kota Mojokerto,2025,Q3,2025-Q3,rawat_inap,Pneumonia,J18,menular,33,Proyeksi (Model ML)
3576,Kota Mojokerto,2025,Q4,2025-Q4,rawat_inap,Pneumonia,J18,menular,29,Proyeksi (Model ML)
3576,Kota Mojokerto,2025,Q1,2025-Q1,rawat_inap,Tuberkulosis Paru (TB),A15,menular,58,Proyeksi (Model ML)
3576,Kota Mojokerto,2025,Q2,2025-Q2,rawat_inap,Tuberkulosis Paru (TB),A15,menular,50,Proyeksi (Model ML)
3576,Kota Mojokerto,2025,Q3,2025-Q3,rawat_inap,Tuberkulosis Paru (TB),A15,menular,47,Proyeksi (Model ML)
3576,Kota Mojokerto,2025,Q4,2025-Q4,rawat_inap,Tuberkulosis Paru (TB),A15,menular,47,Proyeksi (Model ML)
3576,Kota Mojokerto,2025,Q1,2025-Q1,rawat_jalan,Demam Tifoid,A01,menular,47,Proyeksi (Model ML)
3576,Kota Mojokerto,2025,Q2,2025-Q2,rawat_jalan,Demam Tifoid,A01,menular,44,Proyeksi (Model ML)
3576,Kota Mojokerto,2025,Q3,2025-Q3,rawat_jalan,Demam Tifoid,A01,menular,47,Proyeksi (Model ML)
3576,Kota Mojokerto,2025,Q4,2025-Q4,rawat_jalan,Demam Tifoid,A01,menular,44,Proyeksi (Model ML)
3576,Kota Mojokerto,2025,Q1,2025-Q1,rawat_jalan,Diabetes Melitus Tipe 2,E11,tidak_menular,97,Proyeksi (Model ML)
3576,Kota Mojokerto,2025,Q2,2025-Q2,rawat_jalan,Diabetes Melitus Tipe 2,E11,tidak_menular,106,Proyeksi (Model ML)
3576,Kota Mojokerto,2025,Q3,2025-Q3,rawat_jalan,Diabetes Melitus Tipe 2,E11,tidak_menular,103,Proyeksi (Model ML)
3576,Kota Mojokerto,2025,Q4,2025-Q4,rawat_jalan,Diabetes Melitus Tipe 2,E11,tidak_menular,101,Proyeksi (Model ML)
3576,Kota Mojokerto,2025,Q1,2025-Q1,rawat_jalan,Diare dan Gastroenteritis,A09,menular,124,Proyeksi (Model ML)
3576,Kota Mojokerto,2025,Q2,2025-Q2,rawat_jalan,Diare dan Gastroenteritis,A09,menular,116,Proyeksi (Model ML)
3576,Kota Mojokerto,2025,Q3,2025-Q3,rawat_jalan,Diare dan Gastroenteritis,A09,menular,128,Proyeksi (Model ML)
3576,Kota Mojokerto,2025,Q4,2025-Q4,rawat_jalan,Diare dan Gastroenteritis,A09,menular,125,Proyeksi (Model ML)
3576,Kota Mojokerto,2025,Q1,2025-Q1,rawat_jalan,Gastritis dan Duodenitis,K29,tidak_menular,107,Proyeksi (Model ML)
3576,Kota Mojokerto,2025,Q2,2025-Q2,rawat_jalan,Gastritis dan Duodenitis,K29,tidak_menular,103,Proyeksi (Model ML)
3576,Kota Mojokerto,2025,Q3,2025-Q3,rawat_jalan,Gastritis dan Duodenitis,K29,tidak_menular,106,Proyeksi (Model ML)
3576,Kota Mojokerto,2025,Q4,2025-Q4,rawat_jalan,Gastritis dan Duodenitis,K29,tidak_menular,109,Proyeksi (Model ML)
3576,Kota Mojokerto,2025,Q1,2025-Q1,rawat_jalan,Hipertensi Esensial,I10,tidak_menular,184,Proyeksi (Model ML)
3576,Kota Mojokerto,2025,Q2,2025-Q2,rawat_jalan,Hipertensi Esensial,I10,tidak_menular,193,Proyeksi (Model ML)
3576,Kota Mojokerto,2025,Q3,2025-Q3,rawat_jalan,Hipertensi Esensial,I10,tidak_menular,198,Proyeksi (Model ML)
3576,Kota Mojokerto,2025,Q4,2025-Q4,rawat_jalan,Hipertensi Esensial,I10,tidak_menular,186,Proyeksi (Model ML)
3576,Kota Mojokerto,2025,Q1,2025-Q1,rawat_jalan,Infeksi Saluran Pernapasan Akut (ISPA),J06,menular,192,Proyeksi (Model ML)
3576,Kota Mojokerto,2025,Q2,2025-Q2,rawat_jalan,Infeksi Saluran Pernapasan Akut (ISPA),J06,menular,193,Proyeksi (Model ML)
3576,Kota Mojokerto,2025,Q3,2025-Q3,rawat_jalan,Infeksi Saluran Pernapasan Akut (ISPA),J06,menular,208,Proyeksi (Model ML)
3576,Kota Mojokerto,2025,Q4,2025-Q4,rawat_jalan,Infeksi Saluran Pernapasan Akut (ISPA),J06,menular,200,Proyeksi (Model ML)
3577,Kota Madiun,2025,Q1,2025-Q1,rawat_inap,Demam Berdarah Dengue (DBD),A90,menular,78,Proyeksi (Model ML)
3577,Kota Madiun,2025,Q2,2025-Q2,rawat_inap,Demam Berdarah Dengue (DBD),A90,menular,75,Proyeksi (Model ML)
3577,Kota Madiun,2025,Q3,2025-Q3,rawat_inap,Demam Berdarah Dengue (DBD),A90,menular,74,Proyeksi (Model ML)
3577,Kota Madiun,2025,Q4,2025-Q4,rawat_inap,Demam Berdarah Dengue (DBD),A90,menular,76,Proyeksi (Model ML)
3577,Kota Madiun,2025,Q1,2025-Q1,rawat_inap,Penyakit Jantung Iskemik,I25,tidak_menular,63,Proyeksi (Model ML)
3577,Kota Madiun,2025,Q2,2025-Q2,rawat_inap,Penyakit Jantung Iskemik,I25,tidak_menular,65,Proyeksi (Model ML)
3577,Kota Madiun,2025,Q3,2025-Q3,rawat_inap,Penyakit Jantung Iskemik,I25,tidak_menular,60,Proyeksi (Model ML)
3577,Kota Madiun,2025,Q4,2025-Q4,rawat_inap,Penyakit Jantung Iskemik,I25,tidak_menular,64,Proyeksi (Model ML)
3577,Kota Madiun,2025,Q1,2025-Q1,rawat_inap,Pneumonia,J18,menular,44,Proyeksi (Model ML)
3577,Kota Madiun,2025,Q2,2025-Q2,rawat_inap,Pneumonia,J18,menular,41,Proyeksi (Model ML)
3577,Kota Madiun,2025,Q3,2025-Q3,rawat_inap,Pneumonia,J18,menular,45,Proyeksi (Model ML)
3577,Kota Madiun,2025,Q4,2025-Q4,rawat_inap,Pneumonia,J18,menular,40,Proyeksi (Model ML)
3577,Kota Madiun,2025,Q1,2025-Q1,rawat_inap,Tuberkulosis Paru (TB),A15,menular,65,Proyeksi (Model ML)
3577,Kota Madiun,2025,Q2,2025-Q2,rawat_inap,Tuberkulosis Paru (TB),A15,menular,57,Proyeksi (Model ML)
3577,Kota Madiun,2025,Q3,2025-Q3,rawat_inap,Tuberkulosis Paru (TB),A15,menular,54,Proyeksi (Model ML)
3577,Kota Madiun,2025,Q4,2025-Q4,rawat_inap,Tuberkulosis Paru (TB),A15,menular,54,Proyeksi (Model ML)
3577,Kota Madiun,2025,Q1,2025-Q1,rawat_jalan,Demam Tifoid,A01,menular,80,Proyeksi (Model ML)
3577,Kota Madiun,2025,Q2,2025-Q2,rawat_jalan,Demam Tifoid,A01,menular,74,Proyeksi (Model ML)
3577,Kota Madiun,2025,Q3,2025-Q3,rawat_jalan,Demam Tifoid,A01,menular,80,Proyeksi (Model ML)
3577,Kota Madiun,2025,Q4,2025-Q4,rawat_jalan,Demam Tifoid,A01,menular,73,Proyeksi (Model ML)
3577,Kota Madiun,2025,Q1,2025-Q1,rawat_jalan,Diabetes Melitus Tipe 2,E11,tidak_menular,160,Proyeksi (Model ML)
3577,Kota Madiun,2025,Q2,2025-Q2,rawat_jalan,Diabetes Melitus Tipe 2,E11,tidak_menular,174,Proyeksi (Model ML)
3577,Kota Madiun,2025,Q3,2025-Q3,rawat_jalan,Diabetes Melitus Tipe 2,E11,tidak_menular,169,Proyeksi (Model ML)
3577,Kota Madiun,2025,Q4,2025-Q4,rawat_jalan,Diabetes Melitus Tipe 2,E11,tidak_menular,166,Proyeksi (Model ML)
3577,Kota Madiun,2025,Q1,2025-Q1,rawat_jalan,Diare dan Gastroenteritis,A09,menular,168,Proyeksi (Model ML)
3577,Kota Madiun,2025,Q2,2025-Q2,rawat_jalan,Diare dan Gastroenteritis,A09,menular,157,Proyeksi (Model ML)
3577,Kota Madiun,2025,Q3,2025-Q3,rawat_jalan,Diare dan Gastroenteritis,A09,menular,174,Proyeksi (Model ML)
3577,Kota Madiun,2025,Q4,2025-Q4,rawat_jalan,Diare dan Gastroenteritis,A09,menular,170,Proyeksi (Model ML)
3577,Kota Madiun,2025,Q1,2025-Q1,rawat_jalan,Gastritis dan Duodenitis,K29,tidak_menular,127,Proyeksi (Model ML)
3577,Kota Madiun,2025,Q2,2025-Q2,rawat_jalan,Gastritis dan Duodenitis,K29,tidak_menular,122,Proyeksi (Model ML)
3577,Kota Madiun,2025,Q3,2025-Q3,rawat_jalan,Gastritis dan Duodenitis,K29,tidak_menular,126,Proyeksi (Model ML)
3577,Kota Madiun,2025,Q4,2025-Q4,rawat_jalan,Gastritis dan Duodenitis,K29,tidak_menular,130,Proyeksi (Model ML)
3577,Kota Madiun,2025,Q1,2025-Q1,rawat_jalan,Hipertensi Esensial,I10,tidak_menular,241,Proyeksi (Model ML)
3577,Kota Madiun,2025,Q2,2025-Q2,rawat_jalan,Hipertensi Esensial,I10,tidak_menular,253,Proyeksi (Model ML)
3577,Kota Madiun,2025,Q3,2025-Q3,rawat_jalan,Hipertensi Esensial,I10,tidak_menular,259,Proyeksi (Model ML)
3577,Kota Madiun,2025,Q4,2025-Q4,rawat_jalan,Hipertensi Esensial,I10,tidak_menular,244,Proyeksi (Model ML)
3577,Kota Madiun,2025,Q1,2025-Q1,rawat_jalan,Infeksi Saluran Pernapasan Akut (ISPA),J06,menular,314,Proyeksi (Model ML)
3577,Kota Madiun,2025,Q2,2025-Q2,rawat_jalan,Infeksi Saluran Pernapasan Akut (ISPA),J06,menular,316,Proyeksi (Model ML)
3577,Kota Madiun,2025,Q3,2025-Q3,rawat_jalan,Infeksi Saluran Pernapasan Akut (ISPA),J06,menular,340,Proyeksi (Model ML)
3577,Kota Madiun,2025,Q4,2025-Q4,rawat_jalan,Infeksi Saluran Pernapasan Akut (ISPA),J06,menular,327,Proyeksi (Model ML)
3578,Kota Surabaya,2025,Q1,2025-Q1,rawat_inap,Demam Berdarah Dengue (DBD),A90,menular,1068,Proyeksi (Model ML)
3578,Kota Surabaya,2025,Q2,2025-Q2,rawat_inap,Demam Berdarah Dengue (DBD),A90,menular,1021,Proyeksi (Model ML)
3578,Kota Surabaya,2025,Q3,2025-Q3,rawat_inap,Demam Berdarah Dengue (DBD),A90,menular,1007,Proyeksi (Model ML)
3578,Kota Surabaya,2025,Q4,2025-Q4,rawat_inap,Demam Berdarah Dengue (DBD),A90,menular,1042,Proyeksi (Model ML)
3578,Kota Surabaya,2025,Q1,2025-Q1,rawat_inap,Penyakit Jantung Iskemik,I25,tidak_menular,857,Proyeksi (Model ML)
3578,Kota Surabaya,2025,Q2,2025-Q2,rawat_inap,Penyakit Jantung Iskemik,I25,tidak_menular,887,Proyeksi (Model ML)
3578,Kota Surabaya,2025,Q3,2025-Q3,rawat_inap,Penyakit Jantung Iskemik,I25,tidak_menular,818,Proyeksi (Model ML)
3578,Kota Surabaya,2025,Q4,2025-Q4,rawat_inap,Penyakit Jantung Iskemik,I25,tidak_menular,863,Proyeksi (Model ML)
3578,Kota Surabaya,2025,Q1,2025-Q1,rawat_inap,Pneumonia,J18,menular,860,Proyeksi (Model ML)
3578,Kota Surabaya,2025,Q2,2025-Q2,rawat_inap,Pneumonia,J18,menular,808,Proyeksi (Model ML)
3578,Kota Surabaya,2025,Q3,2025-Q3,rawat_inap,Pneumonia,J18,menular,877,Proyeksi (Model ML)
3578,Kota Surabaya,2025,Q4,2025-Q4,rawat_inap,Pneumonia,J18,menular,770,Proyeksi (Model ML)
3578,Kota Surabaya,2025,Q1,2025-Q1,rawat_inap,Tuberkulosis Paru (TB),A15,menular,1136,Proyeksi (Model ML)
3578,Kota Surabaya,2025,Q2,2025-Q2,rawat_inap,Tuberkulosis Paru (TB),A15,menular,980,Proyeksi (Model ML)
3578,Kota Surabaya,2025,Q3,2025-Q3,rawat_inap,Tuberkulosis Paru (TB),A15,menular,932,Proyeksi (Model ML)
3578,Kota Surabaya,2025,Q4,2025-Q4,rawat_inap,Tuberkulosis Paru (TB),A15,menular,931,Proyeksi (Model ML)
3578,Kota Surabaya,2025,Q1,2025-Q1,rawat_jalan,Demam Tifoid,A01,menular,1166,Proyeksi (Model ML)
3578,Kota Surabaya,2025,Q2,2025-Q2,rawat_jalan,Demam Tifoid,A01,menular,1083,Proyeksi (Model ML)
3578,Kota Surabaya,2025,Q3,2025-Q3,rawat_jalan,Demam Tifoid,A01,menular,1168,Proyeksi (Model ML)
3578,Kota Surabaya,2025,Q4,2025-Q4,rawat_jalan,Demam Tifoid,A01,menular,1072,Proyeksi (Model ML)
3578,Kota Surabaya,2025,Q1,2025-Q1,rawat_jalan,Diabetes Melitus Tipe 2,E11,tidak_menular,2685,Proyeksi (Model ML)
3578,Kota Surabaya,2025,Q2,2025-Q2,rawat_jalan,Diabetes Melitus Tipe 2,E11,tidak_menular,2909,Proyeksi (Model ML)
3578,Kota Surabaya,2025,Q3,2025-Q3,rawat_jalan,Diabetes Melitus Tipe 2,E11,tidak_menular,2829,Proyeksi (Model ML)
3578,Kota Surabaya,2025,Q4,2025-Q4,rawat_jalan,Diabetes Melitus Tipe 2,E11,tidak_menular,2776,Proyeksi (Model ML)
3578,Kota Surabaya,2025,Q1,2025-Q1,rawat_jalan,Diare dan Gastroenteritis,A09,menular,2993,Proyeksi (Model ML)
3578,Kota Surabaya,2025,Q2,2025-Q2,rawat_jalan,Diare dan Gastroenteritis,A09,menular,2804,Proyeksi (Model ML)
3578,Kota Surabaya,2025,Q3,2025-Q3,rawat_jalan,Diare dan Gastroenteritis,A09,menular,3097,Proyeksi (Model ML)
3578,Kota Surabaya,2025,Q4,2025-Q4,rawat_jalan,Diare dan Gastroenteritis,A09,menular,3032,Proyeksi (Model ML)
3578,Kota Surabaya,2025,Q1,2025-Q1,rawat_jalan,Gastritis dan Duodenitis,K29,tidak_menular,2177,Proyeksi (Model ML)
3578,Kota Surabaya,2025,Q2,2025-Q2,rawat_jalan,Gastritis dan Duodenitis,K29,tidak_menular,2096,Proyeksi (Model ML)
3578,Kota Surabaya,2025,Q3,2025-Q3,rawat_jalan,Gastritis dan Duodenitis,K29,tidak_menular,2159,Proyeksi (Model ML)
3578,Kota Surabaya,2025,Q4,2025-Q4,rawat_jalan,Gastritis dan Duodenitis,K29,tidak_menular,2221,Proyeksi (Model ML)
3578,Kota Surabaya,2025,Q1,2025-Q1,rawat_jalan,Hipertensi Esensial,I10,tidak_menular,3502,Proyeksi (Model ML)
3578,Kota Surabaya,2025,Q2,2025-Q2,rawat_jalan,Hipertensi Esensial,I10,tidak_menular,3672,Proyeksi (Model ML)
3578,Kota Surabaya,2025,Q3,2025-Q3,rawat_jalan,Hipertensi Esensial,I10,tidak_menular,3764,Proyeksi (Model ML)
3578,Kota Surabaya,2025,Q4,2025-Q4,rawat_jalan,Hipertensi Esensial,I10,tidak_menular,3535,Proyeksi (Model ML)
3578,Kota Surabaya,2025,Q1,2025-Q1,rawat_jalan,Infeksi Saluran Pernapasan Akut (ISPA),J06,menular,3550,Proyeksi (Model ML)
3578,Kota Surabaya,2025,Q2,2025-Q2,rawat_jalan,Infeksi Saluran Pernapasan Akut (ISPA),J06,menular,3563,Proyeksi (Model ML)
3578,Kota Surabaya,2025,Q3,2025-Q3,rawat_jalan,Infeksi Saluran Pernapasan Akut (ISPA),J06,menular,3839,Proyeksi (Model ML)
3578,Kota Surabaya,2025,Q4,2025-Q4,rawat_jalan,Infeksi Saluran Pernapasan Akut (ISPA),J06,menular,3695,Proyeksi (Model ML)
3579,Kota Batu,2025,Q1,2025-Q1,rawat_inap,Demam Berdarah Dengue (DBD),A90,menular,88,Proyeksi (Model ML)
3579,Kota Batu,2025,Q2,2025-Q2,rawat_inap,Demam Berdarah Dengue (DBD),A90,menular,85,Proyeksi (Model ML)
3579,Kota Batu,2025,Q3,2025-Q3,rawat_inap,Demam Berdarah Dengue (DBD),A90,menular,83,Proyeksi (Model ML)
3579,Kota Batu,2025,Q4,2025-Q4,rawat_inap,Demam Berdarah Dengue (DBD),A90,menular,86,Proyeksi (Model ML)
3579,Kota Batu,2025,Q1,2025-Q1,rawat_inap,Penyakit Jantung Iskemik,I25,tidak_menular,78,Proyeksi (Model ML)
3579,Kota Batu,2025,Q2,2025-Q2,rawat_inap,Penyakit Jantung Iskemik,I25,tidak_menular,81,Proyeksi (Model ML)
3579,Kota Batu,2025,Q3,2025-Q3,rawat_inap,Penyakit Jantung Iskemik,I25,tidak_menular,74,Proyeksi (Model ML)
3579,Kota Batu,2025,Q4,2025-Q4,rawat_inap,Penyakit Jantung Iskemik,I25,tidak_menular,79,Proyeksi (Model ML)
3579,Kota Batu,2025,Q1,2025-Q1,rawat_inap,Pneumonia,J18,menular,56,Proyeksi (Model ML)
3579,Kota Batu,2025,Q2,2025-Q2,rawat_inap,Pneumonia,J18,menular,53,Proyeksi (Model ML)
3579,Kota Batu,2025,Q3,2025-Q3,rawat_inap,Pneumonia,J18,menular,57,Proyeksi (Model ML)
3579,Kota Batu,2025,Q4,2025-Q4,rawat_inap,Pneumonia,J18,menular,50,Proyeksi (Model ML)
3579,Kota Batu,2025,Q1,2025-Q1,rawat_inap,Tuberkulosis Paru (TB),A15,menular,63,Proyeksi (Model ML)
3579,Kota Batu,2025,Q2,2025-Q2,rawat_inap,Tuberkulosis Paru (TB),A15,menular,54,Proyeksi (Model ML)
3579,Kota Batu,2025,Q3,2025-Q3,rawat_inap,Tuberkulosis Paru (TB),A15,menular,51,Proyeksi (Model ML)
3579,Kota Batu,2025,Q4,2025-Q4,rawat_inap,Tuberkulosis Paru (TB),A15,menular,51,Proyeksi (Model ML)
3579,Kota Batu,2025,Q1,2025-Q1,rawat_jalan,Demam Tifoid,A01,menular,88,Proyeksi (Model ML)
3579,Kota Batu,2025,Q2,2025-Q2,rawat_jalan,Demam Tifoid,A01,menular,82,Proyeksi (Model ML)
3579,Kota Batu,2025,Q3,2025-Q3,rawat_jalan,Demam Tifoid,A01,menular,88,Proyeksi (Model ML)
3579,Kota Batu,2025,Q4,2025-Q4,rawat_jalan,Demam Tifoid,A01,menular,81,Proyeksi (Model ML)
3579,Kota Batu,2025,Q1,2025-Q1,rawat_jalan,Diabetes Melitus Tipe 2,E11,tidak_menular,147,Proyeksi (Model ML)
3579,Kota Batu,2025,Q2,2025-Q2,rawat_jalan,Diabetes Melitus Tipe 2,E11,tidak_menular,159,Proyeksi (Model ML)
3579,Kota Batu,2025,Q3,2025-Q3,rawat_jalan,Diabetes Melitus Tipe 2,E11,tidak_menular,154,Proyeksi (Model ML)
3579,Kota Batu,2025,Q4,2025-Q4,rawat_jalan,Diabetes Melitus Tipe 2,E11,tidak_menular,152,Proyeksi (Model ML)
3579,Kota Batu,2025,Q1,2025-Q1,rawat_jalan,Diare dan Gastroenteritis,A09,menular,162,Proyeksi (Model ML)
3579,Kota Batu,2025,Q2,2025-Q2,rawat_jalan,Diare dan Gastroenteritis,A09,menular,152,Proyeksi (Model ML)
3579,Kota Batu,2025,Q3,2025-Q3,rawat_jalan,Diare dan Gastroenteritis,A09,menular,168,Proyeksi (Model ML)
3579,Kota Batu,2025,Q4,2025-Q4,rawat_jalan,Diare dan Gastroenteritis,A09,menular,164,Proyeksi (Model ML)
3579,Kota Batu,2025,Q1,2025-Q1,rawat_jalan,Gastritis dan Duodenitis,K29,tidak_menular,131,Proyeksi (Model ML)
3579,Kota Batu,2025,Q2,2025-Q2,rawat_jalan,Gastritis dan Duodenitis,K29,tidak_menular,126,Proyeksi (Model ML)
3579,Kota Batu,2025,Q3,2025-Q3,rawat_jalan,Gastritis dan Duodenitis,K29,tidak_menular,130,Proyeksi (Model ML)
3579,Kota Batu,2025,Q4,2025-Q4,rawat_jalan,Gastritis dan Duodenitis,K29,tidak_menular,134,Proyeksi (Model ML)
3579,Kota Batu,2025,Q1,2025-Q1,rawat_jalan,Hipertensi Esensial,I10,tidak_menular,276,Proyeksi (Model ML)
3579,Kota Batu,2025,Q2,2025-Q2,rawat_jalan,Hipertensi Esensial,I10,tidak_menular,289,Proyeksi (Model ML)
3579,Kota Batu,2025,Q3,2025-Q3,rawat_jalan,Hipertensi Esensial,I10,tidak_menular,296,Proyeksi (Model ML)
3579,Kota Batu,2025,Q4,2025-Q4,rawat_jalan,Hipertensi Esensial,I10,tidak_menular,278,Proyeksi (Model ML)
3579,Kota Batu,2025,Q1,2025-Q1,rawat_jalan,Infeksi Saluran Pernapasan Akut (ISPA),J06,menular,278,Proyeksi (Model ML)
3579,Kota Batu,2025,Q2,2025-Q2,rawat_jalan,Infeksi Saluran Pernapasan Akut (ISPA),J06,menular,279,Proyeksi (Model ML)
3579,Kota Batu,2025,Q3,2025-Q3,rawat_jalan,Infeksi Saluran Pernapasan Akut (ISPA),J06,menular,301,Proyeksi (Model ML)
3579,Kota Batu,2025,Q4,2025-Q4,rawat_jalan,Infeksi Saluran Pernapasan Akut (ISPA),J06,menular,289,Proyeksi (Model ML)
3501,Kabupaten Pacitan,2026,Q1,2026-Q1,rawat_inap,Demam Berdarah Dengue (DBD),A90,menular,170,Proyeksi (Model ML)
3501,Kabupaten Pacitan,2026,Q2,2026-Q2,rawat_inap,Demam Berdarah Dengue (DBD),A90,menular,163,Proyeksi (Model ML)
3501,Kabupaten Pacitan,2026,Q3,2026-Q3,rawat_inap,Demam Berdarah Dengue (DBD),A90,menular,161,Proyeksi (Model ML)
3501,Kabupaten Pacitan,2026,Q4,2026-Q4,rawat_inap,Demam Berdarah Dengue (DBD),A90,menular,166,Proyeksi (Model ML)
3501,Kabupaten Pacitan,2026,Q1,2026-Q1,rawat_inap,Penyakit Jantung Iskemik,I25,tidak_menular,181,Proyeksi (Model ML)
3501,Kabupaten Pacitan,2026,Q2,2026-Q2,rawat_inap,Penyakit Jantung Iskemik,I25,tidak_menular,187,Proyeksi (Model ML)
3501,Kabupaten Pacitan,2026,Q3,2026-Q3,rawat_inap,Penyakit Jantung Iskemik,I25,tidak_menular,173,Proyeksi (Model ML)
3501,Kabupaten Pacitan,2026,Q4,2026-Q4,rawat_inap,Penyakit Jantung Iskemik,I25,tidak_menular,182,Proyeksi (Model ML)
3501,Kabupaten Pacitan,2026,Q1,2026-Q1,rawat_inap,Pneumonia,J18,menular,111,Proyeksi (Model ML)
3501,Kabupaten Pacitan,2026,Q2,2026-Q2,rawat_inap,Pneumonia,J18,menular,104,Proyeksi (Model ML)
3501,Kabupaten Pacitan,2026,Q3,2026-Q3,rawat_inap,Pneumonia,J18,menular,113,Proyeksi (Model ML)
3501,Kabupaten Pacitan,2026,Q4,2026-Q4,rawat_inap,Pneumonia,J18,menular,100,Proyeksi (Model ML)
3501,Kabupaten Pacitan,2026,Q1,2026-Q1,rawat_inap,Tuberkulosis Paru (TB),A15,menular,154,Proyeksi (Model ML)
3501,Kabupaten Pacitan,2026,Q2,2026-Q2,rawat_inap,Tuberkulosis Paru (TB),A15,menular,133,Proyeksi (Model ML)
3501,Kabupaten Pacitan,2026,Q3,2026-Q3,rawat_inap,Tuberkulosis Paru (TB),A15,menular,126,Proyeksi (Model ML)
3501,Kabupaten Pacitan,2026,Q4,2026-Q4,rawat_inap,Tuberkulosis Paru (TB),A15,menular,126,Proyeksi (Model ML)
3501,Kabupaten Pacitan,2026,Q1,2026-Q1,rawat_jalan,Demam Tifoid,A01,menular,175,Proyeksi (Model ML)
3501,Kabupaten Pacitan,2026,Q2,2026-Q2,rawat_jalan,Demam Tifoid,A01,menular,163,Proyeksi (Model ML)
3501,Kabupaten Pacitan,2026,Q3,2026-Q3,rawat_jalan,Demam Tifoid,A01,menular,176,Proyeksi (Model ML)
3501,Kabupaten Pacitan,2026,Q4,2026-Q4,rawat_jalan,Demam Tifoid,A01,menular,161,Proyeksi (Model ML)
3501,Kabupaten Pacitan,2026,Q1,2026-Q1,rawat_jalan,Diabetes Melitus Tipe 2,E11,tidak_menular,542,Proyeksi (Model ML)
3501,Kabupaten Pacitan,2026,Q2,2026-Q2,rawat_jalan,Diabetes Melitus Tipe 2,E11,tidak_menular,587,Proyeksi (Model ML)
3501,Kabupaten Pacitan,2026,Q3,2026-Q3,rawat_jalan,Diabetes Melitus Tipe 2,E11,tidak_menular,571,Proyeksi (Model ML)
3501,Kabupaten Pacitan,2026,Q4,2026-Q4,rawat_jalan,Diabetes Melitus Tipe 2,E11,tidak_menular,560,Proyeksi (Model ML)
3501,Kabupaten Pacitan,2026,Q1,2026-Q1,rawat_jalan,Diare dan Gastroenteritis,A09,menular,382,Proyeksi (Model ML)
3501,Kabupaten Pacitan,2026,Q2,2026-Q2,rawat_jalan,Diare dan Gastroenteritis,A09,menular,358,Proyeksi (Model ML)
3501,Kabupaten Pacitan,2026,Q3,2026-Q3,rawat_jalan,Diare dan Gastroenteritis,A09,menular,395,Proyeksi (Model ML)
3501,Kabupaten Pacitan,2026,Q4,2026-Q4,rawat_jalan,Diare dan Gastroenteritis,A09,menular,387,Proyeksi (Model ML)
3501,Kabupaten Pacitan,2026,Q1,2026-Q1,rawat_jalan,Gastritis dan Duodenitis,K29,tidak_menular,387,Proyeksi (Model ML)
3501,Kabupaten Pacitan,2026,Q2,2026-Q2,rawat_jalan,Gastritis dan Duodenitis,K29,tidak_menular,373,Proyeksi (Model ML)
3501,Kabupaten Pacitan,2026,Q3,2026-Q3,rawat_jalan,Gastritis dan Duodenitis,K29,tidak_menular,384,Proyeksi (Model ML)
3501,Kabupaten Pacitan,2026,Q4,2026-Q4,rawat_jalan,Gastritis dan Duodenitis,K29,tidak_menular,395,Proyeksi (Model ML)
3501,Kabupaten Pacitan,2026,Q1,2026-Q1,rawat_jalan,Hipertensi Esensial,I10,tidak_menular,788,Proyeksi (Model ML)
3501,Kabupaten Pacitan,2026,Q2,2026-Q2,rawat_jalan,Hipertensi Esensial,I10,tidak_menular,826,Proyeksi (Model ML)
3501,Kabupaten Pacitan,2026,Q3,2026-Q3,rawat_jalan,Hipertensi Esensial,I10,tidak_menular,847,Proyeksi (Model ML)
3501,Kabupaten Pacitan,2026,Q4,2026-Q4,rawat_jalan,Hipertensi Esensial,I10,tidak_menular,796,Proyeksi (Model ML)
3501,Kabupaten Pacitan,2026,Q1,2026-Q1,rawat_jalan,Infeksi Saluran Pernapasan Akut (ISPA),J06,menular,858,Proyeksi (Model ML)
3501,Kabupaten Pacitan,2026,Q2,2026-Q2,rawat_jalan,Infeksi Saluran Pernapasan Akut (ISPA),J06,menular,861,Proyeksi (Model ML)
3501,Kabupaten Pacitan,2026,Q3,2026-Q3,rawat_jalan,Infeksi Saluran Pernapasan Akut (ISPA),J06,menular,928,Proyeksi (Model ML)
3501,Kabupaten Pacitan,2026,Q4,2026-Q4,rawat_jalan,Infeksi Saluran Pernapasan Akut (ISPA),J06,menular,893,Proyeksi (Model ML)
3502,Kabupaten Ponorogo,2026,Q1,2026-Q1,rawat_inap,Demam Berdarah Dengue (DBD),A90,menular,345,Proyeksi (Model ML)
3502,Kabupaten Ponorogo,2026,Q2,2026-Q2,rawat_inap,Demam Berdarah Dengue (DBD),A90,menular,330,Proyeksi (Model ML)
3502,Kabupaten Ponorogo,2026,Q3,2026-Q3,rawat_inap,Demam Berdarah Dengue (DBD),A90,menular,325,Proyeksi (Model ML)
3502,Kabupaten Ponorogo,2026,Q4,2026-Q4,rawat_inap,Demam Berdarah Dengue (DBD),A90,menular,337,Proyeksi (Model ML)
3502,Kabupaten Ponorogo,2026,Q1,2026-Q1,rawat_inap,Penyakit Jantung Iskemik,I25,tidak_menular,223,Proyeksi (Model ML)
3502,Kabupaten Ponorogo,2026,Q2,2026-Q2,rawat_inap,Penyakit Jantung Iskemik,I25,tidak_menular,230,Proyeksi (Model ML)
3502,Kabupaten Ponorogo,2026,Q3,2026-Q3,rawat_inap,Penyakit Jantung Iskemik,I25,tidak_menular,213,Proyeksi (Model ML)
3502,Kabupaten Ponorogo,2026,Q4,2026-Q4,rawat_inap,Penyakit Jantung Iskemik,I25,tidak_menular,224,Proyeksi (Model ML)
3502,Kabupaten Ponorogo,2026,Q1,2026-Q1,rawat_inap,Pneumonia,J18,menular,232,Proyeksi (Model ML)
3502,Kabupaten Ponorogo,2026,Q2,2026-Q2,rawat_inap,Pneumonia,J18,menular,218,Proyeksi (Model ML)
3502,Kabupaten Ponorogo,2026,Q3,2026-Q3,rawat_inap,Pneumonia,J18,menular,237,Proyeksi (Model ML)
3502,Kabupaten Ponorogo,2026,Q4,2026-Q4,rawat_inap,Pneumonia,J18,menular,208,Proyeksi (Model ML)
3502,Kabupaten Ponorogo,2026,Q1,2026-Q1,rawat_inap,Tuberkulosis Paru (TB),A15,menular,353,Proyeksi (Model ML)
3502,Kabupaten Ponorogo,2026,Q2,2026-Q2,rawat_inap,Tuberkulosis Paru (TB),A15,menular,305,Proyeksi (Model ML)
3502,Kabupaten Ponorogo,2026,Q3,2026-Q3,rawat_inap,Tuberkulosis Paru (TB),A15,menular,290,Proyeksi (Model ML)
3502,Kabupaten Ponorogo,2026,Q4,2026-Q4,rawat_inap,Tuberkulosis Paru (TB),A15,menular,290,Proyeksi (Model ML)
3502,Kabupaten Ponorogo,2026,Q1,2026-Q1,rawat_jalan,Demam Tifoid,A01,menular,365,Proyeksi (Model ML)
3502,Kabupaten Ponorogo,2026,Q2,2026-Q2,rawat_jalan,Demam Tifoid,A01,menular,340,Proyeksi (Model ML)
3502,Kabupaten Ponorogo,2026,Q3,2026-Q3,rawat_jalan,Demam Tifoid,A01,menular,366,Proyeksi (Model ML)
3502,Kabupaten Ponorogo,2026,Q4,2026-Q4,rawat_jalan,Demam Tifoid,A01,menular,336,Proyeksi (Model ML)
3502,Kabupaten Ponorogo,2026,Q1,2026-Q1,rawat_jalan,Diabetes Melitus Tipe 2,E11,tidak_menular,808,Proyeksi (Model ML)
3502,Kabupaten Ponorogo,2026,Q2,2026-Q2,rawat_jalan,Diabetes Melitus Tipe 2,E11,tidak_menular,875,Proyeksi (Model ML)
3502,Kabupaten Ponorogo,2026,Q3,2026-Q3,rawat_jalan,Diabetes Melitus Tipe 2,E11,tidak_menular,851,Proyeksi (Model ML)
3502,Kabupaten Ponorogo,2026,Q4,2026-Q4,rawat_jalan,Diabetes Melitus Tipe 2,E11,tidak_menular,835,Proyeksi (Model ML)
3502,Kabupaten Ponorogo,2026,Q1,2026-Q1,rawat_jalan,Diare dan Gastroenteritis,A09,menular,814,Proyeksi (Model ML)
3502,Kabupaten Ponorogo,2026,Q2,2026-Q2,rawat_jalan,Diare dan Gastroenteritis,A09,menular,763,Proyeksi (Model ML)
3502,Kabupaten Ponorogo,2026,Q3,2026-Q3,rawat_jalan,Diare dan Gastroenteritis,A09,menular,842,Proyeksi (Model ML)
3502,Kabupaten Ponorogo,2026,Q4,2026-Q4,rawat_jalan,Diare dan Gastroenteritis,A09,menular,825,Proyeksi (Model ML)
3502,Kabupaten Ponorogo,2026,Q1,2026-Q1,rawat_jalan,Gastritis dan Duodenitis,K29,tidak_menular,617,Proyeksi (Model ML)
3502,Kabupaten Ponorogo,2026,Q2,2026-Q2,rawat_jalan,Gastritis dan Duodenitis,K29,tidak_menular,593,Proyeksi (Model ML)
3502,Kabupaten Ponorogo,2026,Q3,2026-Q3,rawat_jalan,Gastritis dan Duodenitis,K29,tidak_menular,611,Proyeksi (Model ML)
3502,Kabupaten Ponorogo,2026,Q4,2026-Q4,rawat_jalan,Gastritis dan Duodenitis,K29,tidak_menular,629,Proyeksi (Model ML)
3502,Kabupaten Ponorogo,2026,Q1,2026-Q1,rawat_jalan,Hipertensi Esensial,I10,tidak_menular,1192,Proyeksi (Model ML)
3502,Kabupaten Ponorogo,2026,Q2,2026-Q2,rawat_jalan,Hipertensi Esensial,I10,tidak_menular,1250,Proyeksi (Model ML)
3502,Kabupaten Ponorogo,2026,Q3,2026-Q3,rawat_jalan,Hipertensi Esensial,I10,tidak_menular,1281,Proyeksi (Model ML)
3502,Kabupaten Ponorogo,2026,Q4,2026-Q4,rawat_jalan,Hipertensi Esensial,I10,tidak_menular,1204,Proyeksi (Model ML)
3502,Kabupaten Ponorogo,2026,Q1,2026-Q1,rawat_jalan,Infeksi Saluran Pernapasan Akut (ISPA),J06,menular,1474,Proyeksi (Model ML)
3502,Kabupaten Ponorogo,2026,Q2,2026-Q2,rawat_jalan,Infeksi Saluran Pernapasan Akut (ISPA),J06,menular,1479,Proyeksi (Model ML)
3502,Kabupaten Ponorogo,2026,Q3,2026-Q3,rawat_jalan,Infeksi Saluran Pernapasan Akut (ISPA),J06,menular,1594,Proyeksi (Model ML)
3502,Kabupaten Ponorogo,2026,Q4,2026-Q4,rawat_jalan,Infeksi Saluran Pernapasan Akut (ISPA),J06,menular,1534,Proyeksi (Model ML)
3503,Kabupaten Trenggalek,2026,Q1,2026-Q1,rawat_inap,Demam Berdarah Dengue (DBD),A90,menular,309,Proyeksi (Model ML)
3503,Kabupaten Trenggalek,2026,Q2,2026-Q2,rawat_inap,Demam Berdarah Dengue (DBD),A90,menular,296,Proyeksi (Model ML)
3503,Kabupaten Trenggalek,2026,Q3,2026-Q3,rawat_inap,Demam Berdarah Dengue (DBD),A90,menular,292,Proyeksi (Model ML)
3503,Kabupaten Trenggalek,2026,Q4,2026-Q4,rawat_inap,Demam Berdarah Dengue (DBD),A90,menular,302,Proyeksi (Model ML)
3503,Kabupaten Trenggalek,2026,Q1,2026-Q1,rawat_inap,Penyakit Jantung Iskemik,I25,tidak_menular,198,Proyeksi (Model ML)
3503,Kabupaten Trenggalek,2026,Q2,2026-Q2,rawat_inap,Penyakit Jantung Iskemik,I25,tidak_menular,205,Proyeksi (Model ML)
3503,Kabupaten Trenggalek,2026,Q3,2026-Q3,rawat_inap,Penyakit Jantung Iskemik,I25,tidak_menular,189,Proyeksi (Model ML)
3503,Kabupaten Trenggalek,2026,Q4,2026-Q4,rawat_inap,Penyakit Jantung Iskemik,I25,tidak_menular,200,Proyeksi (Model ML)
3503,Kabupaten Trenggalek,2026,Q1,2026-Q1,rawat_inap,Pneumonia,J18,menular,203,Proyeksi (Model ML)
3503,Kabupaten Trenggalek,2026,Q2,2026-Q2,rawat_inap,Pneumonia,J18,menular,191,Proyeksi (Model ML)
3503,Kabupaten Trenggalek,2026,Q3,2026-Q3,rawat_inap,Pneumonia,J18,menular,207,Proyeksi (Model ML)
3503,Kabupaten Trenggalek,2026,Q4,2026-Q4,rawat_inap,Pneumonia,J18,menular,182,Proyeksi (Model ML)
3503,Kabupaten Trenggalek,2026,Q1,2026-Q1,rawat_inap,Tuberkulosis Paru (TB),A15,menular,285,Proyeksi (Model ML)
3503,Kabupaten Trenggalek,2026,Q2,2026-Q2,rawat_inap,Tuberkulosis Paru (TB),A15,menular,246,Proyeksi (Model ML)
3503,Kabupaten Trenggalek,2026,Q3,2026-Q3,rawat_inap,Tuberkulosis Paru (TB),A15,menular,234,Proyeksi (Model ML)
3503,Kabupaten Trenggalek,2026,Q4,2026-Q4,rawat_inap,Tuberkulosis Paru (TB),A15,menular,233,Proyeksi (Model ML)
3503,Kabupaten Trenggalek,2026,Q1,2026-Q1,rawat_jalan,Demam Tifoid,A01,menular,305,Proyeksi (Model ML)
3503,Kabupaten Trenggalek,2026,Q2,2026-Q2,rawat_jalan,Demam Tifoid,A01,menular,283,Proyeksi (Model ML)
3503,Kabupaten Trenggalek,2026,Q3,2026-Q3,rawat_jalan,Demam Tifoid,A01,menular,306,Proyeksi (Model ML)
3503,Kabupaten Trenggalek,2026,Q4,2026-Q4,rawat_jalan,Demam Tifoid,A01,menular,281,Proyeksi (Model ML)
3503,Kabupaten Trenggalek,2026,Q1,2026-Q1,rawat_jalan,Diabetes Melitus Tipe 2,E11,tidak_menular,449,Proyeksi (Model ML)
3503,Kabupaten Trenggalek,2026,Q2,2026-Q2,rawat_jalan,Diabetes Melitus Tipe 2,E11,tidak_menular,486,Proyeksi (Model ML)
3503,Kabupaten Trenggalek,2026,Q3,2026-Q3,rawat_jalan,Diabetes Melitus Tipe 2,E11,tidak_menular,473,Proyeksi (Model ML)
3503,Kabupaten Trenggalek,2026,Q4,2026-Q4,rawat_jalan,Diabetes Melitus Tipe 2,E11,tidak_menular,464,Proyeksi (Model ML)
3503,Kabupaten Trenggalek,2026,Q1,2026-Q1,rawat_jalan,Diare dan Gastroenteritis,A09,menular,576,Proyeksi (Model ML)
3503,Kabupaten Trenggalek,2026,Q2,2026-Q2,rawat_jalan,Diare dan Gastroenteritis,A09,menular,540,Proyeksi (Model ML)
3503,Kabupaten Trenggalek,2026,Q3,2026-Q3,rawat_jalan,Diare dan Gastroenteritis,A09,menular,596,Proyeksi (Model ML)
3503,Kabupaten Trenggalek,2026,Q4,2026-Q4,rawat_jalan,Diare dan Gastroenteritis,A09,menular,584,Proyeksi (Model ML)
3503,Kabupaten Trenggalek,2026,Q1,2026-Q1,rawat_jalan,Gastritis dan Duodenitis,K29,tidak_menular,419,Proyeksi (Model ML)
3503,Kabupaten Trenggalek,2026,Q2,2026-Q2,rawat_jalan,Gastritis dan Duodenitis,K29,tidak_menular,403,Proyeksi (Model ML)
3503,Kabupaten Trenggalek,2026,Q3,2026-Q3,rawat_jalan,Gastritis dan Duodenitis,K29,tidak_menular,415,Proyeksi (Model ML)
3503,Kabupaten Trenggalek,2026,Q4,2026-Q4,rawat_jalan,Gastritis dan Duodenitis,K29,tidak_menular,427,Proyeksi (Model ML)
3503,Kabupaten Trenggalek,2026,Q1,2026-Q1,rawat_jalan,Hipertensi Esensial,I10,tidak_menular,804,Proyeksi (Model ML)
3503,Kabupaten Trenggalek,2026,Q2,2026-Q2,rawat_jalan,Hipertensi Esensial,I10,tidak_menular,843,Proyeksi (Model ML)
3503,Kabupaten Trenggalek,2026,Q3,2026-Q3,rawat_jalan,Hipertensi Esensial,I10,tidak_menular,864,Proyeksi (Model ML)
3503,Kabupaten Trenggalek,2026,Q4,2026-Q4,rawat_jalan,Hipertensi Esensial,I10,tidak_menular,812,Proyeksi (Model ML)
3503,Kabupaten Trenggalek,2026,Q1,2026-Q1,rawat_jalan,Infeksi Saluran Pernapasan Akut (ISPA),J06,menular,718,Proyeksi (Model ML)
3503,Kabupaten Trenggalek,2026,Q2,2026-Q2,rawat_jalan,Infeksi Saluran Pernapasan Akut (ISPA),J06,menular,720,Proyeksi (Model ML)
3503,Kabupaten Trenggalek,2026,Q3,2026-Q3,rawat_jalan,Infeksi Saluran Pernapasan Akut (ISPA),J06,menular,776,Proyeksi (Model ML)
3503,Kabupaten Trenggalek,2026,Q4,2026-Q4,rawat_jalan,Infeksi Saluran Pernapasan Akut (ISPA),J06,menular,747,Proyeksi (Model ML)
3504,Kabupaten Tulungagung,2026,Q1,2026-Q1,rawat_inap,Demam Berdarah Dengue (DBD),A90,menular,576,Proyeksi (Model ML)
3504,Kabupaten Tulungagung,2026,Q2,2026-Q2,rawat_inap,Demam Berdarah Dengue (DBD),A90,menular,551,Proyeksi (Model ML)
3504,Kabupaten Tulungagung,2026,Q3,2026-Q3,rawat_inap,Demam Berdarah Dengue (DBD),A90,menular,543,Proyeksi (Model ML)
3504,Kabupaten Tulungagung,2026,Q4,2026-Q4,rawat_inap,Demam Berdarah Dengue (DBD),A90,menular,562,Proyeksi (Model ML)
3504,Kabupaten Tulungagung,2026,Q1,2026-Q1,rawat_inap,Penyakit Jantung Iskemik,I25,tidak_menular,276,Proyeksi (Model ML)
3504,Kabupaten Tulungagung,2026,Q2,2026-Q2,rawat_inap,Penyakit Jantung Iskemik,I25,tidak_menular,285,Proyeksi (Model ML)
3504,Kabupaten Tulungagung,2026,Q3,2026-Q3,rawat_inap,Penyakit Jantung Iskemik,I25,tidak_menular,263,Proyeksi (Model ML)
3504,Kabupaten Tulungagung,2026,Q4,2026-Q4,rawat_inap,Penyakit Jantung Iskemik,I25,tidak_menular,278,Proyeksi (Model ML)
3504,Kabupaten Tulungagung,2026,Q1,2026-Q1,rawat_inap,Pneumonia,J18,menular,276,Proyeksi (Model ML)
3504,Kabupaten Tulungagung,2026,Q2,2026-Q2,rawat_inap,Pneumonia,J18,menular,259,Proyeksi (Model ML)
3504,Kabupaten Tulungagung,2026,Q3,2026-Q3,rawat_inap,Pneumonia,J18,menular,282,Proyeksi (Model ML)
3504,Kabupaten Tulungagung,2026,Q4,2026-Q4,rawat_inap,Pneumonia,J18,menular,247,Proyeksi (Model ML)
3504,Kabupaten Tulungagung,2026,Q1,2026-Q1,rawat_inap,Tuberkulosis Paru (TB),A15,menular,342,Proyeksi (Model ML)
3504,Kabupaten Tulungagung,2026,Q2,2026-Q2,rawat_inap,Tuberkulosis Paru (TB),A15,menular,295,Proyeksi (Model ML)
3504,Kabupaten Tulungagung,2026,Q3,2026-Q3,rawat_inap,Tuberkulosis Paru (TB),A15,menular,281,Proyeksi (Model ML)
3504,Kabupaten Tulungagung,2026,Q4,2026-Q4,rawat_inap,Tuberkulosis Paru (TB),A15,menular,280,Proyeksi (Model ML)
3504,Kabupaten Tulungagung,2026,Q1,2026-Q1,rawat_jalan,Demam Tifoid,A01,menular,431,Proyeksi (Model ML)
3504,Kabupaten Tulungagung,2026,Q2,2026-Q2,rawat_jalan,Demam Tifoid,A01,menular,401,Proyeksi (Model ML)
3504,Kabupaten Tulungagung,2026,Q3,2026-Q3,rawat_jalan,Demam Tifoid,A01,menular,432,Proyeksi (Model ML)
3504,Kabupaten Tulungagung,2026,Q4,2026-Q4,rawat_jalan,Demam Tifoid,A01,menular,397,Proyeksi (Model ML)
3504,Kabupaten Tulungagung,2026,Q1,2026-Q1,rawat_jalan,Diabetes Melitus Tipe 2,E11,tidak_menular,838,Proyeksi (Model ML)
3504,Kabupaten Tulungagung,2026,Q2,2026-Q2,rawat_jalan,Diabetes Melitus Tipe 2,E11,tidak_menular,908,Proyeksi (Model ML)
3504,Kabupaten Tulungagung,2026,Q3,2026-Q3,rawat_jalan,Diabetes Melitus Tipe 2,E11,tidak_menular,883,Proyeksi (Model ML)
3504,Kabupaten Tulungagung,2026,Q4,2026-Q4,rawat_jalan,Diabetes Melitus Tipe 2,E11,tidak_menular,866,Proyeksi (Model ML)
3504,Kabupaten Tulungagung,2026,Q1,2026-Q1,rawat_jalan,Diare dan Gastroenteritis,A09,menular,1082,Proyeksi (Model ML)
3504,Kabupaten Tulungagung,2026,Q2,2026-Q2,rawat_jalan,Diare dan Gastroenteritis,A09,menular,1014,Proyeksi (Model ML)
3504,Kabupaten Tulungagung,2026,Q3,2026-Q3,rawat_jalan,Diare dan Gastroenteritis,A09,menular,1119,Proyeksi (Model ML)
3504,Kabupaten Tulungagung,2026,Q4,2026-Q4,rawat_jalan,Diare dan Gastroenteritis,A09,menular,1096,Proyeksi (Model ML)
3504,Kabupaten Tulungagung,2026,Q1,2026-Q1,rawat_jalan,Gastritis dan Duodenitis,K29,tidak_menular,767,Proyeksi (Model ML)
3504,Kabupaten Tulungagung,2026,Q2,2026-Q2,rawat_jalan,Gastritis dan Duodenitis,K29,tidak_menular,739,Proyeksi (Model ML)
3504,Kabupaten Tulungagung,2026,Q3,2026-Q3,rawat_jalan,Gastritis dan Duodenitis,K29,tidak_menular,761,Proyeksi (Model ML)
3504,Kabupaten Tulungagung,2026,Q4,2026-Q4,rawat_jalan,Gastritis dan Duodenitis,K29,tidak_menular,783,Proyeksi (Model ML)
3504,Kabupaten Tulungagung,2026,Q1,2026-Q1,rawat_jalan,Hipertensi Esensial,I10,tidak_menular,1582,Proyeksi (Model ML)
3504,Kabupaten Tulungagung,2026,Q2,2026-Q2,rawat_jalan,Hipertensi Esensial,I10,tidak_menular,1658,Proyeksi (Model ML)
3504,Kabupaten Tulungagung,2026,Q3,2026-Q3,rawat_jalan,Hipertensi Esensial,I10,tidak_menular,1700,Proyeksi (Model ML)
3504,Kabupaten Tulungagung,2026,Q4,2026-Q4,rawat_jalan,Hipertensi Esensial,I10,tidak_menular,1597,Proyeksi (Model ML)
3504,Kabupaten Tulungagung,2026,Q1,2026-Q1,rawat_jalan,Infeksi Saluran Pernapasan Akut (ISPA),J06,menular,1755,Proyeksi (Model ML)
3504,Kabupaten Tulungagung,2026,Q2,2026-Q2,rawat_jalan,Infeksi Saluran Pernapasan Akut (ISPA),J06,menular,1761,Proyeksi (Model ML)
3504,Kabupaten Tulungagung,2026,Q3,2026-Q3,rawat_jalan,Infeksi Saluran Pernapasan Akut (ISPA),J06,menular,1898,Proyeksi (Model ML)
3504,Kabupaten Tulungagung,2026,Q4,2026-Q4,rawat_jalan,Infeksi Saluran Pernapasan Akut (ISPA),J06,menular,1827,Proyeksi (Model ML)
3505,Kabupaten Blitar,2026,Q1,2026-Q1,rawat_inap,Demam Berdarah Dengue (DBD),A90,menular,430,Proyeksi (Model ML)
3505,Kabupaten Blitar,2026,Q2,2026-Q2,rawat_inap,Demam Berdarah Dengue (DBD),A90,menular,411,Proyeksi (Model ML)
3505,Kabupaten Blitar,2026,Q3,2026-Q3,rawat_inap,Demam Berdarah Dengue (DBD),A90,menular,405,Proyeksi (Model ML)
3505,Kabupaten Blitar,2026,Q4,2026-Q4,rawat_inap,Demam Berdarah Dengue (DBD),A90,menular,419,Proyeksi (Model ML)
3505,Kabupaten Blitar,2026,Q1,2026-Q1,rawat_inap,Penyakit Jantung Iskemik,I25,tidak_menular,380,Proyeksi (Model ML)
3505,Kabupaten Blitar,2026,Q2,2026-Q2,rawat_inap,Penyakit Jantung Iskemik,I25,tidak_menular,393,Proyeksi (Model ML)
3505,Kabupaten Blitar,2026,Q3,2026-Q3,rawat_inap,Penyakit Jantung Iskemik,I25,tidak_menular,362,Proyeksi (Model ML)
3505,Kabupaten Blitar,2026,Q4,2026-Q4,rawat_inap,Penyakit Jantung Iskemik,I25,tidak_menular,382,Proyeksi (Model ML)
3505,Kabupaten Blitar,2026,Q1,2026-Q1,rawat_inap,Pneumonia,J18,menular,368,Proyeksi (Model ML)
3505,Kabupaten Blitar,2026,Q2,2026-Q2,rawat_inap,Pneumonia,J18,menular,345,Proyeksi (Model ML)
3505,Kabupaten Blitar,2026,Q3,2026-Q3,rawat_inap,Pneumonia,J18,menular,375,Proyeksi (Model ML)
3505,Kabupaten Blitar,2026,Q4,2026-Q4,rawat_inap,Pneumonia,J18,menular,329,Proyeksi (Model ML)
3505,Kabupaten Blitar,2026,Q1,2026-Q1,rawat_inap,Tuberkulosis Paru (TB),A15,menular,397,Proyeksi (Model ML)
3505,Kabupaten Blitar,2026,Q2,2026-Q2,rawat_inap,Tuberkulosis Paru (TB),A15,menular,343,Proyeksi (Model ML)
3505,Kabupaten Blitar,2026,Q3,2026-Q3,rawat_inap,Tuberkulosis Paru (TB),A15,menular,326,Proyeksi (Model ML)
3505,Kabupaten Blitar,2026,Q4,2026-Q4,rawat_inap,Tuberkulosis Paru (TB),A15,menular,325,Proyeksi (Model ML)
3505,Kabupaten Blitar,2026,Q1,2026-Q1,rawat_jalan,Demam Tifoid,A01,menular,446,Proyeksi (Model ML)
3505,Kabupaten Blitar,2026,Q2,2026-Q2,rawat_jalan,Demam Tifoid,A01,menular,414,Proyeksi (Model ML)
3505,Kabupaten Blitar,2026,Q3,2026-Q3,rawat_jalan,Demam Tifoid,A01,menular,447,Proyeksi (Model ML)
3505,Kabupaten Blitar,2026,Q4,2026-Q4,rawat_jalan,Demam Tifoid,A01,menular,410,Proyeksi (Model ML)
3505,Kabupaten Blitar,2026,Q1,2026-Q1,rawat_jalan,Diabetes Melitus Tipe 2,E11,tidak_menular,1056,Proyeksi (Model ML)
3505,Kabupaten Blitar,2026,Q2,2026-Q2,rawat_jalan,Diabetes Melitus Tipe 2,E11,tidak_menular,1144,Proyeksi (Model ML)
3505,Kabupaten Blitar,2026,Q3,2026-Q3,rawat_jalan,Diabetes Melitus Tipe 2,E11,tidak_menular,1113,Proyeksi (Model ML)
3505,Kabupaten Blitar,2026,Q4,2026-Q4,rawat_jalan,Diabetes Melitus Tipe 2,E11,tidak_menular,1092,Proyeksi (Model ML)
3505,Kabupaten Blitar,2026,Q1,2026-Q1,rawat_jalan,Diare dan Gastroenteritis,A09,menular,1115,Proyeksi (Model ML)
3505,Kabupaten Blitar,2026,Q2,2026-Q2,rawat_jalan,Diare dan Gastroenteritis,A09,menular,1045,Proyeksi (Model ML)
3505,Kabupaten Blitar,2026,Q3,2026-Q3,rawat_jalan,Diare dan Gastroenteritis,A09,menular,1154,Proyeksi (Model ML)
3505,Kabupaten Blitar,2026,Q4,2026-Q4,rawat_jalan,Diare dan Gastroenteritis,A09,menular,1130,Proyeksi (Model ML)
3505,Kabupaten Blitar,2026,Q1,2026-Q1,rawat_jalan,Gastritis dan Duodenitis,K29,tidak_menular,655,Proyeksi (Model ML)
3505,Kabupaten Blitar,2026,Q2,2026-Q2,rawat_jalan,Gastritis dan Duodenitis,K29,tidak_menular,630,Proyeksi (Model ML)
3505,Kabupaten Blitar,2026,Q3,2026-Q3,rawat_jalan,Gastritis dan Duodenitis,K29,tidak_menular,649,Proyeksi (Model ML)
3505,Kabupaten Blitar,2026,Q4,2026-Q4,rawat_jalan,Gastritis dan Duodenitis,K29,tidak_menular,668,Proyeksi (Model ML)
3505,Kabupaten Blitar,2026,Q1,2026-Q1,rawat_jalan,Hipertensi Esensial,I10,tidak_menular,1181,Proyeksi (Model ML)
3505,Kabupaten Blitar,2026,Q2,2026-Q2,rawat_jalan,Hipertensi Esensial,I10,tidak_menular,1238,Proyeksi (Model ML)
3505,Kabupaten Blitar,2026,Q3,2026-Q3,rawat_jalan,Hipertensi Esensial,I10,tidak_menular,1269,Proyeksi (Model ML)
3505,Kabupaten Blitar,2026,Q4,2026-Q4,rawat_jalan,Hipertensi Esensial,I10,tidak_menular,1192,Proyeksi (Model ML)
3505,Kabupaten Blitar,2026,Q1,2026-Q1,rawat_jalan,Infeksi Saluran Pernapasan Akut (ISPA),J06,menular,1714,Proyeksi (Model ML)
3505,Kabupaten Blitar,2026,Q2,2026-Q2,rawat_jalan,Infeksi Saluran Pernapasan Akut (ISPA),J06,menular,1720,Proyeksi (Model ML)
3505,Kabupaten Blitar,2026,Q3,2026-Q3,rawat_jalan,Infeksi Saluran Pernapasan Akut (ISPA),J06,menular,1854,Proyeksi (Model ML)
3505,Kabupaten Blitar,2026,Q4,2026-Q4,rawat_jalan,Infeksi Saluran Pernapasan Akut (ISPA),J06,menular,1784,Proyeksi (Model ML)
3506,Kabupaten Kediri,2026,Q1,2026-Q1,rawat_inap,Demam Berdarah Dengue (DBD),A90,menular,491,Proyeksi (Model ML)
3506,Kabupaten Kediri,2026,Q2,2026-Q2,rawat_inap,Demam Berdarah Dengue (DBD),A90,menular,470,Proyeksi (Model ML)
3506,Kabupaten Kediri,2026,Q3,2026-Q3,rawat_inap,Demam Berdarah Dengue (DBD),A90,menular,463,Proyeksi (Model ML)
3506,Kabupaten Kediri,2026,Q4,2026-Q4,rawat_inap,Demam Berdarah Dengue (DBD),A90,menular,479,Proyeksi (Model ML)
3506,Kabupaten Kediri,2026,Q1,2026-Q1,rawat_inap,Penyakit Jantung Iskemik,I25,tidak_menular,697,Proyeksi (Model ML)
3506,Kabupaten Kediri,2026,Q2,2026-Q2,rawat_inap,Penyakit Jantung Iskemik,I25,tidak_menular,722,Proyeksi (Model ML)
3506,Kabupaten Kediri,2026,Q3,2026-Q3,rawat_inap,Penyakit Jantung Iskemik,I25,tidak_menular,666,Proyeksi (Model ML)
3506,Kabupaten Kediri,2026,Q4,2026-Q4,rawat_inap,Penyakit Jantung Iskemik,I25,tidak_menular,702,Proyeksi (Model ML)
3506,Kabupaten Kediri,2026,Q1,2026-Q1,rawat_inap,Pneumonia,J18,menular,527,Proyeksi (Model ML)
3506,Kabupaten Kediri,2026,Q2,2026-Q2,rawat_inap,Pneumonia,J18,menular,494,Proyeksi (Model ML)
3506,Kabupaten Kediri,2026,Q3,2026-Q3,rawat_inap,Pneumonia,J18,menular,537,Proyeksi (Model ML)
3506,Kabupaten Kediri,2026,Q4,2026-Q4,rawat_inap,Pneumonia,J18,menular,471,Proyeksi (Model ML)
3506,Kabupaten Kediri,2026,Q1,2026-Q1,rawat_inap,Tuberkulosis Paru (TB),A15,menular,626,Proyeksi (Model ML)
3506,Kabupaten Kediri,2026,Q2,2026-Q2,rawat_inap,Tuberkulosis Paru (TB),A15,menular,540,Proyeksi (Model ML)
3506,Kabupaten Kediri,2026,Q3,2026-Q3,rawat_inap,Tuberkulosis Paru (TB),A15,menular,513,Proyeksi (Model ML)
3506,Kabupaten Kediri,2026,Q4,2026-Q4,rawat_inap,Tuberkulosis Paru (TB),A15,menular,513,Proyeksi (Model ML)
3506,Kabupaten Kediri,2026,Q1,2026-Q1,rawat_jalan,Demam Tifoid,A01,menular,519,Proyeksi (Model ML)
3506,Kabupaten Kediri,2026,Q2,2026-Q2,rawat_jalan,Demam Tifoid,A01,menular,483,Proyeksi (Model ML)
3506,Kabupaten Kediri,2026,Q3,2026-Q3,rawat_jalan,Demam Tifoid,A01,menular,520,Proyeksi (Model ML)
3506,Kabupaten Kediri,2026,Q4,2026-Q4,rawat_jalan,Demam Tifoid,A01,menular,478,Proyeksi (Model ML)
3506,Kabupaten Kediri,2026,Q1,2026-Q1,rawat_jalan,Diabetes Melitus Tipe 2,E11,tidak_menular,1493,Proyeksi (Model ML)
3506,Kabupaten Kediri,2026,Q2,2026-Q2,rawat_jalan,Diabetes Melitus Tipe 2,E11,tidak_menular,1618,Proyeksi (Model ML)
3506,Kabupaten Kediri,2026,Q3,2026-Q3,rawat_jalan,Diabetes Melitus Tipe 2,E11,tidak_menular,1573,Proyeksi (Model ML)
3506,Kabupaten Kediri,2026,Q4,2026-Q4,rawat_jalan,Diabetes Melitus Tipe 2,E11,tidak_menular,1544,Proyeksi (Model ML)
3506,Kabupaten Kediri,2026,Q1,2026-Q1,rawat_jalan,Diare dan Gastroenteritis,A09,menular,1183,Proyeksi (Model ML)
3506,Kabupaten Kediri,2026,Q2,2026-Q2,rawat_jalan,Diare dan Gastroenteritis,A09,menular,1109,Proyeksi (Model ML)
3506,Kabupaten Kediri,2026,Q3,2026-Q3,rawat_jalan,Diare dan Gastroenteritis,A09,menular,1224,Proyeksi (Model ML)
3506,Kabupaten Kediri,2026,Q4,2026-Q4,rawat_jalan,Diare dan Gastroenteritis,A09,menular,1199,Proyeksi (Model ML)
3506,Kabupaten Kediri,2026,Q1,2026-Q1,rawat_jalan,Gastritis dan Duodenitis,K29,tidak_menular,1157,Proyeksi (Model ML)
3506,Kabupaten Kediri,2026,Q2,2026-Q2,rawat_jalan,Gastritis dan Duodenitis,K29,tidak_menular,1114,Proyeksi (Model ML)
3506,Kabupaten Kediri,2026,Q3,2026-Q3,rawat_jalan,Gastritis dan Duodenitis,K29,tidak_menular,1147,Proyeksi (Model ML)
3506,Kabupaten Kediri,2026,Q4,2026-Q4,rawat_jalan,Gastritis dan Duodenitis,K29,tidak_menular,1180,Proyeksi (Model ML)
3506,Kabupaten Kediri,2026,Q1,2026-Q1,rawat_jalan,Hipertensi Esensial,I10,tidak_menular,2060,Proyeksi (Model ML)
3506,Kabupaten Kediri,2026,Q2,2026-Q2,rawat_jalan,Hipertensi Esensial,I10,tidak_menular,2160,Proyeksi (Model ML)
3506,Kabupaten Kediri,2026,Q3,2026-Q3,rawat_jalan,Hipertensi Esensial,I10,tidak_menular,2214,Proyeksi (Model ML)
3506,Kabupaten Kediri,2026,Q4,2026-Q4,rawat_jalan,Hipertensi Esensial,I10,tidak_menular,2080,Proyeksi (Model ML)
3506,Kabupaten Kediri,2026,Q1,2026-Q1,rawat_jalan,Infeksi Saluran Pernapasan Akut (ISPA),J06,menular,2271,Proyeksi (Model ML)
3506,Kabupaten Kediri,2026,Q2,2026-Q2,rawat_jalan,Infeksi Saluran Pernapasan Akut (ISPA),J06,menular,2279,Proyeksi (Model ML)
3506,Kabupaten Kediri,2026,Q3,2026-Q3,rawat_jalan,Infeksi Saluran Pernapasan Akut (ISPA),J06,menular,2457,Proyeksi (Model ML)
3506,Kabupaten Kediri,2026,Q4,2026-Q4,rawat_jalan,Infeksi Saluran Pernapasan Akut (ISPA),J06,menular,2364,Proyeksi (Model ML)
3507,Kabupaten Malang,2026,Q1,2026-Q1,rawat_inap,Demam Berdarah Dengue (DBD),A90,menular,915,Proyeksi (Model ML)
3507,Kabupaten Malang,2026,Q2,2026-Q2,rawat_inap,Demam Berdarah Dengue (DBD),A90,menular,876,Proyeksi (Model ML)
3507,Kabupaten Malang,2026,Q3,2026-Q3,rawat_inap,Demam Berdarah Dengue (DBD),A90,menular,863,Proyeksi (Model ML)
3507,Kabupaten Malang,2026,Q4,2026-Q4,rawat_inap,Demam Berdarah Dengue (DBD),A90,menular,893,Proyeksi (Model ML)
3507,Kabupaten Malang,2026,Q1,2026-Q1,rawat_inap,Penyakit Jantung Iskemik,I25,tidak_menular,767,Proyeksi (Model ML)
3507,Kabupaten Malang,2026,Q2,2026-Q2,rawat_inap,Penyakit Jantung Iskemik,I25,tidak_menular,794,Proyeksi (Model ML)
3507,Kabupaten Malang,2026,Q3,2026-Q3,rawat_inap,Penyakit Jantung Iskemik,I25,tidak_menular,732,Proyeksi (Model ML)
3507,Kabupaten Malang,2026,Q4,2026-Q4,rawat_inap,Penyakit Jantung Iskemik,I25,tidak_menular,772,Proyeksi (Model ML)
3507,Kabupaten Malang,2026,Q1,2026-Q1,rawat_inap,Pneumonia,J18,menular,701,Proyeksi (Model ML)
3507,Kabupaten Malang,2026,Q2,2026-Q2,rawat_inap,Pneumonia,J18,menular,658,Proyeksi (Model ML)
3507,Kabupaten Malang,2026,Q3,2026-Q3,rawat_inap,Pneumonia,J18,menular,715,Proyeksi (Model ML)
3507,Kabupaten Malang,2026,Q4,2026-Q4,rawat_inap,Pneumonia,J18,menular,627,Proyeksi (Model ML)
3507,Kabupaten Malang,2026,Q1,2026-Q1,rawat_inap,Tuberkulosis Paru (TB),A15,menular,674,Proyeksi (Model ML)
3507,Kabupaten Malang,2026,Q2,2026-Q2,rawat_inap,Tuberkulosis Paru (TB),A15,menular,582,Proyeksi (Model ML)
3507,Kabupaten Malang,2026,Q3,2026-Q3,rawat_inap,Tuberkulosis Paru (TB),A15,menular,553,Proyeksi (Model ML)
3507,Kabupaten Malang,2026,Q4,2026-Q4,rawat_inap,Tuberkulosis Paru (TB),A15,menular,553,Proyeksi (Model ML)
3507,Kabupaten Malang,2026,Q1,2026-Q1,rawat_jalan,Demam Tifoid,A01,menular,847,Proyeksi (Model ML)
3507,Kabupaten Malang,2026,Q2,2026-Q2,rawat_jalan,Demam Tifoid,A01,menular,788,Proyeksi (Model ML)
3507,Kabupaten Malang,2026,Q3,2026-Q3,rawat_jalan,Demam Tifoid,A01,menular,849,Proyeksi (Model ML)
3507,Kabupaten Malang,2026,Q4,2026-Q4,rawat_jalan,Demam Tifoid,A01,menular,780,Proyeksi (Model ML)
3507,Kabupaten Malang,2026,Q1,2026-Q1,rawat_jalan,Diabetes Melitus Tipe 2,E11,tidak_menular,2471,Proyeksi (Model ML)
3507,Kabupaten Malang,2026,Q2,2026-Q2,rawat_jalan,Diabetes Melitus Tipe 2,E11,tidak_menular,2678,Proyeksi (Model ML)
3507,Kabupaten Malang,2026,Q3,2026-Q3,rawat_jalan,Diabetes Melitus Tipe 2,E11,tidak_menular,2604,Proyeksi (Model ML)
3507,Kabupaten Malang,2026,Q4,2026-Q4,rawat_jalan,Diabetes Melitus Tipe 2,E11,tidak_menular,2555,Proyeksi (Model ML)
3507,Kabupaten Malang,2026,Q1,2026-Q1,rawat_jalan,Diare dan Gastroenteritis,A09,menular,1974,Proyeksi (Model ML)
3507,Kabupaten Malang,2026,Q2,2026-Q2,rawat_jalan,Diare dan Gastroenteritis,A09,menular,1850,Proyeksi (Model ML)
3507,Kabupaten Malang,2026,Q3,2026-Q3,rawat_jalan,Diare dan Gastroenteritis,A09,menular,2043,Proyeksi (Model ML)
3507,Kabupaten Malang,2026,Q4,2026-Q4,rawat_jalan,Diare dan Gastroenteritis,A09,menular,2000,Proyeksi (Model ML)
3507,Kabupaten Malang,2026,Q1,2026-Q1,rawat_jalan,Gastritis dan Duodenitis,K29,tidak_menular,1851,Proyeksi (Model ML)
3507,Kabupaten Malang,2026,Q2,2026-Q2,rawat_jalan,Gastritis dan Duodenitis,K29,tidak_menular,1782,Proyeksi (Model ML)
3507,Kabupaten Malang,2026,Q3,2026-Q3,rawat_jalan,Gastritis dan Duodenitis,K29,tidak_menular,1836,Proyeksi (Model ML)
3507,Kabupaten Malang,2026,Q4,2026-Q4,rawat_jalan,Gastritis dan Duodenitis,K29,tidak_menular,1889,Proyeksi (Model ML)
3507,Kabupaten Malang,2026,Q1,2026-Q1,rawat_jalan,Hipertensi Esensial,I10,tidak_menular,3554,Proyeksi (Model ML)
3507,Kabupaten Malang,2026,Q2,2026-Q2,rawat_jalan,Hipertensi Esensial,I10,tidak_menular,3727,Proyeksi (Model ML)
3507,Kabupaten Malang,2026,Q3,2026-Q3,rawat_jalan,Hipertensi Esensial,I10,tidak_menular,3820,Proyeksi (Model ML)
3507,Kabupaten Malang,2026,Q4,2026-Q4,rawat_jalan,Hipertensi Esensial,I10,tidak_menular,3588,Proyeksi (Model ML)
3507,Kabupaten Malang,2026,Q1,2026-Q1,rawat_jalan,Infeksi Saluran Pernapasan Akut (ISPA),J06,menular,3633,Proyeksi (Model ML)
3507,Kabupaten Malang,2026,Q2,2026-Q2,rawat_jalan,Infeksi Saluran Pernapasan Akut (ISPA),J06,menular,3646,Proyeksi (Model ML)
3507,Kabupaten Malang,2026,Q3,2026-Q3,rawat_jalan,Infeksi Saluran Pernapasan Akut (ISPA),J06,menular,3929,Proyeksi (Model ML)
3507,Kabupaten Malang,2026,Q4,2026-Q4,rawat_jalan,Infeksi Saluran Pernapasan Akut (ISPA),J06,menular,3782,Proyeksi (Model ML)
3508,Kabupaten Lumajang,2026,Q1,2026-Q1,rawat_inap,Demam Berdarah Dengue (DBD),A90,menular,501,Proyeksi (Model ML)
3508,Kabupaten Lumajang,2026,Q2,2026-Q2,rawat_inap,Demam Berdarah Dengue (DBD),A90,menular,480,Proyeksi (Model ML)
3508,Kabupaten Lumajang,2026,Q3,2026-Q3,rawat_inap,Demam Berdarah Dengue (DBD),A90,menular,473,Proyeksi (Model ML)
3508,Kabupaten Lumajang,2026,Q4,2026-Q4,rawat_inap,Demam Berdarah Dengue (DBD),A90,menular,489,Proyeksi (Model ML)
3508,Kabupaten Lumajang,2026,Q1,2026-Q1,rawat_inap,Penyakit Jantung Iskemik,I25,tidak_menular,394,Proyeksi (Model ML)
3508,Kabupaten Lumajang,2026,Q2,2026-Q2,rawat_inap,Penyakit Jantung Iskemik,I25,tidak_menular,407,Proyeksi (Model ML)
3508,Kabupaten Lumajang,2026,Q3,2026-Q3,rawat_inap,Penyakit Jantung Iskemik,I25,tidak_menular,376,Proyeksi (Model ML)
3508,Kabupaten Lumajang,2026,Q4,2026-Q4,rawat_inap,Penyakit Jantung Iskemik,I25,tidak_menular,396,Proyeksi (Model ML)
3508,Kabupaten Lumajang,2026,Q1,2026-Q1,rawat_inap,Pneumonia,J18,menular,339,Proyeksi (Model ML)
3508,Kabupaten Lumajang,2026,Q2,2026-Q2,rawat_inap,Pneumonia,J18,menular,318,Proyeksi (Model ML)
3508,Kabupaten Lumajang,2026,Q3,2026-Q3,rawat_inap,Pneumonia,J18,menular,345,Proyeksi (Model ML)
3508,Kabupaten Lumajang,2026,Q4,2026-Q4,rawat_inap,Pneumonia,J18,menular,303,Proyeksi (Model ML)
3508,Kabupaten Lumajang,2026,Q1,2026-Q1,rawat_inap,Tuberkulosis Paru (TB),A15,menular,347,Proyeksi (Model ML)
3508,Kabupaten Lumajang,2026,Q2,2026-Q2,rawat_inap,Tuberkulosis Paru (TB),A15,menular,300,Proyeksi (Model ML)
3508,Kabupaten Lumajang,2026,Q3,2026-Q3,rawat_inap,Tuberkulosis Paru (TB),A15,menular,285,Proyeksi (Model ML)
3508,Kabupaten Lumajang,2026,Q4,2026-Q4,rawat_inap,Tuberkulosis Paru (TB),A15,menular,284,Proyeksi (Model ML)
3508,Kabupaten Lumajang,2026,Q1,2026-Q1,rawat_jalan,Demam Tifoid,A01,menular,267,Proyeksi (Model ML)
3508,Kabupaten Lumajang,2026,Q2,2026-Q2,rawat_jalan,Demam Tifoid,A01,menular,248,Proyeksi (Model ML)
3508,Kabupaten Lumajang,2026,Q3,2026-Q3,rawat_jalan,Demam Tifoid,A01,menular,268,Proyeksi (Model ML)
3508,Kabupaten Lumajang,2026,Q4,2026-Q4,rawat_jalan,Demam Tifoid,A01,menular,246,Proyeksi (Model ML)
3508,Kabupaten Lumajang,2026,Q1,2026-Q1,rawat_jalan,Diabetes Melitus Tipe 2,E11,tidak_menular,853,Proyeksi (Model ML)
3508,Kabupaten Lumajang,2026,Q2,2026-Q2,rawat_jalan,Diabetes Melitus Tipe 2,E11,tidak_menular,925,Proyeksi (Model ML)
3508,Kabupaten Lumajang,2026,Q3,2026-Q3,rawat_jalan,Diabetes Melitus Tipe 2,E11,tidak_menular,899,Proyeksi (Model ML)
3508,Kabupaten Lumajang,2026,Q4,2026-Q4,rawat_jalan,Diabetes Melitus Tipe 2,E11,tidak_menular,882,Proyeksi (Model ML)
3508,Kabupaten Lumajang,2026,Q1,2026-Q1,rawat_jalan,Diare dan Gastroenteritis,A09,menular,1067,Proyeksi (Model ML)
3508,Kabupaten Lumajang,2026,Q2,2026-Q2,rawat_jalan,Diare dan Gastroenteritis,A09,menular,1000,Proyeksi (Model ML)
3508,Kabupaten Lumajang,2026,Q3,2026-Q3,rawat_jalan,Diare dan Gastroenteritis,A09,menular,1104,Proyeksi (Model ML)
3508,Kabupaten Lumajang,2026,Q4,2026-Q4,rawat_jalan,Diare dan Gastroenteritis,A09,menular,1081,Proyeksi (Model ML)
3508,Kabupaten Lumajang,2026,Q1,2026-Q1,rawat_jalan,Gastritis dan Duodenitis,K29,tidak_menular,675,Proyeksi (Model ML)
3508,Kabupaten Lumajang,2026,Q2,2026-Q2,rawat_jalan,Gastritis dan Duodenitis,K29,tidak_menular,650,Proyeksi (Model ML)
3508,Kabupaten Lumajang,2026,Q3,2026-Q3,rawat_jalan,Gastritis dan Duodenitis,K29,tidak_menular,670,Proyeksi (Model ML)
3508,Kabupaten Lumajang,2026,Q4,2026-Q4,rawat_jalan,Gastritis dan Duodenitis,K29,tidak_menular,689,Proyeksi (Model ML)
3508,Kabupaten Lumajang,2026,Q1,2026-Q1,rawat_jalan,Hipertensi Esensial,I10,tidak_menular,1245,Proyeksi (Model ML)
3508,Kabupaten Lumajang,2026,Q2,2026-Q2,rawat_jalan,Hipertensi Esensial,I10,tidak_menular,1306,Proyeksi (Model ML)
3508,Kabupaten Lumajang,2026,Q3,2026-Q3,rawat_jalan,Hipertensi Esensial,I10,tidak_menular,1339,Proyeksi (Model ML)
3508,Kabupaten Lumajang,2026,Q4,2026-Q4,rawat_jalan,Hipertensi Esensial,I10,tidak_menular,1257,Proyeksi (Model ML)
3508,Kabupaten Lumajang,2026,Q1,2026-Q1,rawat_jalan,Infeksi Saluran Pernapasan Akut (ISPA),J06,menular,1700,Proyeksi (Model ML)
3508,Kabupaten Lumajang,2026,Q2,2026-Q2,rawat_jalan,Infeksi Saluran Pernapasan Akut (ISPA),J06,menular,1706,Proyeksi (Model ML)
3508,Kabupaten Lumajang,2026,Q3,2026-Q3,rawat_jalan,Infeksi Saluran Pernapasan Akut (ISPA),J06,menular,1838,Proyeksi (Model ML)
3508,Kabupaten Lumajang,2026,Q4,2026-Q4,rawat_jalan,Infeksi Saluran Pernapasan Akut (ISPA),J06,menular,1769,Proyeksi (Model ML)
3509,Kabupaten Jember,2026,Q1,2026-Q1,rawat_inap,Demam Berdarah Dengue (DBD),A90,menular,982,Proyeksi (Model ML)
3509,Kabupaten Jember,2026,Q2,2026-Q2,rawat_inap,Demam Berdarah Dengue (DBD),A90,menular,939,Proyeksi (Model ML)
3509,Kabupaten Jember,2026,Q3,2026-Q3,rawat_inap,Demam Berdarah Dengue (DBD),A90,menular,926,Proyeksi (Model ML)
3509,Kabupaten Jember,2026,Q4,2026-Q4,rawat_inap,Demam Berdarah Dengue (DBD),A90,menular,958,Proyeksi (Model ML)
3509,Kabupaten Jember,2026,Q1,2026-Q1,rawat_inap,Penyakit Jantung Iskemik,I25,tidak_menular,962,Proyeksi (Model ML)
3509,Kabupaten Jember,2026,Q2,2026-Q2,rawat_inap,Penyakit Jantung Iskemik,I25,tidak_menular,995,Proyeksi (Model ML)
3509,Kabupaten Jember,2026,Q3,2026-Q3,rawat_inap,Penyakit Jantung Iskemik,I25,tidak_menular,918,Proyeksi (Model ML)
3509,Kabupaten Jember,2026,Q4,2026-Q4,rawat_inap,Penyakit Jantung Iskemik,I25,tidak_menular,968,Proyeksi (Model ML)
3509,Kabupaten Jember,2026,Q1,2026-Q1,rawat_inap,Pneumonia,J18,menular,660,Proyeksi (Model ML)
3509,Kabupaten Jember,2026,Q2,2026-Q2,rawat_inap,Pneumonia,J18,menular,620,Proyeksi (Model ML)
3509,Kabupaten Jember,2026,Q3,2026-Q3,rawat_inap,Pneumonia,J18,menular,673,Proyeksi (Model ML)
3509,Kabupaten Jember,2026,Q4,2026-Q4,rawat_inap,Pneumonia,J18,menular,590,Proyeksi (Model ML)
3509,Kabupaten Jember,2026,Q1,2026-Q1,rawat_inap,Tuberkulosis Paru (TB),A15,menular,1179,Proyeksi (Model ML)
3509,Kabupaten Jember,2026,Q2,2026-Q2,rawat_inap,Tuberkulosis Paru (TB),A15,menular,1018,Proyeksi (Model ML)
3509,Kabupaten Jember,2026,Q3,2026-Q3,rawat_inap,Tuberkulosis Paru (TB),A15,menular,968,Proyeksi (Model ML)
3509,Kabupaten Jember,2026,Q4,2026-Q4,rawat_inap,Tuberkulosis Paru (TB),A15,menular,966,Proyeksi (Model ML)
3509,Kabupaten Jember,2026,Q1,2026-Q1,rawat_jalan,Demam Tifoid,A01,menular,668,Proyeksi (Model ML)
3509,Kabupaten Jember,2026,Q2,2026-Q2,rawat_jalan,Demam Tifoid,A01,menular,621,Proyeksi (Model ML)
3509,Kabupaten Jember,2026,Q3,2026-Q3,rawat_jalan,Demam Tifoid,A01,menular,670,Proyeksi (Model ML)
3509,Kabupaten Jember,2026,Q4,2026-Q4,rawat_jalan,Demam Tifoid,A01,menular,615,Proyeksi (Model ML)
3509,Kabupaten Jember,2026,Q1,2026-Q1,rawat_jalan,Diabetes Melitus Tipe 2,E11,tidak_menular,1490,Proyeksi (Model ML)
3509,Kabupaten Jember,2026,Q2,2026-Q2,rawat_jalan,Diabetes Melitus Tipe 2,E11,tidak_menular,1614,Proyeksi (Model ML)
3509,Kabupaten Jember,2026,Q3,2026-Q3,rawat_jalan,Diabetes Melitus Tipe 2,E11,tidak_menular,1570,Proyeksi (Model ML)
3509,Kabupaten Jember,2026,Q4,2026-Q4,rawat_jalan,Diabetes Melitus Tipe 2,E11,tidak_menular,1540,Proyeksi (Model ML)
3509,Kabupaten Jember,2026,Q1,2026-Q1,rawat_jalan,Diare dan Gastroenteritis,A09,menular,1638,Proyeksi (Model ML)
3509,Kabupaten Jember,2026,Q2,2026-Q2,rawat_jalan,Diare dan Gastroenteritis,A09,menular,1535,Proyeksi (Model ML)
3509,Kabupaten Jember,2026,Q3,2026-Q3,rawat_jalan,Diare dan Gastroenteritis,A09,menular,1695,Proyeksi (Model ML)
3509,Kabupaten Jember,2026,Q4,2026-Q4,rawat_jalan,Diare dan Gastroenteritis,A09,menular,1659,Proyeksi (Model ML)
3509,Kabupaten Jember,2026,Q1,2026-Q1,rawat_jalan,Gastritis dan Duodenitis,K29,tidak_menular,1689,Proyeksi (Model ML)
3509,Kabupaten Jember,2026,Q2,2026-Q2,rawat_jalan,Gastritis dan Duodenitis,K29,tidak_menular,1626,Proyeksi (Model ML)
3509,Kabupaten Jember,2026,Q3,2026-Q3,rawat_jalan,Gastritis dan Duodenitis,K29,tidak_menular,1675,Proyeksi (Model ML)
3509,Kabupaten Jember,2026,Q4,2026-Q4,rawat_jalan,Gastritis dan Duodenitis,K29,tidak_menular,1724,Proyeksi (Model ML)
3509,Kabupaten Jember,2026,Q1,2026-Q1,rawat_jalan,Hipertensi Esensial,I10,tidak_menular,3403,Proyeksi (Model ML)
3509,Kabupaten Jember,2026,Q2,2026-Q2,rawat_jalan,Hipertensi Esensial,I10,tidak_menular,3568,Proyeksi (Model ML)
3509,Kabupaten Jember,2026,Q3,2026-Q3,rawat_jalan,Hipertensi Esensial,I10,tidak_menular,3658,Proyeksi (Model ML)
3509,Kabupaten Jember,2026,Q4,2026-Q4,rawat_jalan,Hipertensi Esensial,I10,tidak_menular,3436,Proyeksi (Model ML)
3509,Kabupaten Jember,2026,Q1,2026-Q1,rawat_jalan,Infeksi Saluran Pernapasan Akut (ISPA),J06,menular,3643,Proyeksi (Model ML)
3509,Kabupaten Jember,2026,Q2,2026-Q2,rawat_jalan,Infeksi Saluran Pernapasan Akut (ISPA),J06,menular,3656,Proyeksi (Model ML)
3509,Kabupaten Jember,2026,Q3,2026-Q3,rawat_jalan,Infeksi Saluran Pernapasan Akut (ISPA),J06,menular,3940,Proyeksi (Model ML)
3509,Kabupaten Jember,2026,Q4,2026-Q4,rawat_jalan,Infeksi Saluran Pernapasan Akut (ISPA),J06,menular,3791,Proyeksi (Model ML)
3510,Kabupaten Banyuwangi,2026,Q1,2026-Q1,rawat_inap,Demam Berdarah Dengue (DBD),A90,menular,629,Proyeksi (Model ML)
3510,Kabupaten Banyuwangi,2026,Q2,2026-Q2,rawat_inap,Demam Berdarah Dengue (DBD),A90,menular,602,Proyeksi (Model ML)
3510,Kabupaten Banyuwangi,2026,Q3,2026-Q3,rawat_inap,Demam Berdarah Dengue (DBD),A90,menular,593,Proyeksi (Model ML)
3510,Kabupaten Banyuwangi,2026,Q4,2026-Q4,rawat_inap,Demam Berdarah Dengue (DBD),A90,menular,614,Proyeksi (Model ML)
3510,Kabupaten Banyuwangi,2026,Q1,2026-Q1,rawat_inap,Penyakit Jantung Iskemik,I25,tidak_menular,673,Proyeksi (Model ML)
3510,Kabupaten Banyuwangi,2026,Q2,2026-Q2,rawat_inap,Penyakit Jantung Iskemik,I25,tidak_menular,697,Proyeksi (Model ML)
3510,Kabupaten Banyuwangi,2026,Q3,2026-Q3,rawat_inap,Penyakit Jantung Iskemik,I25,tidak_menular,643,Proyeksi (Model ML)
3510,Kabupaten Banyuwangi,2026,Q4,2026-Q4,rawat_inap,Penyakit Jantung Iskemik,I25,tidak_menular,678,Proyeksi (Model ML)
3510,Kabupaten Banyuwangi,2026,Q1,2026-Q1,rawat_inap,Pneumonia,J18,menular,412,Proyeksi (Model ML)
3510,Kabupaten Banyuwangi,2026,Q2,2026-Q2,rawat_inap,Pneumonia,J18,menular,387,Proyeksi (Model ML)
3510,Kabupaten Banyuwangi,2026,Q3,2026-Q3,rawat_inap,Pneumonia,J18,menular,420,Proyeksi (Model ML)
3510,Kabupaten Banyuwangi,2026,Q4,2026-Q4,rawat_inap,Pneumonia,J18,menular,369,Proyeksi (Model ML)
3510,Kabupaten Banyuwangi,2026,Q1,2026-Q1,rawat_inap,Tuberkulosis Paru (TB),A15,menular,599,Proyeksi (Model ML)
3510,Kabupaten Banyuwangi,2026,Q2,2026-Q2,rawat_inap,Tuberkulosis Paru (TB),A15,menular,517,Proyeksi (Model ML)
3510,Kabupaten Banyuwangi,2026,Q3,2026-Q3,rawat_inap,Tuberkulosis Paru (TB),A15,menular,492,Proyeksi (Model ML)
3510,Kabupaten Banyuwangi,2026,Q4,2026-Q4,rawat_inap,Tuberkulosis Paru (TB),A15,menular,491,Proyeksi (Model ML)
3510,Kabupaten Banyuwangi,2026,Q1,2026-Q1,rawat_jalan,Demam Tifoid,A01,menular,590,Proyeksi (Model ML)
3510,Kabupaten Banyuwangi,2026,Q2,2026-Q2,rawat_jalan,Demam Tifoid,A01,menular,548,Proyeksi (Model ML)
3510,Kabupaten Banyuwangi,2026,Q3,2026-Q3,rawat_jalan,Demam Tifoid,A01,menular,591,Proyeksi (Model ML)
3510,Kabupaten Banyuwangi,2026,Q4,2026-Q4,rawat_jalan,Demam Tifoid,A01,menular,542,Proyeksi (Model ML)
3510,Kabupaten Banyuwangi,2026,Q1,2026-Q1,rawat_jalan,Diabetes Melitus Tipe 2,E11,tidak_menular,1250,Proyeksi (Model ML)
3510,Kabupaten Banyuwangi,2026,Q2,2026-Q2,rawat_jalan,Diabetes Melitus Tipe 2,E11,tidak_menular,1355,Proyeksi (Model ML)
3510,Kabupaten Banyuwangi,2026,Q3,2026-Q3,rawat_jalan,Diabetes Melitus Tipe 2,E11,tidak_menular,1318,Proyeksi (Model ML)
3510,Kabupaten Banyuwangi,2026,Q4,2026-Q4,rawat_jalan,Diabetes Melitus Tipe 2,E11,tidak_menular,1293,Proyeksi (Model ML)
3510,Kabupaten Banyuwangi,2026,Q1,2026-Q1,rawat_jalan,Diare dan Gastroenteritis,A09,menular,1226,Proyeksi (Model ML)
3510,Kabupaten Banyuwangi,2026,Q2,2026-Q2,rawat_jalan,Diare dan Gastroenteritis,A09,menular,1149,Proyeksi (Model ML)
3510,Kabupaten Banyuwangi,2026,Q3,2026-Q3,rawat_jalan,Diare dan Gastroenteritis,A09,menular,1269,Proyeksi (Model ML)
3510,Kabupaten Banyuwangi,2026,Q4,2026-Q4,rawat_jalan,Diare dan Gastroenteritis,A09,menular,1242,Proyeksi (Model ML)
3510,Kabupaten Banyuwangi,2026,Q1,2026-Q1,rawat_jalan,Gastritis dan Duodenitis,K29,tidak_menular,1159,Proyeksi (Model ML)
3510,Kabupaten Banyuwangi,2026,Q2,2026-Q2,rawat_jalan,Gastritis dan Duodenitis,K29,tidak_menular,1116,Proyeksi (Model ML)
3510,Kabupaten Banyuwangi,2026,Q3,2026-Q3,rawat_jalan,Gastritis dan Duodenitis,K29,tidak_menular,1150,Proyeksi (Model ML)
3510,Kabupaten Banyuwangi,2026,Q4,2026-Q4,rawat_jalan,Gastritis dan Duodenitis,K29,tidak_menular,1183,Proyeksi (Model ML)
3510,Kabupaten Banyuwangi,2026,Q1,2026-Q1,rawat_jalan,Hipertensi Esensial,I10,tidak_menular,2461,Proyeksi (Model ML)
3510,Kabupaten Banyuwangi,2026,Q2,2026-Q2,rawat_jalan,Hipertensi Esensial,I10,tidak_menular,2580,Proyeksi (Model ML)
3510,Kabupaten Banyuwangi,2026,Q3,2026-Q3,rawat_jalan,Hipertensi Esensial,I10,tidak_menular,2645,Proyeksi (Model ML)
3510,Kabupaten Banyuwangi,2026,Q4,2026-Q4,rawat_jalan,Hipertensi Esensial,I10,tidak_menular,2485,Proyeksi (Model ML)
3510,Kabupaten Banyuwangi,2026,Q1,2026-Q1,rawat_jalan,Infeksi Saluran Pernapasan Akut (ISPA),J06,menular,1850,Proyeksi (Model ML)
3510,Kabupaten Banyuwangi,2026,Q2,2026-Q2,rawat_jalan,Infeksi Saluran Pernapasan Akut (ISPA),J06,menular,1856,Proyeksi (Model ML)
3510,Kabupaten Banyuwangi,2026,Q3,2026-Q3,rawat_jalan,Infeksi Saluran Pernapasan Akut (ISPA),J06,menular,2001,Proyeksi (Model ML)
3510,Kabupaten Banyuwangi,2026,Q4,2026-Q4,rawat_jalan,Infeksi Saluran Pernapasan Akut (ISPA),J06,menular,1925,Proyeksi (Model ML)
3511,Kabupaten Bondowoso,2026,Q1,2026-Q1,rawat_inap,Demam Berdarah Dengue (DBD),A90,menular,357,Proyeksi (Model ML)
3511,Kabupaten Bondowoso,2026,Q2,2026-Q2,rawat_inap,Demam Berdarah Dengue (DBD),A90,menular,341,Proyeksi (Model ML)
3511,Kabupaten Bondowoso,2026,Q3,2026-Q3,rawat_inap,Demam Berdarah Dengue (DBD),A90,menular,336,Proyeksi (Model ML)
3511,Kabupaten Bondowoso,2026,Q4,2026-Q4,rawat_inap,Demam Berdarah Dengue (DBD),A90,menular,348,Proyeksi (Model ML)
3511,Kabupaten Bondowoso,2026,Q1,2026-Q1,rawat_inap,Penyakit Jantung Iskemik,I25,tidak_menular,246,Proyeksi (Model ML)
3511,Kabupaten Bondowoso,2026,Q2,2026-Q2,rawat_inap,Penyakit Jantung Iskemik,I25,tidak_menular,255,Proyeksi (Model ML)
3511,Kabupaten Bondowoso,2026,Q3,2026-Q3,rawat_inap,Penyakit Jantung Iskemik,I25,tidak_menular,235,Proyeksi (Model ML)
3511,Kabupaten Bondowoso,2026,Q4,2026-Q4,rawat_inap,Penyakit Jantung Iskemik,I25,tidak_menular,248,Proyeksi (Model ML)
3511,Kabupaten Bondowoso,2026,Q1,2026-Q1,rawat_inap,Pneumonia,J18,menular,237,Proyeksi (Model ML)
3511,Kabupaten Bondowoso,2026,Q2,2026-Q2,rawat_inap,Pneumonia,J18,menular,222,Proyeksi (Model ML)
3511,Kabupaten Bondowoso,2026,Q3,2026-Q3,rawat_inap,Pneumonia,J18,menular,241,Proyeksi (Model ML)
3511,Kabupaten Bondowoso,2026,Q4,2026-Q4,rawat_inap,Pneumonia,J18,menular,212,Proyeksi (Model ML)
3511,Kabupaten Bondowoso,2026,Q1,2026-Q1,rawat_inap,Tuberkulosis Paru (TB),A15,menular,211,Proyeksi (Model ML)
3511,Kabupaten Bondowoso,2026,Q2,2026-Q2,rawat_inap,Tuberkulosis Paru (TB),A15,menular,182,Proyeksi (Model ML)
3511,Kabupaten Bondowoso,2026,Q3,2026-Q3,rawat_inap,Tuberkulosis Paru (TB),A15,menular,173,Proyeksi (Model ML)
3511,Kabupaten Bondowoso,2026,Q4,2026-Q4,rawat_inap,Tuberkulosis Paru (TB),A15,menular,173,Proyeksi (Model ML)
3511,Kabupaten Bondowoso,2026,Q1,2026-Q1,rawat_jalan,Demam Tifoid,A01,menular,336,Proyeksi (Model ML)
3511,Kabupaten Bondowoso,2026,Q2,2026-Q2,rawat_jalan,Demam Tifoid,A01,menular,312,Proyeksi (Model ML)
3511,Kabupaten Bondowoso,2026,Q3,2026-Q3,rawat_jalan,Demam Tifoid,A01,menular,337,Proyeksi (Model ML)
3511,Kabupaten Bondowoso,2026,Q4,2026-Q4,rawat_jalan,Demam Tifoid,A01,menular,309,Proyeksi (Model ML)
3511,Kabupaten Bondowoso,2026,Q1,2026-Q1,rawat_jalan,Diabetes Melitus Tipe 2,E11,tidak_menular,656,Proyeksi (Model ML)
3511,Kabupaten Bondowoso,2026,Q2,2026-Q2,rawat_jalan,Diabetes Melitus Tipe 2,E11,tidak_menular,711,Proyeksi (Model ML)
3511,Kabupaten Bondowoso,2026,Q3,2026-Q3,rawat_jalan,Diabetes Melitus Tipe 2,E11,tidak_menular,692,Proyeksi (Model ML)
3511,Kabupaten Bondowoso,2026,Q4,2026-Q4,rawat_jalan,Diabetes Melitus Tipe 2,E11,tidak_menular,679,Proyeksi (Model ML)
3511,Kabupaten Bondowoso,2026,Q1,2026-Q1,rawat_jalan,Diare dan Gastroenteritis,A09,menular,706,Proyeksi (Model ML)
3511,Kabupaten Bondowoso,2026,Q2,2026-Q2,rawat_jalan,Diare dan Gastroenteritis,A09,menular,662,Proyeksi (Model ML)
3511,Kabupaten Bondowoso,2026,Q3,2026-Q3,rawat_jalan,Diare dan Gastroenteritis,A09,menular,731,Proyeksi (Model ML)
3511,Kabupaten Bondowoso,2026,Q4,2026-Q4,rawat_jalan,Diare dan Gastroenteritis,A09,menular,716,Proyeksi (Model ML)
3511,Kabupaten Bondowoso,2026,Q1,2026-Q1,rawat_jalan,Gastritis dan Duodenitis,K29,tidak_menular,559,Proyeksi (Model ML)
3511,Kabupaten Bondowoso,2026,Q2,2026-Q2,rawat_jalan,Gastritis dan Duodenitis,K29,tidak_menular,538,Proyeksi (Model ML)
3511,Kabupaten Bondowoso,2026,Q3,2026-Q3,rawat_jalan,Gastritis dan Duodenitis,K29,tidak_menular,554,Proyeksi (Model ML)
3511,Kabupaten Bondowoso,2026,Q4,2026-Q4,rawat_jalan,Gastritis dan Duodenitis,K29,tidak_menular,570,Proyeksi (Model ML)
3511,Kabupaten Bondowoso,2026,Q1,2026-Q1,rawat_jalan,Hipertensi Esensial,I10,tidak_menular,1058,Proyeksi (Model ML)
3511,Kabupaten Bondowoso,2026,Q2,2026-Q2,rawat_jalan,Hipertensi Esensial,I10,tidak_menular,1109,Proyeksi (Model ML)
3511,Kabupaten Bondowoso,2026,Q3,2026-Q3,rawat_jalan,Hipertensi Esensial,I10,tidak_menular,1137,Proyeksi (Model ML)
3511,Kabupaten Bondowoso,2026,Q4,2026-Q4,rawat_jalan,Hipertensi Esensial,I10,tidak_menular,1068,Proyeksi (Model ML)
3511,Kabupaten Bondowoso,2026,Q1,2026-Q1,rawat_jalan,Infeksi Saluran Pernapasan Akut (ISPA),J06,menular,824,Proyeksi (Model ML)
3511,Kabupaten Bondowoso,2026,Q2,2026-Q2,rawat_jalan,Infeksi Saluran Pernapasan Akut (ISPA),J06,menular,827,Proyeksi (Model ML)
3511,Kabupaten Bondowoso,2026,Q3,2026-Q3,rawat_jalan,Infeksi Saluran Pernapasan Akut (ISPA),J06,menular,891,Proyeksi (Model ML)
3511,Kabupaten Bondowoso,2026,Q4,2026-Q4,rawat_jalan,Infeksi Saluran Pernapasan Akut (ISPA),J06,menular,858,Proyeksi (Model ML)
3512,Kabupaten Situbondo,2026,Q1,2026-Q1,rawat_inap,Demam Berdarah Dengue (DBD),A90,menular,414,Proyeksi (Model ML)
3512,Kabupaten Situbondo,2026,Q2,2026-Q2,rawat_inap,Demam Berdarah Dengue (DBD),A90,menular,396,Proyeksi (Model ML)
3512,Kabupaten Situbondo,2026,Q3,2026-Q3,rawat_inap,Demam Berdarah Dengue (DBD),A90,menular,390,Proyeksi (Model ML)
3512,Kabupaten Situbondo,2026,Q4,2026-Q4,rawat_inap,Demam Berdarah Dengue (DBD),A90,menular,404,Proyeksi (Model ML)
3512,Kabupaten Situbondo,2026,Q1,2026-Q1,rawat_inap,Penyakit Jantung Iskemik,I25,tidak_menular,195,Proyeksi (Model ML)
3512,Kabupaten Situbondo,2026,Q2,2026-Q2,rawat_inap,Penyakit Jantung Iskemik,I25,tidak_menular,202,Proyeksi (Model ML)
3512,Kabupaten Situbondo,2026,Q3,2026-Q3,rawat_inap,Penyakit Jantung Iskemik,I25,tidak_menular,186,Proyeksi (Model ML)
3512,Kabupaten Situbondo,2026,Q4,2026-Q4,rawat_inap,Penyakit Jantung Iskemik,I25,tidak_menular,196,Proyeksi (Model ML)
3512,Kabupaten Situbondo,2026,Q1,2026-Q1,rawat_inap,Pneumonia,J18,menular,155,Proyeksi (Model ML)
3512,Kabupaten Situbondo,2026,Q2,2026-Q2,rawat_inap,Pneumonia,J18,menular,145,Proyeksi (Model ML)
3512,Kabupaten Situbondo,2026,Q3,2026-Q3,rawat_inap,Pneumonia,J18,menular,158,Proyeksi (Model ML)
3512,Kabupaten Situbondo,2026,Q4,2026-Q4,rawat_inap,Pneumonia,J18,menular,138,Proyeksi (Model ML)
3512,Kabupaten Situbondo,2026,Q1,2026-Q1,rawat_inap,Tuberkulosis Paru (TB),A15,menular,231,Proyeksi (Model ML)
3512,Kabupaten Situbondo,2026,Q2,2026-Q2,rawat_inap,Tuberkulosis Paru (TB),A15,menular,199,Proyeksi (Model ML)
3512,Kabupaten Situbondo,2026,Q3,2026-Q3,rawat_inap,Tuberkulosis Paru (TB),A15,menular,189,Proyeksi (Model ML)
3512,Kabupaten Situbondo,2026,Q4,2026-Q4,rawat_inap,Tuberkulosis Paru (TB),A15,menular,189,Proyeksi (Model ML)
3512,Kabupaten Situbondo,2026,Q1,2026-Q1,rawat_jalan,Demam Tifoid,A01,menular,301,Proyeksi (Model ML)
3512,Kabupaten Situbondo,2026,Q2,2026-Q2,rawat_jalan,Demam Tifoid,A01,menular,280,Proyeksi (Model ML)
3512,Kabupaten Situbondo,2026,Q3,2026-Q3,rawat_jalan,Demam Tifoid,A01,menular,302,Proyeksi (Model ML)
3512,Kabupaten Situbondo,2026,Q4,2026-Q4,rawat_jalan,Demam Tifoid,A01,menular,277,Proyeksi (Model ML)
3512,Kabupaten Situbondo,2026,Q1,2026-Q1,rawat_jalan,Diabetes Melitus Tipe 2,E11,tidak_menular,530,Proyeksi (Model ML)
3512,Kabupaten Situbondo,2026,Q2,2026-Q2,rawat_jalan,Diabetes Melitus Tipe 2,E11,tidak_menular,575,Proyeksi (Model ML)
3512,Kabupaten Situbondo,2026,Q3,2026-Q3,rawat_jalan,Diabetes Melitus Tipe 2,E11,tidak_menular,559,Proyeksi (Model ML)
3512,Kabupaten Situbondo,2026,Q4,2026-Q4,rawat_jalan,Diabetes Melitus Tipe 2,E11,tidak_menular,549,Proyeksi (Model ML)
3512,Kabupaten Situbondo,2026,Q1,2026-Q1,rawat_jalan,Diare dan Gastroenteritis,A09,menular,486,Proyeksi (Model ML)
3512,Kabupaten Situbondo,2026,Q2,2026-Q2,rawat_jalan,Diare dan Gastroenteritis,A09,menular,455,Proyeksi (Model ML)
3512,Kabupaten Situbondo,2026,Q3,2026-Q3,rawat_jalan,Diare dan Gastroenteritis,A09,menular,503,Proyeksi (Model ML)
3512,Kabupaten Situbondo,2026,Q4,2026-Q4,rawat_jalan,Diare dan Gastroenteritis,A09,menular,492,Proyeksi (Model ML)
3512,Kabupaten Situbondo,2026,Q1,2026-Q1,rawat_jalan,Gastritis dan Duodenitis,K29,tidak_menular,504,Proyeksi (Model ML)
3512,Kabupaten Situbondo,2026,Q2,2026-Q2,rawat_jalan,Gastritis dan Duodenitis,K29,tidak_menular,485,Proyeksi (Model ML)
3512,Kabupaten Situbondo,2026,Q3,2026-Q3,rawat_jalan,Gastritis dan Duodenitis,K29,tidak_menular,500,Proyeksi (Model ML)
3512,Kabupaten Situbondo,2026,Q4,2026-Q4,rawat_jalan,Gastritis dan Duodenitis,K29,tidak_menular,514,Proyeksi (Model ML)
3512,Kabupaten Situbondo,2026,Q1,2026-Q1,rawat_jalan,Hipertensi Esensial,I10,tidak_menular,1060,Proyeksi (Model ML)
3512,Kabupaten Situbondo,2026,Q2,2026-Q2,rawat_jalan,Hipertensi Esensial,I10,tidak_menular,1112,Proyeksi (Model ML)
3512,Kabupaten Situbondo,2026,Q3,2026-Q3,rawat_jalan,Hipertensi Esensial,I10,tidak_menular,1140,Proyeksi (Model ML)
3512,Kabupaten Situbondo,2026,Q4,2026-Q4,rawat_jalan,Hipertensi Esensial,I10,tidak_menular,1071,Proyeksi (Model ML)
3512,Kabupaten Situbondo,2026,Q1,2026-Q1,rawat_jalan,Infeksi Saluran Pernapasan Akut (ISPA),J06,menular,1043,Proyeksi (Model ML)
3512,Kabupaten Situbondo,2026,Q2,2026-Q2,rawat_jalan,Infeksi Saluran Pernapasan Akut (ISPA),J06,menular,1046,Proyeksi (Model ML)
3512,Kabupaten Situbondo,2026,Q3,2026-Q3,rawat_jalan,Infeksi Saluran Pernapasan Akut (ISPA),J06,menular,1128,Proyeksi (Model ML)
3512,Kabupaten Situbondo,2026,Q4,2026-Q4,rawat_jalan,Infeksi Saluran Pernapasan Akut (ISPA),J06,menular,1085,Proyeksi (Model ML)
3513,Kabupaten Probolinggo,2026,Q1,2026-Q1,rawat_inap,Demam Berdarah Dengue (DBD),A90,menular,594,Proyeksi (Model ML)
3513,Kabupaten Probolinggo,2026,Q2,2026-Q2,rawat_inap,Demam Berdarah Dengue (DBD),A90,menular,569,Proyeksi (Model ML)
3513,Kabupaten Probolinggo,2026,Q3,2026-Q3,rawat_inap,Demam Berdarah Dengue (DBD),A90,menular,561,Proyeksi (Model ML)
3513,Kabupaten Probolinggo,2026,Q4,2026-Q4,rawat_inap,Demam Berdarah Dengue (DBD),A90,menular,580,Proyeksi (Model ML)
3513,Kabupaten Probolinggo,2026,Q1,2026-Q1,rawat_inap,Penyakit Jantung Iskemik,I25,tidak_menular,336,Proyeksi (Model ML)
3513,Kabupaten Probolinggo,2026,Q2,2026-Q2,rawat_inap,Penyakit Jantung Iskemik,I25,tidak_menular,348,Proyeksi (Model ML)
3513,Kabupaten Probolinggo,2026,Q3,2026-Q3,rawat_inap,Penyakit Jantung Iskemik,I25,tidak_menular,321,Proyeksi (Model ML)
3513,Kabupaten Probolinggo,2026,Q4,2026-Q4,rawat_inap,Penyakit Jantung Iskemik,I25,tidak_menular,339,Proyeksi (Model ML)
3513,Kabupaten Probolinggo,2026,Q1,2026-Q1,rawat_inap,Pneumonia,J18,menular,223,Proyeksi (Model ML)
3513,Kabupaten Probolinggo,2026,Q2,2026-Q2,rawat_inap,Pneumonia,J18,menular,209,Proyeksi (Model ML)
3513,Kabupaten Probolinggo,2026,Q3,2026-Q3,rawat_inap,Pneumonia,J18,menular,227,Proyeksi (Model ML)
3513,Kabupaten Probolinggo,2026,Q4,2026-Q4,rawat_inap,Pneumonia,J18,menular,200,Proyeksi (Model ML)
3513,Kabupaten Probolinggo,2026,Q1,2026-Q1,rawat_inap,Tuberkulosis Paru (TB),A15,menular,377,Proyeksi (Model ML)
3513,Kabupaten Probolinggo,2026,Q2,2026-Q2,rawat_inap,Tuberkulosis Paru (TB),A15,menular,325,Proyeksi (Model ML)
3513,Kabupaten Probolinggo,2026,Q3,2026-Q3,rawat_inap,Tuberkulosis Paru (TB),A15,menular,309,Proyeksi (Model ML)
3513,Kabupaten Probolinggo,2026,Q4,2026-Q4,rawat_inap,Tuberkulosis Paru (TB),A15,menular,309,Proyeksi (Model ML)
3513,Kabupaten Probolinggo,2026,Q1,2026-Q1,rawat_jalan,Demam Tifoid,A01,menular,428,Proyeksi (Model ML)
3513,Kabupaten Probolinggo,2026,Q2,2026-Q2,rawat_jalan,Demam Tifoid,A01,menular,398,Proyeksi (Model ML)
3513,Kabupaten Probolinggo,2026,Q3,2026-Q3,rawat_jalan,Demam Tifoid,A01,menular,429,Proyeksi (Model ML)
3513,Kabupaten Probolinggo,2026,Q4,2026-Q4,rawat_jalan,Demam Tifoid,A01,menular,394,Proyeksi (Model ML)
3513,Kabupaten Probolinggo,2026,Q1,2026-Q1,rawat_jalan,Diabetes Melitus Tipe 2,E11,tidak_menular,994,Proyeksi (Model ML)
3513,Kabupaten Probolinggo,2026,Q2,2026-Q2,rawat_jalan,Diabetes Melitus Tipe 2,E11,tidak_menular,1077,Proyeksi (Model ML)
3513,Kabupaten Probolinggo,2026,Q3,2026-Q3,rawat_jalan,Diabetes Melitus Tipe 2,E11,tidak_menular,1048,Proyeksi (Model ML)
3513,Kabupaten Probolinggo,2026,Q4,2026-Q4,rawat_jalan,Diabetes Melitus Tipe 2,E11,tidak_menular,1028,Proyeksi (Model ML)
3513,Kabupaten Probolinggo,2026,Q1,2026-Q1,rawat_jalan,Diare dan Gastroenteritis,A09,menular,837,Proyeksi (Model ML)
3513,Kabupaten Probolinggo,2026,Q2,2026-Q2,rawat_jalan,Diare dan Gastroenteritis,A09,menular,784,Proyeksi (Model ML)
3513,Kabupaten Probolinggo,2026,Q3,2026-Q3,rawat_jalan,Diare dan Gastroenteritis,A09,menular,866,Proyeksi (Model ML)
3513,Kabupaten Probolinggo,2026,Q4,2026-Q4,rawat_jalan,Diare dan Gastroenteritis,A09,menular,848,Proyeksi (Model ML)
3513,Kabupaten Probolinggo,2026,Q1,2026-Q1,rawat_jalan,Gastritis dan Duodenitis,K29,tidak_menular,725,Proyeksi (Model ML)
3513,Kabupaten Probolinggo,2026,Q2,2026-Q2,rawat_jalan,Gastritis dan Duodenitis,K29,tidak_menular,698,Proyeksi (Model ML)
3513,Kabupaten Probolinggo,2026,Q3,2026-Q3,rawat_jalan,Gastritis dan Duodenitis,K29,tidak_menular,720,Proyeksi (Model ML)
3513,Kabupaten Probolinggo,2026,Q4,2026-Q4,rawat_jalan,Gastritis dan Duodenitis,K29,tidak_menular,740,Proyeksi (Model ML)
3513,Kabupaten Probolinggo,2026,Q1,2026-Q1,rawat_jalan,Hipertensi Esensial,I10,tidak_menular,1591,Proyeksi (Model ML)
3513,Kabupaten Probolinggo,2026,Q2,2026-Q2,rawat_jalan,Hipertensi Esensial,I10,tidak_menular,1669,Proyeksi (Model ML)
3513,Kabupaten Probolinggo,2026,Q3,2026-Q3,rawat_jalan,Hipertensi Esensial,I10,tidak_menular,1710,Proyeksi (Model ML)
3513,Kabupaten Probolinggo,2026,Q4,2026-Q4,rawat_jalan,Hipertensi Esensial,I10,tidak_menular,1607,Proyeksi (Model ML)
3513,Kabupaten Probolinggo,2026,Q1,2026-Q1,rawat_jalan,Infeksi Saluran Pernapasan Akut (ISPA),J06,menular,1927,Proyeksi (Model ML)
3513,Kabupaten Probolinggo,2026,Q2,2026-Q2,rawat_jalan,Infeksi Saluran Pernapasan Akut (ISPA),J06,menular,1934,Proyeksi (Model ML)
3513,Kabupaten Probolinggo,2026,Q3,2026-Q3,rawat_jalan,Infeksi Saluran Pernapasan Akut (ISPA),J06,menular,2084,Proyeksi (Model ML)
3513,Kabupaten Probolinggo,2026,Q4,2026-Q4,rawat_jalan,Infeksi Saluran Pernapasan Akut (ISPA),J06,menular,2006,Proyeksi (Model ML)
3514,Kabupaten Pasuruan,2026,Q1,2026-Q1,rawat_inap,Demam Berdarah Dengue (DBD),A90,menular,614,Proyeksi (Model ML)
3514,Kabupaten Pasuruan,2026,Q2,2026-Q2,rawat_inap,Demam Berdarah Dengue (DBD),A90,menular,587,Proyeksi (Model ML)
3514,Kabupaten Pasuruan,2026,Q3,2026-Q3,rawat_inap,Demam Berdarah Dengue (DBD),A90,menular,579,Proyeksi (Model ML)
3514,Kabupaten Pasuruan,2026,Q4,2026-Q4,rawat_inap,Demam Berdarah Dengue (DBD),A90,menular,599,Proyeksi (Model ML)
3514,Kabupaten Pasuruan,2026,Q1,2026-Q1,rawat_inap,Penyakit Jantung Iskemik,I25,tidak_menular,585,Proyeksi (Model ML)
3514,Kabupaten Pasuruan,2026,Q2,2026-Q2,rawat_inap,Penyakit Jantung Iskemik,I25,tidak_menular,606,Proyeksi (Model ML)
3514,Kabupaten Pasuruan,2026,Q3,2026-Q3,rawat_inap,Penyakit Jantung Iskemik,I25,tidak_menular,559,Proyeksi (Model ML)
3514,Kabupaten Pasuruan,2026,Q4,2026-Q4,rawat_inap,Penyakit Jantung Iskemik,I25,tidak_menular,589,Proyeksi (Model ML)
3514,Kabupaten Pasuruan,2026,Q1,2026-Q1,rawat_inap,Pneumonia,J18,menular,461,Proyeksi (Model ML)
3514,Kabupaten Pasuruan,2026,Q2,2026-Q2,rawat_inap,Pneumonia,J18,menular,433,Proyeksi (Model ML)
3514,Kabupaten Pasuruan,2026,Q3,2026-Q3,rawat_inap,Pneumonia,J18,menular,470,Proyeksi (Model ML)
3514,Kabupaten Pasuruan,2026,Q4,2026-Q4,rawat_inap,Pneumonia,J18,menular,413,Proyeksi (Model ML)
3514,Kabupaten Pasuruan,2026,Q1,2026-Q1,rawat_inap,Tuberkulosis Paru (TB),A15,menular,504,Proyeksi (Model ML)
3514,Kabupaten Pasuruan,2026,Q2,2026-Q2,rawat_inap,Tuberkulosis Paru (TB),A15,menular,435,Proyeksi (Model ML)
3514,Kabupaten Pasuruan,2026,Q3,2026-Q3,rawat_inap,Tuberkulosis Paru (TB),A15,menular,413,Proyeksi (Model ML)
3514,Kabupaten Pasuruan,2026,Q4,2026-Q4,rawat_inap,Tuberkulosis Paru (TB),A15,menular,413,Proyeksi (Model ML)
3514,Kabupaten Pasuruan,2026,Q1,2026-Q1,rawat_jalan,Demam Tifoid,A01,menular,598,Proyeksi (Model ML)
3514,Kabupaten Pasuruan,2026,Q2,2026-Q2,rawat_jalan,Demam Tifoid,A01,menular,556,Proyeksi (Model ML)
3514,Kabupaten Pasuruan,2026,Q3,2026-Q3,rawat_jalan,Demam Tifoid,A01,menular,600,Proyeksi (Model ML)
3514,Kabupaten Pasuruan,2026,Q4,2026-Q4,rawat_jalan,Demam Tifoid,A01,menular,550,Proyeksi (Model ML)
3514,Kabupaten Pasuruan,2026,Q1,2026-Q1,rawat_jalan,Diabetes Melitus Tipe 2,E11,tidak_menular,1011,Proyeksi (Model ML)
3514,Kabupaten Pasuruan,2026,Q2,2026-Q2,rawat_jalan,Diabetes Melitus Tipe 2,E11,tidak_menular,1095,Proyeksi (Model ML)
3514,Kabupaten Pasuruan,2026,Q3,2026-Q3,rawat_jalan,Diabetes Melitus Tipe 2,E11,tidak_menular,1065,Proyeksi (Model ML)
3514,Kabupaten Pasuruan,2026,Q4,2026-Q4,rawat_jalan,Diabetes Melitus Tipe 2,E11,tidak_menular,1045,Proyeksi (Model ML)
3514,Kabupaten Pasuruan,2026,Q1,2026-Q1,rawat_jalan,Diare dan Gastroenteritis,A09,menular,1346,Proyeksi (Model ML)
3514,Kabupaten Pasuruan,2026,Q2,2026-Q2,rawat_jalan,Diare dan Gastroenteritis,A09,menular,1261,Proyeksi (Model ML)
3514,Kabupaten Pasuruan,2026,Q3,2026-Q3,rawat_jalan,Diare dan Gastroenteritis,A09,menular,1392,Proyeksi (Model ML)
3514,Kabupaten Pasuruan,2026,Q4,2026-Q4,rawat_jalan,Diare dan Gastroenteritis,A09,menular,1363,Proyeksi (Model ML)
3514,Kabupaten Pasuruan,2026,Q1,2026-Q1,rawat_jalan,Gastritis dan Duodenitis,K29,tidak_menular,1089,Proyeksi (Model ML)
3514,Kabupaten Pasuruan,2026,Q2,2026-Q2,rawat_jalan,Gastritis dan Duodenitis,K29,tidak_menular,1049,Proyeksi (Model ML)
3514,Kabupaten Pasuruan,2026,Q3,2026-Q3,rawat_jalan,Gastritis dan Duodenitis,K29,tidak_menular,1080,Proyeksi (Model ML)
3514,Kabupaten Pasuruan,2026,Q4,2026-Q4,rawat_jalan,Gastritis dan Duodenitis,K29,tidak_menular,1112,Proyeksi (Model ML)
3514,Kabupaten Pasuruan,2026,Q1,2026-Q1,rawat_jalan,Hipertensi Esensial,I10,tidak_menular,2124,Proyeksi (Model ML)
3514,Kabupaten Pasuruan,2026,Q2,2026-Q2,rawat_jalan,Hipertensi Esensial,I10,tidak_menular,2227,Proyeksi (Model ML)
3514,Kabupaten Pasuruan,2026,Q3,2026-Q3,rawat_jalan,Hipertensi Esensial,I10,tidak_menular,2283,Proyeksi (Model ML)
3514,Kabupaten Pasuruan,2026,Q4,2026-Q4,rawat_jalan,Hipertensi Esensial,I10,tidak_menular,2144,Proyeksi (Model ML)
3514,Kabupaten Pasuruan,2026,Q1,2026-Q1,rawat_jalan,Infeksi Saluran Pernapasan Akut (ISPA),J06,menular,2217,Proyeksi (Model ML)
3514,Kabupaten Pasuruan,2026,Q2,2026-Q2,rawat_jalan,Infeksi Saluran Pernapasan Akut (ISPA),J06,menular,2225,Proyeksi (Model ML)
3514,Kabupaten Pasuruan,2026,Q3,2026-Q3,rawat_jalan,Infeksi Saluran Pernapasan Akut (ISPA),J06,menular,2397,Proyeksi (Model ML)
3514,Kabupaten Pasuruan,2026,Q4,2026-Q4,rawat_jalan,Infeksi Saluran Pernapasan Akut (ISPA),J06,menular,2307,Proyeksi (Model ML)
3515,Kabupaten Sidoarjo,2026,Q1,2026-Q1,rawat_inap,Demam Berdarah Dengue (DBD),A90,menular,608,Proyeksi (Model ML)
3515,Kabupaten Sidoarjo,2026,Q2,2026-Q2,rawat_inap,Demam Berdarah Dengue (DBD),A90,menular,581,Proyeksi (Model ML)
3515,Kabupaten Sidoarjo,2026,Q3,2026-Q3,rawat_inap,Demam Berdarah Dengue (DBD),A90,menular,573,Proyeksi (Model ML)
3515,Kabupaten Sidoarjo,2026,Q4,2026-Q4,rawat_inap,Demam Berdarah Dengue (DBD),A90,menular,593,Proyeksi (Model ML)
3515,Kabupaten Sidoarjo,2026,Q1,2026-Q1,rawat_inap,Penyakit Jantung Iskemik,I25,tidak_menular,696,Proyeksi (Model ML)
3515,Kabupaten Sidoarjo,2026,Q2,2026-Q2,rawat_inap,Penyakit Jantung Iskemik,I25,tidak_menular,721,Proyeksi (Model ML)
3515,Kabupaten Sidoarjo,2026,Q3,2026-Q3,rawat_inap,Penyakit Jantung Iskemik,I25,tidak_menular,665,Proyeksi (Model ML)
3515,Kabupaten Sidoarjo,2026,Q4,2026-Q4,rawat_inap,Penyakit Jantung Iskemik,I25,tidak_menular,701,Proyeksi (Model ML)
3515,Kabupaten Sidoarjo,2026,Q1,2026-Q1,rawat_inap,Pneumonia,J18,menular,574,Proyeksi (Model ML)
3515,Kabupaten Sidoarjo,2026,Q2,2026-Q2,rawat_inap,Pneumonia,J18,menular,539,Proyeksi (Model ML)
3515,Kabupaten Sidoarjo,2026,Q3,2026-Q3,rawat_inap,Pneumonia,J18,menular,585,Proyeksi (Model ML)
3515,Kabupaten Sidoarjo,2026,Q4,2026-Q4,rawat_inap,Pneumonia,J18,menular,514,Proyeksi (Model ML)
3515,Kabupaten Sidoarjo,2026,Q1,2026-Q1,rawat_inap,Tuberkulosis Paru (TB),A15,menular,778,Proyeksi (Model ML)
3515,Kabupaten Sidoarjo,2026,Q2,2026-Q2,rawat_inap,Tuberkulosis Paru (TB),A15,menular,672,Proyeksi (Model ML)
3515,Kabupaten Sidoarjo,2026,Q3,2026-Q3,rawat_inap,Tuberkulosis Paru (TB),A15,menular,639,Proyeksi (Model ML)
3515,Kabupaten Sidoarjo,2026,Q4,2026-Q4,rawat_inap,Tuberkulosis Paru (TB),A15,menular,638,Proyeksi (Model ML)
3515,Kabupaten Sidoarjo,2026,Q1,2026-Q1,rawat_jalan,Demam Tifoid,A01,menular,798,Proyeksi (Model ML)
3515,Kabupaten Sidoarjo,2026,Q2,2026-Q2,rawat_jalan,Demam Tifoid,A01,menular,742,Proyeksi (Model ML)
3515,Kabupaten Sidoarjo,2026,Q3,2026-Q3,rawat_jalan,Demam Tifoid,A01,menular,800,Proyeksi (Model ML)
3515,Kabupaten Sidoarjo,2026,Q4,2026-Q4,rawat_jalan,Demam Tifoid,A01,menular,734,Proyeksi (Model ML)
3515,Kabupaten Sidoarjo,2026,Q1,2026-Q1,rawat_jalan,Diabetes Melitus Tipe 2,E11,tidak_menular,1791,Proyeksi (Model ML)
3515,Kabupaten Sidoarjo,2026,Q2,2026-Q2,rawat_jalan,Diabetes Melitus Tipe 2,E11,tidak_menular,1941,Proyeksi (Model ML)
3515,Kabupaten Sidoarjo,2026,Q3,2026-Q3,rawat_jalan,Diabetes Melitus Tipe 2,E11,tidak_menular,1887,Proyeksi (Model ML)
3515,Kabupaten Sidoarjo,2026,Q4,2026-Q4,rawat_jalan,Diabetes Melitus Tipe 2,E11,tidak_menular,1852,Proyeksi (Model ML)
3515,Kabupaten Sidoarjo,2026,Q1,2026-Q1,rawat_jalan,Diare dan Gastroenteritis,A09,menular,1635,Proyeksi (Model ML)
3515,Kabupaten Sidoarjo,2026,Q2,2026-Q2,rawat_jalan,Diare dan Gastroenteritis,A09,menular,1532,Proyeksi (Model ML)
3515,Kabupaten Sidoarjo,2026,Q3,2026-Q3,rawat_jalan,Diare dan Gastroenteritis,A09,menular,1692,Proyeksi (Model ML)
3515,Kabupaten Sidoarjo,2026,Q4,2026-Q4,rawat_jalan,Diare dan Gastroenteritis,A09,menular,1656,Proyeksi (Model ML)
3515,Kabupaten Sidoarjo,2026,Q1,2026-Q1,rawat_jalan,Gastritis dan Duodenitis,K29,tidak_menular,1500,Proyeksi (Model ML)
3515,Kabupaten Sidoarjo,2026,Q2,2026-Q2,rawat_jalan,Gastritis dan Duodenitis,K29,tidak_menular,1444,Proyeksi (Model ML)
3515,Kabupaten Sidoarjo,2026,Q3,2026-Q3,rawat_jalan,Gastritis dan Duodenitis,K29,tidak_menular,1488,Proyeksi (Model ML)
3515,Kabupaten Sidoarjo,2026,Q4,2026-Q4,rawat_jalan,Gastritis dan Duodenitis,K29,tidak_menular,1531,Proyeksi (Model ML)
3515,Kabupaten Sidoarjo,2026,Q1,2026-Q1,rawat_jalan,Hipertensi Esensial,I10,tidak_menular,2326,Proyeksi (Model ML)
3515,Kabupaten Sidoarjo,2026,Q2,2026-Q2,rawat_jalan,Hipertensi Esensial,I10,tidak_menular,2439,Proyeksi (Model ML)
3515,Kabupaten Sidoarjo,2026,Q3,2026-Q3,rawat_jalan,Hipertensi Esensial,I10,tidak_menular,2500,Proyeksi (Model ML)
3515,Kabupaten Sidoarjo,2026,Q4,2026-Q4,rawat_jalan,Hipertensi Esensial,I10,tidak_menular,2348,Proyeksi (Model ML)
3515,Kabupaten Sidoarjo,2026,Q1,2026-Q1,rawat_jalan,Infeksi Saluran Pernapasan Akut (ISPA),J06,menular,2748,Proyeksi (Model ML)
3515,Kabupaten Sidoarjo,2026,Q2,2026-Q2,rawat_jalan,Infeksi Saluran Pernapasan Akut (ISPA),J06,menular,2757,Proyeksi (Model ML)
3515,Kabupaten Sidoarjo,2026,Q3,2026-Q3,rawat_jalan,Infeksi Saluran Pernapasan Akut (ISPA),J06,menular,2972,Proyeksi (Model ML)
3515,Kabupaten Sidoarjo,2026,Q4,2026-Q4,rawat_jalan,Infeksi Saluran Pernapasan Akut (ISPA),J06,menular,2860,Proyeksi (Model ML)
3516,Kabupaten Mojokerto,2026,Q1,2026-Q1,rawat_inap,Demam Berdarah Dengue (DBD),A90,menular,469,Proyeksi (Model ML)
3516,Kabupaten Mojokerto,2026,Q2,2026-Q2,rawat_inap,Demam Berdarah Dengue (DBD),A90,menular,449,Proyeksi (Model ML)
3516,Kabupaten Mojokerto,2026,Q3,2026-Q3,rawat_inap,Demam Berdarah Dengue (DBD),A90,menular,443,Proyeksi (Model ML)
3516,Kabupaten Mojokerto,2026,Q4,2026-Q4,rawat_inap,Demam Berdarah Dengue (DBD),A90,menular,458,Proyeksi (Model ML)
3516,Kabupaten Mojokerto,2026,Q1,2026-Q1,rawat_inap,Penyakit Jantung Iskemik,I25,tidak_menular,344,Proyeksi (Model ML)
3516,Kabupaten Mojokerto,2026,Q2,2026-Q2,rawat_inap,Penyakit Jantung Iskemik,I25,tidak_menular,356,Proyeksi (Model ML)
3516,Kabupaten Mojokerto,2026,Q3,2026-Q3,rawat_inap,Penyakit Jantung Iskemik,I25,tidak_menular,329,Proyeksi (Model ML)
3516,Kabupaten Mojokerto,2026,Q4,2026-Q4,rawat_inap,Penyakit Jantung Iskemik,I25,tidak_menular,347,Proyeksi (Model ML)
3516,Kabupaten Mojokerto,2026,Q1,2026-Q1,rawat_inap,Pneumonia,J18,menular,307,Proyeksi (Model ML)
3516,Kabupaten Mojokerto,2026,Q2,2026-Q2,rawat_inap,Pneumonia,J18,menular,288,Proyeksi (Model ML)
3516,Kabupaten Mojokerto,2026,Q3,2026-Q3,rawat_inap,Pneumonia,J18,menular,313,Proyeksi (Model ML)
3516,Kabupaten Mojokerto,2026,Q4,2026-Q4,rawat_inap,Pneumonia,J18,menular,274,Proyeksi (Model ML)
3516,Kabupaten Mojokerto,2026,Q1,2026-Q1,rawat_inap,Tuberkulosis Paru (TB),A15,menular,414,Proyeksi (Model ML)
3516,Kabupaten Mojokerto,2026,Q2,2026-Q2,rawat_inap,Tuberkulosis Paru (TB),A15,menular,357,Proyeksi (Model ML)
3516,Kabupaten Mojokerto,2026,Q3,2026-Q3,rawat_inap,Tuberkulosis Paru (TB),A15,menular,340,Proyeksi (Model ML)
3516,Kabupaten Mojokerto,2026,Q4,2026-Q4,rawat_inap,Tuberkulosis Paru (TB),A15,menular,339,Proyeksi (Model ML)
3516,Kabupaten Mojokerto,2026,Q1,2026-Q1,rawat_jalan,Demam Tifoid,A01,menular,433,Proyeksi (Model ML)
3516,Kabupaten Mojokerto,2026,Q2,2026-Q2,rawat_jalan,Demam Tifoid,A01,menular,402,Proyeksi (Model ML)
3516,Kabupaten Mojokerto,2026,Q3,2026-Q3,rawat_jalan,Demam Tifoid,A01,menular,434,Proyeksi (Model ML)
3516,Kabupaten Mojokerto,2026,Q4,2026-Q4,rawat_jalan,Demam Tifoid,A01,menular,398,Proyeksi (Model ML)
3516,Kabupaten Mojokerto,2026,Q1,2026-Q1,rawat_jalan,Diabetes Melitus Tipe 2,E11,tidak_menular,907,Proyeksi (Model ML)
3516,Kabupaten Mojokerto,2026,Q2,2026-Q2,rawat_jalan,Diabetes Melitus Tipe 2,E11,tidak_menular,982,Proyeksi (Model ML)
3516,Kabupaten Mojokerto,2026,Q3,2026-Q3,rawat_jalan,Diabetes Melitus Tipe 2,E11,tidak_menular,955,Proyeksi (Model ML)
3516,Kabupaten Mojokerto,2026,Q4,2026-Q4,rawat_jalan,Diabetes Melitus Tipe 2,E11,tidak_menular,937,Proyeksi (Model ML)
3516,Kabupaten Mojokerto,2026,Q1,2026-Q1,rawat_jalan,Diare dan Gastroenteritis,A09,menular,953,Proyeksi (Model ML)
3516,Kabupaten Mojokerto,2026,Q2,2026-Q2,rawat_jalan,Diare dan Gastroenteritis,A09,menular,893,Proyeksi (Model ML)
3516,Kabupaten Mojokerto,2026,Q3,2026-Q3,rawat_jalan,Diare dan Gastroenteritis,A09,menular,986,Proyeksi (Model ML)
3516,Kabupaten Mojokerto,2026,Q4,2026-Q4,rawat_jalan,Diare dan Gastroenteritis,A09,menular,966,Proyeksi (Model ML)
3516,Kabupaten Mojokerto,2026,Q1,2026-Q1,rawat_jalan,Gastritis dan Duodenitis,K29,tidak_menular,593,Proyeksi (Model ML)
3516,Kabupaten Mojokerto,2026,Q2,2026-Q2,rawat_jalan,Gastritis dan Duodenitis,K29,tidak_menular,571,Proyeksi (Model ML)
3516,Kabupaten Mojokerto,2026,Q3,2026-Q3,rawat_jalan,Gastritis dan Duodenitis,K29,tidak_menular,588,Proyeksi (Model ML)
3516,Kabupaten Mojokerto,2026,Q4,2026-Q4,rawat_jalan,Gastritis dan Duodenitis,K29,tidak_menular,605,Proyeksi (Model ML)
3516,Kabupaten Mojokerto,2026,Q1,2026-Q1,rawat_jalan,Hipertensi Esensial,I10,tidak_menular,1220,Proyeksi (Model ML)
3516,Kabupaten Mojokerto,2026,Q2,2026-Q2,rawat_jalan,Hipertensi Esensial,I10,tidak_menular,1279,Proyeksi (Model ML)
3516,Kabupaten Mojokerto,2026,Q3,2026-Q3,rawat_jalan,Hipertensi Esensial,I10,tidak_menular,1311,Proyeksi (Model ML)
3516,Kabupaten Mojokerto,2026,Q4,2026-Q4,rawat_jalan,Hipertensi Esensial,I10,tidak_menular,1232,Proyeksi (Model ML)
3516,Kabupaten Mojokerto,2026,Q1,2026-Q1,rawat_jalan,Infeksi Saluran Pernapasan Akut (ISPA),J06,menular,1429,Proyeksi (Model ML)
3516,Kabupaten Mojokerto,2026,Q2,2026-Q2,rawat_jalan,Infeksi Saluran Pernapasan Akut (ISPA),J06,menular,1434,Proyeksi (Model ML)
3516,Kabupaten Mojokerto,2026,Q3,2026-Q3,rawat_jalan,Infeksi Saluran Pernapasan Akut (ISPA),J06,menular,1545,Proyeksi (Model ML)
3516,Kabupaten Mojokerto,2026,Q4,2026-Q4,rawat_jalan,Infeksi Saluran Pernapasan Akut (ISPA),J06,menular,1487,Proyeksi (Model ML)
3517,Kabupaten Jombang,2026,Q1,2026-Q1,rawat_inap,Demam Berdarah Dengue (DBD),A90,menular,445,Proyeksi (Model ML)
3517,Kabupaten Jombang,2026,Q2,2026-Q2,rawat_inap,Demam Berdarah Dengue (DBD),A90,menular,426,Proyeksi (Model ML)
3517,Kabupaten Jombang,2026,Q3,2026-Q3,rawat_inap,Demam Berdarah Dengue (DBD),A90,menular,420,Proyeksi (Model ML)
3517,Kabupaten Jombang,2026,Q4,2026-Q4,rawat_inap,Demam Berdarah Dengue (DBD),A90,menular,434,Proyeksi (Model ML)
3517,Kabupaten Jombang,2026,Q1,2026-Q1,rawat_inap,Penyakit Jantung Iskemik,I25,tidak_menular,401,Proyeksi (Model ML)
3517,Kabupaten Jombang,2026,Q2,2026-Q2,rawat_inap,Penyakit Jantung Iskemik,I25,tidak_menular,415,Proyeksi (Model ML)
3517,Kabupaten Jombang,2026,Q3,2026-Q3,rawat_inap,Penyakit Jantung Iskemik,I25,tidak_menular,382,Proyeksi (Model ML)
3517,Kabupaten Jombang,2026,Q4,2026-Q4,rawat_inap,Penyakit Jantung Iskemik,I25,tidak_menular,403,Proyeksi (Model ML)
3517,Kabupaten Jombang,2026,Q1,2026-Q1,rawat_inap,Pneumonia,J18,menular,368,Proyeksi (Model ML)
3517,Kabupaten Jombang,2026,Q2,2026-Q2,rawat_inap,Pneumonia,J18,menular,346,Proyeksi (Model ML)
3517,Kabupaten Jombang,2026,Q3,2026-Q3,rawat_inap,Pneumonia,J18,menular,376,Proyeksi (Model ML)
3517,Kabupaten Jombang,2026,Q4,2026-Q4,rawat_inap,Pneumonia,J18,menular,330,Proyeksi (Model ML)
3517,Kabupaten Jombang,2026,Q1,2026-Q1,rawat_inap,Tuberkulosis Paru (TB),A15,menular,356,Proyeksi (Model ML)
3517,Kabupaten Jombang,2026,Q2,2026-Q2,rawat_inap,Tuberkulosis Paru (TB),A15,menular,308,Proyeksi (Model ML)
3517,Kabupaten Jombang,2026,Q3,2026-Q3,rawat_inap,Tuberkulosis Paru (TB),A15,menular,292,Proyeksi (Model ML)
3517,Kabupaten Jombang,2026,Q4,2026-Q4,rawat_inap,Tuberkulosis Paru (TB),A15,menular,292,Proyeksi (Model ML)
3517,Kabupaten Jombang,2026,Q1,2026-Q1,rawat_jalan,Demam Tifoid,A01,menular,415,Proyeksi (Model ML)
3517,Kabupaten Jombang,2026,Q2,2026-Q2,rawat_jalan,Demam Tifoid,A01,menular,386,Proyeksi (Model ML)
3517,Kabupaten Jombang,2026,Q3,2026-Q3,rawat_jalan,Demam Tifoid,A01,menular,416,Proyeksi (Model ML)
3517,Kabupaten Jombang,2026,Q4,2026-Q4,rawat_jalan,Demam Tifoid,A01,menular,382,Proyeksi (Model ML)
3517,Kabupaten Jombang,2026,Q1,2026-Q1,rawat_jalan,Diabetes Melitus Tipe 2,E11,tidak_menular,901,Proyeksi (Model ML)
3517,Kabupaten Jombang,2026,Q2,2026-Q2,rawat_jalan,Diabetes Melitus Tipe 2,E11,tidak_menular,976,Proyeksi (Model ML)
3517,Kabupaten Jombang,2026,Q3,2026-Q3,rawat_jalan,Diabetes Melitus Tipe 2,E11,tidak_menular,950,Proyeksi (Model ML)
3517,Kabupaten Jombang,2026,Q4,2026-Q4,rawat_jalan,Diabetes Melitus Tipe 2,E11,tidak_menular,932,Proyeksi (Model ML)
3517,Kabupaten Jombang,2026,Q1,2026-Q1,rawat_jalan,Diare dan Gastroenteritis,A09,menular,1026,Proyeksi (Model ML)
3517,Kabupaten Jombang,2026,Q2,2026-Q2,rawat_jalan,Diare dan Gastroenteritis,A09,menular,962,Proyeksi (Model ML)
3517,Kabupaten Jombang,2026,Q3,2026-Q3,rawat_jalan,Diare dan Gastroenteritis,A09,menular,1062,Proyeksi (Model ML)
3517,Kabupaten Jombang,2026,Q4,2026-Q4,rawat_jalan,Diare dan Gastroenteritis,A09,menular,1040,Proyeksi (Model ML)
3517,Kabupaten Jombang,2026,Q1,2026-Q1,rawat_jalan,Gastritis dan Duodenitis,K29,tidak_menular,998,Proyeksi (Model ML)
3517,Kabupaten Jombang,2026,Q2,2026-Q2,rawat_jalan,Gastritis dan Duodenitis,K29,tidak_menular,960,Proyeksi (Model ML)
3517,Kabupaten Jombang,2026,Q3,2026-Q3,rawat_jalan,Gastritis dan Duodenitis,K29,tidak_menular,990,Proyeksi (Model ML)
3517,Kabupaten Jombang,2026,Q4,2026-Q4,rawat_jalan,Gastritis dan Duodenitis,K29,tidak_menular,1018,Proyeksi (Model ML)
3517,Kabupaten Jombang,2026,Q1,2026-Q1,rawat_jalan,Hipertensi Esensial,I10,tidak_menular,1548,Proyeksi (Model ML)
3517,Kabupaten Jombang,2026,Q2,2026-Q2,rawat_jalan,Hipertensi Esensial,I10,tidak_menular,1623,Proyeksi (Model ML)
3517,Kabupaten Jombang,2026,Q3,2026-Q3,rawat_jalan,Hipertensi Esensial,I10,tidak_menular,1664,Proyeksi (Model ML)
3517,Kabupaten Jombang,2026,Q4,2026-Q4,rawat_jalan,Hipertensi Esensial,I10,tidak_menular,1563,Proyeksi (Model ML)
3517,Kabupaten Jombang,2026,Q1,2026-Q1,rawat_jalan,Infeksi Saluran Pernapasan Akut (ISPA),J06,menular,1761,Proyeksi (Model ML)
3517,Kabupaten Jombang,2026,Q2,2026-Q2,rawat_jalan,Infeksi Saluran Pernapasan Akut (ISPA),J06,menular,1767,Proyeksi (Model ML)
3517,Kabupaten Jombang,2026,Q3,2026-Q3,rawat_jalan,Infeksi Saluran Pernapasan Akut (ISPA),J06,menular,1905,Proyeksi (Model ML)
3517,Kabupaten Jombang,2026,Q4,2026-Q4,rawat_jalan,Infeksi Saluran Pernapasan Akut (ISPA),J06,menular,1833,Proyeksi (Model ML)
3518,Kabupaten Nganjuk,2026,Q1,2026-Q1,rawat_inap,Demam Berdarah Dengue (DBD),A90,menular,397,Proyeksi (Model ML)
3518,Kabupaten Nganjuk,2026,Q2,2026-Q2,rawat_inap,Demam Berdarah Dengue (DBD),A90,menular,380,Proyeksi (Model ML)
3518,Kabupaten Nganjuk,2026,Q3,2026-Q3,rawat_inap,Demam Berdarah Dengue (DBD),A90,menular,375,Proyeksi (Model ML)
3518,Kabupaten Nganjuk,2026,Q4,2026-Q4,rawat_inap,Demam Berdarah Dengue (DBD),A90,menular,388,Proyeksi (Model ML)
3518,Kabupaten Nganjuk,2026,Q1,2026-Q1,rawat_inap,Penyakit Jantung Iskemik,I25,tidak_menular,355,Proyeksi (Model ML)
3518,Kabupaten Nganjuk,2026,Q2,2026-Q2,rawat_inap,Penyakit Jantung Iskemik,I25,tidak_menular,367,Proyeksi (Model ML)
3518,Kabupaten Nganjuk,2026,Q3,2026-Q3,rawat_inap,Penyakit Jantung Iskemik,I25,tidak_menular,339,Proyeksi (Model ML)
3518,Kabupaten Nganjuk,2026,Q4,2026-Q4,rawat_inap,Penyakit Jantung Iskemik,I25,tidak_menular,357,Proyeksi (Model ML)
3518,Kabupaten Nganjuk,2026,Q1,2026-Q1,rawat_inap,Pneumonia,J18,menular,187,Proyeksi (Model ML)
3518,Kabupaten Nganjuk,2026,Q2,2026-Q2,rawat_inap,Pneumonia,J18,menular,175,Proyeksi (Model ML)
3518,Kabupaten Nganjuk,2026,Q3,2026-Q3,rawat_inap,Pneumonia,J18,menular,190,Proyeksi (Model ML)
3518,Kabupaten Nganjuk,2026,Q4,2026-Q4,rawat_inap,Pneumonia,J18,menular,167,Proyeksi (Model ML)
3518,Kabupaten Nganjuk,2026,Q1,2026-Q1,rawat_inap,Tuberkulosis Paru (TB),A15,menular,304,Proyeksi (Model ML)
3518,Kabupaten Nganjuk,2026,Q2,2026-Q2,rawat_inap,Tuberkulosis Paru (TB),A15,menular,262,Proyeksi (Model ML)
3518,Kabupaten Nganjuk,2026,Q3,2026-Q3,rawat_inap,Tuberkulosis Paru (TB),A15,menular,249,Proyeksi (Model ML)
3518,Kabupaten Nganjuk,2026,Q4,2026-Q4,rawat_inap,Tuberkulosis Paru (TB),A15,menular,249,Proyeksi (Model ML)
3518,Kabupaten Nganjuk,2026,Q1,2026-Q1,rawat_jalan,Demam Tifoid,A01,menular,473,Proyeksi (Model ML)
3518,Kabupaten Nganjuk,2026,Q2,2026-Q2,rawat_jalan,Demam Tifoid,A01,menular,440,Proyeksi (Model ML)
3518,Kabupaten Nganjuk,2026,Q3,2026-Q3,rawat_jalan,Demam Tifoid,A01,menular,474,Proyeksi (Model ML)
3518,Kabupaten Nganjuk,2026,Q4,2026-Q4,rawat_jalan,Demam Tifoid,A01,menular,435,Proyeksi (Model ML)
3518,Kabupaten Nganjuk,2026,Q1,2026-Q1,rawat_jalan,Diabetes Melitus Tipe 2,E11,tidak_menular,856,Proyeksi (Model ML)
3518,Kabupaten Nganjuk,2026,Q2,2026-Q2,rawat_jalan,Diabetes Melitus Tipe 2,E11,tidak_menular,927,Proyeksi (Model ML)
3518,Kabupaten Nganjuk,2026,Q3,2026-Q3,rawat_jalan,Diabetes Melitus Tipe 2,E11,tidak_menular,902,Proyeksi (Model ML)
3518,Kabupaten Nganjuk,2026,Q4,2026-Q4,rawat_jalan,Diabetes Melitus Tipe 2,E11,tidak_menular,885,Proyeksi (Model ML)
3518,Kabupaten Nganjuk,2026,Q1,2026-Q1,rawat_jalan,Diare dan Gastroenteritis,A09,menular,715,Proyeksi (Model ML)
3518,Kabupaten Nganjuk,2026,Q2,2026-Q2,rawat_jalan,Diare dan Gastroenteritis,A09,menular,670,Proyeksi (Model ML)
3518,Kabupaten Nganjuk,2026,Q3,2026-Q3,rawat_jalan,Diare dan Gastroenteritis,A09,menular,740,Proyeksi (Model ML)
3518,Kabupaten Nganjuk,2026,Q4,2026-Q4,rawat_jalan,Diare dan Gastroenteritis,A09,menular,724,Proyeksi (Model ML)
3518,Kabupaten Nganjuk,2026,Q1,2026-Q1,rawat_jalan,Gastritis dan Duodenitis,K29,tidak_menular,880,Proyeksi (Model ML)
3518,Kabupaten Nganjuk,2026,Q2,2026-Q2,rawat_jalan,Gastritis dan Duodenitis,K29,tidak_menular,847,Proyeksi (Model ML)
3518,Kabupaten Nganjuk,2026,Q3,2026-Q3,rawat_jalan,Gastritis dan Duodenitis,K29,tidak_menular,873,Proyeksi (Model ML)
3518,Kabupaten Nganjuk,2026,Q4,2026-Q4,rawat_jalan,Gastritis dan Duodenitis,K29,tidak_menular,898,Proyeksi (Model ML)
3518,Kabupaten Nganjuk,2026,Q1,2026-Q1,rawat_jalan,Hipertensi Esensial,I10,tidak_menular,1511,Proyeksi (Model ML)
3518,Kabupaten Nganjuk,2026,Q2,2026-Q2,rawat_jalan,Hipertensi Esensial,I10,tidak_menular,1584,Proyeksi (Model ML)
3518,Kabupaten Nganjuk,2026,Q3,2026-Q3,rawat_jalan,Hipertensi Esensial,I10,tidak_menular,1624,Proyeksi (Model ML)
3518,Kabupaten Nganjuk,2026,Q4,2026-Q4,rawat_jalan,Hipertensi Esensial,I10,tidak_menular,1526,Proyeksi (Model ML)
3518,Kabupaten Nganjuk,2026,Q1,2026-Q1,rawat_jalan,Infeksi Saluran Pernapasan Akut (ISPA),J06,menular,1587,Proyeksi (Model ML)
3518,Kabupaten Nganjuk,2026,Q2,2026-Q2,rawat_jalan,Infeksi Saluran Pernapasan Akut (ISPA),J06,menular,1593,Proyeksi (Model ML)
3518,Kabupaten Nganjuk,2026,Q3,2026-Q3,rawat_jalan,Infeksi Saluran Pernapasan Akut (ISPA),J06,menular,1716,Proyeksi (Model ML)
3518,Kabupaten Nganjuk,2026,Q4,2026-Q4,rawat_jalan,Infeksi Saluran Pernapasan Akut (ISPA),J06,menular,1652,Proyeksi (Model ML)
3519,Kabupaten Madiun,2026,Q1,2026-Q1,rawat_inap,Demam Berdarah Dengue (DBD),A90,menular,274,Proyeksi (Model ML)
3519,Kabupaten Madiun,2026,Q2,2026-Q2,rawat_inap,Demam Berdarah Dengue (DBD),A90,menular,262,Proyeksi (Model ML)
3519,Kabupaten Madiun,2026,Q3,2026-Q3,rawat_inap,Demam Berdarah Dengue (DBD),A90,menular,259,Proyeksi (Model ML)
3519,Kabupaten Madiun,2026,Q4,2026-Q4,rawat_inap,Demam Berdarah Dengue (DBD),A90,menular,268,Proyeksi (Model ML)
3519,Kabupaten Madiun,2026,Q1,2026-Q1,rawat_inap,Penyakit Jantung Iskemik,I25,tidak_menular,205,Proyeksi (Model ML)
3519,Kabupaten Madiun,2026,Q2,2026-Q2,rawat_inap,Penyakit Jantung Iskemik,I25,tidak_menular,212,Proyeksi (Model ML)
3519,Kabupaten Madiun,2026,Q3,2026-Q3,rawat_inap,Penyakit Jantung Iskemik,I25,tidak_menular,196,Proyeksi (Model ML)
3519,Kabupaten Madiun,2026,Q4,2026-Q4,rawat_inap,Penyakit Jantung Iskemik,I25,tidak_menular,206,Proyeksi (Model ML)
3519,Kabupaten Madiun,2026,Q1,2026-Q1,rawat_inap,Pneumonia,J18,menular,217,Proyeksi (Model ML)
3519,Kabupaten Madiun,2026,Q2,2026-Q2,rawat_inap,Pneumonia,J18,menular,204,Proyeksi (Model ML)
3519,Kabupaten Madiun,2026,Q3,2026-Q3,rawat_inap,Pneumonia,J18,menular,221,Proyeksi (Model ML)
3519,Kabupaten Madiun,2026,Q4,2026-Q4,rawat_inap,Pneumonia,J18,menular,194,Proyeksi (Model ML)
3519,Kabupaten Madiun,2026,Q1,2026-Q1,rawat_inap,Tuberkulosis Paru (TB),A15,menular,252,Proyeksi (Model ML)
3519,Kabupaten Madiun,2026,Q2,2026-Q2,rawat_inap,Tuberkulosis Paru (TB),A15,menular,217,Proyeksi (Model ML)
3519,Kabupaten Madiun,2026,Q3,2026-Q3,rawat_inap,Tuberkulosis Paru (TB),A15,menular,207,Proyeksi (Model ML)
3519,Kabupaten Madiun,2026,Q4,2026-Q4,rawat_inap,Tuberkulosis Paru (TB),A15,menular,206,Proyeksi (Model ML)
3519,Kabupaten Madiun,2026,Q1,2026-Q1,rawat_jalan,Demam Tifoid,A01,menular,321,Proyeksi (Model ML)
3519,Kabupaten Madiun,2026,Q2,2026-Q2,rawat_jalan,Demam Tifoid,A01,menular,299,Proyeksi (Model ML)
3519,Kabupaten Madiun,2026,Q3,2026-Q3,rawat_jalan,Demam Tifoid,A01,menular,322,Proyeksi (Model ML)
3519,Kabupaten Madiun,2026,Q4,2026-Q4,rawat_jalan,Demam Tifoid,A01,menular,296,Proyeksi (Model ML)
3519,Kabupaten Madiun,2026,Q1,2026-Q1,rawat_jalan,Diabetes Melitus Tipe 2,E11,tidak_menular,587,Proyeksi (Model ML)
3519,Kabupaten Madiun,2026,Q2,2026-Q2,rawat_jalan,Diabetes Melitus Tipe 2,E11,tidak_menular,636,Proyeksi (Model ML)
3519,Kabupaten Madiun,2026,Q3,2026-Q3,rawat_jalan,Diabetes Melitus Tipe 2,E11,tidak_menular,619,Proyeksi (Model ML)
3519,Kabupaten Madiun,2026,Q4,2026-Q4,rawat_jalan,Diabetes Melitus Tipe 2,E11,tidak_menular,607,Proyeksi (Model ML)
3519,Kabupaten Madiun,2026,Q1,2026-Q1,rawat_jalan,Diare dan Gastroenteritis,A09,menular,537,Proyeksi (Model ML)
3519,Kabupaten Madiun,2026,Q2,2026-Q2,rawat_jalan,Diare dan Gastroenteritis,A09,menular,503,Proyeksi (Model ML)
3519,Kabupaten Madiun,2026,Q3,2026-Q3,rawat_jalan,Diare dan Gastroenteritis,A09,menular,555,Proyeksi (Model ML)
3519,Kabupaten Madiun,2026,Q4,2026-Q4,rawat_jalan,Diare dan Gastroenteritis,A09,menular,544,Proyeksi (Model ML)
3519,Kabupaten Madiun,2026,Q1,2026-Q1,rawat_jalan,Gastritis dan Duodenitis,K29,tidak_menular,638,Proyeksi (Model ML)
3519,Kabupaten Madiun,2026,Q2,2026-Q2,rawat_jalan,Gastritis dan Duodenitis,K29,tidak_menular,614,Proyeksi (Model ML)
3519,Kabupaten Madiun,2026,Q3,2026-Q3,rawat_jalan,Gastritis dan Duodenitis,K29,tidak_menular,632,Proyeksi (Model ML)
3519,Kabupaten Madiun,2026,Q4,2026-Q4,rawat_jalan,Gastritis dan Duodenitis,K29,tidak_menular,651,Proyeksi (Model ML)
3519,Kabupaten Madiun,2026,Q1,2026-Q1,rawat_jalan,Hipertensi Esensial,I10,tidak_menular,932,Proyeksi (Model ML)
3519,Kabupaten Madiun,2026,Q2,2026-Q2,rawat_jalan,Hipertensi Esensial,I10,tidak_menular,978,Proyeksi (Model ML)
3519,Kabupaten Madiun,2026,Q3,2026-Q3,rawat_jalan,Hipertensi Esensial,I10,tidak_menular,1002,Proyeksi (Model ML)
3519,Kabupaten Madiun,2026,Q4,2026-Q4,rawat_jalan,Hipertensi Esensial,I10,tidak_menular,941,Proyeksi (Model ML)
3519,Kabupaten Madiun,2026,Q1,2026-Q1,rawat_jalan,Infeksi Saluran Pernapasan Akut (ISPA),J06,menular,1348,Proyeksi (Model ML)
3519,Kabupaten Madiun,2026,Q2,2026-Q2,rawat_jalan,Infeksi Saluran Pernapasan Akut (ISPA),J06,menular,1353,Proyeksi (Model ML)
3519,Kabupaten Madiun,2026,Q3,2026-Q3,rawat_jalan,Infeksi Saluran Pernapasan Akut (ISPA),J06,menular,1458,Proyeksi (Model ML)
3519,Kabupaten Madiun,2026,Q4,2026-Q4,rawat_jalan,Infeksi Saluran Pernapasan Akut (ISPA),J06,menular,1403,Proyeksi (Model ML)
3520,Kabupaten Magetan,2026,Q1,2026-Q1,rawat_inap,Demam Berdarah Dengue (DBD),A90,menular,378,Proyeksi (Model ML)
3520,Kabupaten Magetan,2026,Q2,2026-Q2,rawat_inap,Demam Berdarah Dengue (DBD),A90,menular,362,Proyeksi (Model ML)
3520,Kabupaten Magetan,2026,Q3,2026-Q3,rawat_inap,Demam Berdarah Dengue (DBD),A90,menular,356,Proyeksi (Model ML)
3520,Kabupaten Magetan,2026,Q4,2026-Q4,rawat_inap,Demam Berdarah Dengue (DBD),A90,menular,369,Proyeksi (Model ML)
3520,Kabupaten Magetan,2026,Q1,2026-Q1,rawat_inap,Penyakit Jantung Iskemik,I25,tidak_menular,159,Proyeksi (Model ML)
3520,Kabupaten Magetan,2026,Q2,2026-Q2,rawat_inap,Penyakit Jantung Iskemik,I25,tidak_menular,165,Proyeksi (Model ML)
3520,Kabupaten Magetan,2026,Q3,2026-Q3,rawat_inap,Penyakit Jantung Iskemik,I25,tidak_menular,152,Proyeksi (Model ML)
3520,Kabupaten Magetan,2026,Q4,2026-Q4,rawat_inap,Penyakit Jantung Iskemik,I25,tidak_menular,160,Proyeksi (Model ML)
3520,Kabupaten Magetan,2026,Q1,2026-Q1,rawat_inap,Pneumonia,J18,menular,182,Proyeksi (Model ML)
3520,Kabupaten Magetan,2026,Q2,2026-Q2,rawat_inap,Pneumonia,J18,menular,171,Proyeksi (Model ML)
3520,Kabupaten Magetan,2026,Q3,2026-Q3,rawat_inap,Pneumonia,J18,menular,185,Proyeksi (Model ML)
3520,Kabupaten Magetan,2026,Q4,2026-Q4,rawat_inap,Pneumonia,J18,menular,163,Proyeksi (Model ML)
3520,Kabupaten Magetan,2026,Q1,2026-Q1,rawat_inap,Tuberkulosis Paru (TB),A15,menular,247,Proyeksi (Model ML)
3520,Kabupaten Magetan,2026,Q2,2026-Q2,rawat_inap,Tuberkulosis Paru (TB),A15,menular,213,Proyeksi (Model ML)
3520,Kabupaten Magetan,2026,Q3,2026-Q3,rawat_inap,Tuberkulosis Paru (TB),A15,menular,202,Proyeksi (Model ML)
3520,Kabupaten Magetan,2026,Q4,2026-Q4,rawat_inap,Tuberkulosis Paru (TB),A15,menular,202,Proyeksi (Model ML)
3520,Kabupaten Magetan,2026,Q1,2026-Q1,rawat_jalan,Demam Tifoid,A01,menular,176,Proyeksi (Model ML)
3520,Kabupaten Magetan,2026,Q2,2026-Q2,rawat_jalan,Demam Tifoid,A01,menular,164,Proyeksi (Model ML)
3520,Kabupaten Magetan,2026,Q3,2026-Q3,rawat_jalan,Demam Tifoid,A01,menular,177,Proyeksi (Model ML)
3520,Kabupaten Magetan,2026,Q4,2026-Q4,rawat_jalan,Demam Tifoid,A01,menular,162,Proyeksi (Model ML)
3520,Kabupaten Magetan,2026,Q1,2026-Q1,rawat_jalan,Diabetes Melitus Tipe 2,E11,tidak_menular,535,Proyeksi (Model ML)
3520,Kabupaten Magetan,2026,Q2,2026-Q2,rawat_jalan,Diabetes Melitus Tipe 2,E11,tidak_menular,580,Proyeksi (Model ML)
3520,Kabupaten Magetan,2026,Q3,2026-Q3,rawat_jalan,Diabetes Melitus Tipe 2,E11,tidak_menular,564,Proyeksi (Model ML)
3520,Kabupaten Magetan,2026,Q4,2026-Q4,rawat_jalan,Diabetes Melitus Tipe 2,E11,tidak_menular,553,Proyeksi (Model ML)
3520,Kabupaten Magetan,2026,Q1,2026-Q1,rawat_jalan,Diare dan Gastroenteritis,A09,menular,545,Proyeksi (Model ML)
3520,Kabupaten Magetan,2026,Q2,2026-Q2,rawat_jalan,Diare dan Gastroenteritis,A09,menular,511,Proyeksi (Model ML)
3520,Kabupaten Magetan,2026,Q3,2026-Q3,rawat_jalan,Diare dan Gastroenteritis,A09,menular,564,Proyeksi (Model ML)
3520,Kabupaten Magetan,2026,Q4,2026-Q4,rawat_jalan,Diare dan Gastroenteritis,A09,menular,552,Proyeksi (Model ML)
3520,Kabupaten Magetan,2026,Q1,2026-Q1,rawat_jalan,Gastritis dan Duodenitis,K29,tidak_menular,429,Proyeksi (Model ML)
3520,Kabupaten Magetan,2026,Q2,2026-Q2,rawat_jalan,Gastritis dan Duodenitis,K29,tidak_menular,413,Proyeksi (Model ML)
3520,Kabupaten Magetan,2026,Q3,2026-Q3,rawat_jalan,Gastritis dan Duodenitis,K29,tidak_menular,425,Proyeksi (Model ML)
3520,Kabupaten Magetan,2026,Q4,2026-Q4,rawat_jalan,Gastritis dan Duodenitis,K29,tidak_menular,437,Proyeksi (Model ML)
3520,Kabupaten Magetan,2026,Q1,2026-Q1,rawat_jalan,Hipertensi Esensial,I10,tidak_menular,746,Proyeksi (Model ML)
3520,Kabupaten Magetan,2026,Q2,2026-Q2,rawat_jalan,Hipertensi Esensial,I10,tidak_menular,783,Proyeksi (Model ML)
3520,Kabupaten Magetan,2026,Q3,2026-Q3,rawat_jalan,Hipertensi Esensial,I10,tidak_menular,802,Proyeksi (Model ML)
3520,Kabupaten Magetan,2026,Q4,2026-Q4,rawat_jalan,Hipertensi Esensial,I10,tidak_menular,754,Proyeksi (Model ML)
3520,Kabupaten Magetan,2026,Q1,2026-Q1,rawat_jalan,Infeksi Saluran Pernapasan Akut (ISPA),J06,menular,1142,Proyeksi (Model ML)
3520,Kabupaten Magetan,2026,Q2,2026-Q2,rawat_jalan,Infeksi Saluran Pernapasan Akut (ISPA),J06,menular,1146,Proyeksi (Model ML)
3520,Kabupaten Magetan,2026,Q3,2026-Q3,rawat_jalan,Infeksi Saluran Pernapasan Akut (ISPA),J06,menular,1235,Proyeksi (Model ML)
3520,Kabupaten Magetan,2026,Q4,2026-Q4,rawat_jalan,Infeksi Saluran Pernapasan Akut (ISPA),J06,menular,1188,Proyeksi (Model ML)
3521,Kabupaten Ngawi,2026,Q1,2026-Q1,rawat_inap,Demam Berdarah Dengue (DBD),A90,menular,348,Proyeksi (Model ML)
3521,Kabupaten Ngawi,2026,Q2,2026-Q2,rawat_inap,Demam Berdarah Dengue (DBD),A90,menular,333,Proyeksi (Model ML)
3521,Kabupaten Ngawi,2026,Q3,2026-Q3,rawat_inap,Demam Berdarah Dengue (DBD),A90,menular,328,Proyeksi (Model ML)
3521,Kabupaten Ngawi,2026,Q4,2026-Q4,rawat_inap,Demam Berdarah Dengue (DBD),A90,menular,340,Proyeksi (Model ML)
3521,Kabupaten Ngawi,2026,Q1,2026-Q1,rawat_inap,Penyakit Jantung Iskemik,I25,tidak_menular,286,Proyeksi (Model ML)
3521,Kabupaten Ngawi,2026,Q2,2026-Q2,rawat_inap,Penyakit Jantung Iskemik,I25,tidak_menular,296,Proyeksi (Model ML)
3521,Kabupaten Ngawi,2026,Q3,2026-Q3,rawat_inap,Penyakit Jantung Iskemik,I25,tidak_menular,273,Proyeksi (Model ML)
3521,Kabupaten Ngawi,2026,Q4,2026-Q4,rawat_inap,Penyakit Jantung Iskemik,I25,tidak_menular,288,Proyeksi (Model ML)
3521,Kabupaten Ngawi,2026,Q1,2026-Q1,rawat_inap,Pneumonia,J18,menular,209,Proyeksi (Model ML)
3521,Kabupaten Ngawi,2026,Q2,2026-Q2,rawat_inap,Pneumonia,J18,menular,196,Proyeksi (Model ML)
3521,Kabupaten Ngawi,2026,Q3,2026-Q3,rawat_inap,Pneumonia,J18,menular,213,Proyeksi (Model ML)
3521,Kabupaten Ngawi,2026,Q4,2026-Q4,rawat_inap,Pneumonia,J18,menular,187,Proyeksi (Model ML)
3521,Kabupaten Ngawi,2026,Q1,2026-Q1,rawat_inap,Tuberkulosis Paru (TB),A15,menular,327,Proyeksi (Model ML)
3521,Kabupaten Ngawi,2026,Q2,2026-Q2,rawat_inap,Tuberkulosis Paru (TB),A15,menular,282,Proyeksi (Model ML)
3521,Kabupaten Ngawi,2026,Q3,2026-Q3,rawat_inap,Tuberkulosis Paru (TB),A15,menular,268,Proyeksi (Model ML)
3521,Kabupaten Ngawi,2026,Q4,2026-Q4,rawat_inap,Tuberkulosis Paru (TB),A15,menular,268,Proyeksi (Model ML)
3521,Kabupaten Ngawi,2026,Q1,2026-Q1,rawat_jalan,Demam Tifoid,A01,menular,268,Proyeksi (Model ML)
3521,Kabupaten Ngawi,2026,Q2,2026-Q2,rawat_jalan,Demam Tifoid,A01,menular,249,Proyeksi (Model ML)
3521,Kabupaten Ngawi,2026,Q3,2026-Q3,rawat_jalan,Demam Tifoid,A01,menular,269,Proyeksi (Model ML)
3521,Kabupaten Ngawi,2026,Q4,2026-Q4,rawat_jalan,Demam Tifoid,A01,menular,247,Proyeksi (Model ML)
3521,Kabupaten Ngawi,2026,Q1,2026-Q1,rawat_jalan,Diabetes Melitus Tipe 2,E11,tidak_menular,556,Proyeksi (Model ML)
3521,Kabupaten Ngawi,2026,Q2,2026-Q2,rawat_jalan,Diabetes Melitus Tipe 2,E11,tidak_menular,603,Proyeksi (Model ML)
3521,Kabupaten Ngawi,2026,Q3,2026-Q3,rawat_jalan,Diabetes Melitus Tipe 2,E11,tidak_menular,586,Proyeksi (Model ML)
3521,Kabupaten Ngawi,2026,Q4,2026-Q4,rawat_jalan,Diabetes Melitus Tipe 2,E11,tidak_menular,575,Proyeksi (Model ML)
3521,Kabupaten Ngawi,2026,Q1,2026-Q1,rawat_jalan,Diare dan Gastroenteritis,A09,menular,732,Proyeksi (Model ML)
3521,Kabupaten Ngawi,2026,Q2,2026-Q2,rawat_jalan,Diare dan Gastroenteritis,A09,menular,686,Proyeksi (Model ML)
3521,Kabupaten Ngawi,2026,Q3,2026-Q3,rawat_jalan,Diare dan Gastroenteritis,A09,menular,758,Proyeksi (Model ML)
3521,Kabupaten Ngawi,2026,Q4,2026-Q4,rawat_jalan,Diare dan Gastroenteritis,A09,menular,742,Proyeksi (Model ML)
3521,Kabupaten Ngawi,2026,Q1,2026-Q1,rawat_jalan,Gastritis dan Duodenitis,K29,tidak_menular,429,Proyeksi (Model ML)
3521,Kabupaten Ngawi,2026,Q2,2026-Q2,rawat_jalan,Gastritis dan Duodenitis,K29,tidak_menular,413,Proyeksi (Model ML)
3521,Kabupaten Ngawi,2026,Q3,2026-Q3,rawat_jalan,Gastritis dan Duodenitis,K29,tidak_menular,426,Proyeksi (Model ML)
3521,Kabupaten Ngawi,2026,Q4,2026-Q4,rawat_jalan,Gastritis dan Duodenitis,K29,tidak_menular,438,Proyeksi (Model ML)
3521,Kabupaten Ngawi,2026,Q1,2026-Q1,rawat_jalan,Hipertensi Esensial,I10,tidak_menular,1013,Proyeksi (Model ML)
3521,Kabupaten Ngawi,2026,Q2,2026-Q2,rawat_jalan,Hipertensi Esensial,I10,tidak_menular,1062,Proyeksi (Model ML)
3521,Kabupaten Ngawi,2026,Q3,2026-Q3,rawat_jalan,Hipertensi Esensial,I10,tidak_menular,1089,Proyeksi (Model ML)
3521,Kabupaten Ngawi,2026,Q4,2026-Q4,rawat_jalan,Hipertensi Esensial,I10,tidak_menular,1023,Proyeksi (Model ML)
3521,Kabupaten Ngawi,2026,Q1,2026-Q1,rawat_jalan,Infeksi Saluran Pernapasan Akut (ISPA),J06,menular,1057,Proyeksi (Model ML)
3521,Kabupaten Ngawi,2026,Q2,2026-Q2,rawat_jalan,Infeksi Saluran Pernapasan Akut (ISPA),J06,menular,1061,Proyeksi (Model ML)
3521,Kabupaten Ngawi,2026,Q3,2026-Q3,rawat_jalan,Infeksi Saluran Pernapasan Akut (ISPA),J06,menular,1143,Proyeksi (Model ML)
3521,Kabupaten Ngawi,2026,Q4,2026-Q4,rawat_jalan,Infeksi Saluran Pernapasan Akut (ISPA),J06,menular,1100,Proyeksi (Model ML)
3522,Kabupaten Bojonegoro,2026,Q1,2026-Q1,rawat_inap,Demam Berdarah Dengue (DBD),A90,menular,709,Proyeksi (Model ML)
3522,Kabupaten Bojonegoro,2026,Q2,2026-Q2,rawat_inap,Demam Berdarah Dengue (DBD),A90,menular,679,Proyeksi (Model ML)
3522,Kabupaten Bojonegoro,2026,Q3,2026-Q3,rawat_inap,Demam Berdarah Dengue (DBD),A90,menular,669,Proyeksi (Model ML)
3522,Kabupaten Bojonegoro,2026,Q4,2026-Q4,rawat_inap,Demam Berdarah Dengue (DBD),A90,menular,692,Proyeksi (Model ML)
3522,Kabupaten Bojonegoro,2026,Q1,2026-Q1,rawat_inap,Penyakit Jantung Iskemik,I25,tidak_menular,359,Proyeksi (Model ML)
3522,Kabupaten Bojonegoro,2026,Q2,2026-Q2,rawat_inap,Penyakit Jantung Iskemik,I25,tidak_menular,372,Proyeksi (Model ML)
3522,Kabupaten Bojonegoro,2026,Q3,2026-Q3,rawat_inap,Penyakit Jantung Iskemik,I25,tidak_menular,343,Proyeksi (Model ML)
3522,Kabupaten Bojonegoro,2026,Q4,2026-Q4,rawat_inap,Penyakit Jantung Iskemik,I25,tidak_menular,362,Proyeksi (Model ML)
3522,Kabupaten Bojonegoro,2026,Q1,2026-Q1,rawat_inap,Pneumonia,J18,menular,230,Proyeksi (Model ML)
3522,Kabupaten Bojonegoro,2026,Q2,2026-Q2,rawat_inap,Pneumonia,J18,menular,216,Proyeksi (Model ML)
3522,Kabupaten Bojonegoro,2026,Q3,2026-Q3,rawat_inap,Pneumonia,J18,menular,235,Proyeksi (Model ML)
3522,Kabupaten Bojonegoro,2026,Q4,2026-Q4,rawat_inap,Pneumonia,J18,menular,206,Proyeksi (Model ML)
3522,Kabupaten Bojonegoro,2026,Q1,2026-Q1,rawat_inap,Tuberkulosis Paru (TB),A15,menular,345,Proyeksi (Model ML)
3522,Kabupaten Bojonegoro,2026,Q2,2026-Q2,rawat_inap,Tuberkulosis Paru (TB),A15,menular,298,Proyeksi (Model ML)
3522,Kabupaten Bojonegoro,2026,Q3,2026-Q3,rawat_inap,Tuberkulosis Paru (TB),A15,menular,283,Proyeksi (Model ML)
3522,Kabupaten Bojonegoro,2026,Q4,2026-Q4,rawat_inap,Tuberkulosis Paru (TB),A15,menular,282,Proyeksi (Model ML)
3522,Kabupaten Bojonegoro,2026,Q1,2026-Q1,rawat_jalan,Demam Tifoid,A01,menular,448,Proyeksi (Model ML)
3522,Kabupaten Bojonegoro,2026,Q2,2026-Q2,rawat_jalan,Demam Tifoid,A01,menular,416,Proyeksi (Model ML)
3522,Kabupaten Bojonegoro,2026,Q3,2026-Q3,rawat_jalan,Demam Tifoid,A01,menular,449,Proyeksi (Model ML)
3522,Kabupaten Bojonegoro,2026,Q4,2026-Q4,rawat_jalan,Demam Tifoid,A01,menular,412,Proyeksi (Model ML)
3522,Kabupaten Bojonegoro,2026,Q1,2026-Q1,rawat_jalan,Diabetes Melitus Tipe 2,E11,tidak_menular,1075,Proyeksi (Model ML)
3522,Kabupaten Bojonegoro,2026,Q2,2026-Q2,rawat_jalan,Diabetes Melitus Tipe 2,E11,tidak_menular,1165,Proyeksi (Model ML)
3522,Kabupaten Bojonegoro,2026,Q3,2026-Q3,rawat_jalan,Diabetes Melitus Tipe 2,E11,tidak_menular,1133,Proyeksi (Model ML)
3522,Kabupaten Bojonegoro,2026,Q4,2026-Q4,rawat_jalan,Diabetes Melitus Tipe 2,E11,tidak_menular,1112,Proyeksi (Model ML)
3522,Kabupaten Bojonegoro,2026,Q1,2026-Q1,rawat_jalan,Diare dan Gastroenteritis,A09,menular,1009,Proyeksi (Model ML)
3522,Kabupaten Bojonegoro,2026,Q2,2026-Q2,rawat_jalan,Diare dan Gastroenteritis,A09,menular,946,Proyeksi (Model ML)
3522,Kabupaten Bojonegoro,2026,Q3,2026-Q3,rawat_jalan,Diare dan Gastroenteritis,A09,menular,1045,Proyeksi (Model ML)
3522,Kabupaten Bojonegoro,2026,Q4,2026-Q4,rawat_jalan,Diare dan Gastroenteritis,A09,menular,1023,Proyeksi (Model ML)
3522,Kabupaten Bojonegoro,2026,Q1,2026-Q1,rawat_jalan,Gastritis dan Duodenitis,K29,tidak_menular,1043,Proyeksi (Model ML)
3522,Kabupaten Bojonegoro,2026,Q2,2026-Q2,rawat_jalan,Gastritis dan Duodenitis,K29,tidak_menular,1004,Proyeksi (Model ML)
3522,Kabupaten Bojonegoro,2026,Q3,2026-Q3,rawat_jalan,Gastritis dan Duodenitis,K29,tidak_menular,1034,Proyeksi (Model ML)
3522,Kabupaten Bojonegoro,2026,Q4,2026-Q4,rawat_jalan,Gastritis dan Duodenitis,K29,tidak_menular,1064,Proyeksi (Model ML)
3522,Kabupaten Bojonegoro,2026,Q1,2026-Q1,rawat_jalan,Hipertensi Esensial,I10,tidak_menular,1675,Proyeksi (Model ML)
3522,Kabupaten Bojonegoro,2026,Q2,2026-Q2,rawat_jalan,Hipertensi Esensial,I10,tidak_menular,1757,Proyeksi (Model ML)
3522,Kabupaten Bojonegoro,2026,Q3,2026-Q3,rawat_jalan,Hipertensi Esensial,I10,tidak_menular,1801,Proyeksi (Model ML)
3522,Kabupaten Bojonegoro,2026,Q4,2026-Q4,rawat_jalan,Hipertensi Esensial,I10,tidak_menular,1691,Proyeksi (Model ML)
3522,Kabupaten Bojonegoro,2026,Q1,2026-Q1,rawat_jalan,Infeksi Saluran Pernapasan Akut (ISPA),J06,menular,1618,Proyeksi (Model ML)
3522,Kabupaten Bojonegoro,2026,Q2,2026-Q2,rawat_jalan,Infeksi Saluran Pernapasan Akut (ISPA),J06,menular,1624,Proyeksi (Model ML)
3522,Kabupaten Bojonegoro,2026,Q3,2026-Q3,rawat_jalan,Infeksi Saluran Pernapasan Akut (ISPA),J06,menular,1750,Proyeksi (Model ML)
3522,Kabupaten Bojonegoro,2026,Q4,2026-Q4,rawat_jalan,Infeksi Saluran Pernapasan Akut (ISPA),J06,menular,1684,Proyeksi (Model ML)
3523,Kabupaten Tuban,2026,Q1,2026-Q1,rawat_inap,Demam Berdarah Dengue (DBD),A90,menular,408,Proyeksi (Model ML)
3523,Kabupaten Tuban,2026,Q2,2026-Q2,rawat_inap,Demam Berdarah Dengue (DBD),A90,menular,390,Proyeksi (Model ML)
3523,Kabupaten Tuban,2026,Q3,2026-Q3,rawat_inap,Demam Berdarah Dengue (DBD),A90,menular,384,Proyeksi (Model ML)
3523,Kabupaten Tuban,2026,Q4,2026-Q4,rawat_inap,Demam Berdarah Dengue (DBD),A90,menular,398,Proyeksi (Model ML)
3523,Kabupaten Tuban,2026,Q1,2026-Q1,rawat_inap,Penyakit Jantung Iskemik,I25,tidak_menular,382,Proyeksi (Model ML)
3523,Kabupaten Tuban,2026,Q2,2026-Q2,rawat_inap,Penyakit Jantung Iskemik,I25,tidak_menular,396,Proyeksi (Model ML)
3523,Kabupaten Tuban,2026,Q3,2026-Q3,rawat_inap,Penyakit Jantung Iskemik,I25,tidak_menular,365,Proyeksi (Model ML)
3523,Kabupaten Tuban,2026,Q4,2026-Q4,rawat_inap,Penyakit Jantung Iskemik,I25,tidak_menular,385,Proyeksi (Model ML)
3523,Kabupaten Tuban,2026,Q1,2026-Q1,rawat_inap,Pneumonia,J18,menular,395,Proyeksi (Model ML)
3523,Kabupaten Tuban,2026,Q2,2026-Q2,rawat_inap,Pneumonia,J18,menular,370,Proyeksi (Model ML)
3523,Kabupaten Tuban,2026,Q3,2026-Q3,rawat_inap,Pneumonia,J18,menular,402,Proyeksi (Model ML)
3523,Kabupaten Tuban,2026,Q4,2026-Q4,rawat_inap,Pneumonia,J18,menular,353,Proyeksi (Model ML)
3523,Kabupaten Tuban,2026,Q1,2026-Q1,rawat_inap,Tuberkulosis Paru (TB),A15,menular,428,Proyeksi (Model ML)
3523,Kabupaten Tuban,2026,Q2,2026-Q2,rawat_inap,Tuberkulosis Paru (TB),A15,menular,370,Proyeksi (Model ML)
3523,Kabupaten Tuban,2026,Q3,2026-Q3,rawat_inap,Tuberkulosis Paru (TB),A15,menular,351,Proyeksi (Model ML)
3523,Kabupaten Tuban,2026,Q4,2026-Q4,rawat_inap,Tuberkulosis Paru (TB),A15,menular,351,Proyeksi (Model ML)
3523,Kabupaten Tuban,2026,Q1,2026-Q1,rawat_jalan,Demam Tifoid,A01,menular,527,Proyeksi (Model ML)
3523,Kabupaten Tuban,2026,Q2,2026-Q2,rawat_jalan,Demam Tifoid,A01,menular,490,Proyeksi (Model ML)
3523,Kabupaten Tuban,2026,Q3,2026-Q3,rawat_jalan,Demam Tifoid,A01,menular,528,Proyeksi (Model ML)
3523,Kabupaten Tuban,2026,Q4,2026-Q4,rawat_jalan,Demam Tifoid,A01,menular,485,Proyeksi (Model ML)
3523,Kabupaten Tuban,2026,Q1,2026-Q1,rawat_jalan,Diabetes Melitus Tipe 2,E11,tidak_menular,924,Proyeksi (Model ML)
3523,Kabupaten Tuban,2026,Q2,2026-Q2,rawat_jalan,Diabetes Melitus Tipe 2,E11,tidak_menular,1001,Proyeksi (Model ML)
3523,Kabupaten Tuban,2026,Q3,2026-Q3,rawat_jalan,Diabetes Melitus Tipe 2,E11,tidak_menular,973,Proyeksi (Model ML)
3523,Kabupaten Tuban,2026,Q4,2026-Q4,rawat_jalan,Diabetes Melitus Tipe 2,E11,tidak_menular,955,Proyeksi (Model ML)
3523,Kabupaten Tuban,2026,Q1,2026-Q1,rawat_jalan,Diare dan Gastroenteritis,A09,menular,858,Proyeksi (Model ML)
3523,Kabupaten Tuban,2026,Q2,2026-Q2,rawat_jalan,Diare dan Gastroenteritis,A09,menular,804,Proyeksi (Model ML)
3523,Kabupaten Tuban,2026,Q3,2026-Q3,rawat_jalan,Diare dan Gastroenteritis,A09,menular,887,Proyeksi (Model ML)
3523,Kabupaten Tuban,2026,Q4,2026-Q4,rawat_jalan,Diare dan Gastroenteritis,A09,menular,869,Proyeksi (Model ML)
3523,Kabupaten Tuban,2026,Q1,2026-Q1,rawat_jalan,Gastritis dan Duodenitis,K29,tidak_menular,705,Proyeksi (Model ML)
3523,Kabupaten Tuban,2026,Q2,2026-Q2,rawat_jalan,Gastritis dan Duodenitis,K29,tidak_menular,679,Proyeksi (Model ML)
3523,Kabupaten Tuban,2026,Q3,2026-Q3,rawat_jalan,Gastritis dan Duodenitis,K29,tidak_menular,700,Proyeksi (Model ML)
3523,Kabupaten Tuban,2026,Q4,2026-Q4,rawat_jalan,Gastritis dan Duodenitis,K29,tidak_menular,720,Proyeksi (Model ML)
3523,Kabupaten Tuban,2026,Q1,2026-Q1,rawat_jalan,Hipertensi Esensial,I10,tidak_menular,1326,Proyeksi (Model ML)
3523,Kabupaten Tuban,2026,Q2,2026-Q2,rawat_jalan,Hipertensi Esensial,I10,tidak_menular,1390,Proyeksi (Model ML)
3523,Kabupaten Tuban,2026,Q3,2026-Q3,rawat_jalan,Hipertensi Esensial,I10,tidak_menular,1425,Proyeksi (Model ML)
3523,Kabupaten Tuban,2026,Q4,2026-Q4,rawat_jalan,Hipertensi Esensial,I10,tidak_menular,1339,Proyeksi (Model ML)
3523,Kabupaten Tuban,2026,Q1,2026-Q1,rawat_jalan,Infeksi Saluran Pernapasan Akut (ISPA),J06,menular,1428,Proyeksi (Model ML)
3523,Kabupaten Tuban,2026,Q2,2026-Q2,rawat_jalan,Infeksi Saluran Pernapasan Akut (ISPA),J06,menular,1433,Proyeksi (Model ML)
3523,Kabupaten Tuban,2026,Q3,2026-Q3,rawat_jalan,Infeksi Saluran Pernapasan Akut (ISPA),J06,menular,1544,Proyeksi (Model ML)
3523,Kabupaten Tuban,2026,Q4,2026-Q4,rawat_jalan,Infeksi Saluran Pernapasan Akut (ISPA),J06,menular,1486,Proyeksi (Model ML)
3524,Kabupaten Lamongan,2026,Q1,2026-Q1,rawat_inap,Demam Berdarah Dengue (DBD),A90,menular,534,Proyeksi (Model ML)
3524,Kabupaten Lamongan,2026,Q2,2026-Q2,rawat_inap,Demam Berdarah Dengue (DBD),A90,menular,511,Proyeksi (Model ML)
3524,Kabupaten Lamongan,2026,Q3,2026-Q3,rawat_inap,Demam Berdarah Dengue (DBD),A90,menular,503,Proyeksi (Model ML)
3524,Kabupaten Lamongan,2026,Q4,2026-Q4,rawat_inap,Demam Berdarah Dengue (DBD),A90,menular,521,Proyeksi (Model ML)
3524,Kabupaten Lamongan,2026,Q1,2026-Q1,rawat_inap,Penyakit Jantung Iskemik,I25,tidak_menular,468,Proyeksi (Model ML)
3524,Kabupaten Lamongan,2026,Q2,2026-Q2,rawat_inap,Penyakit Jantung Iskemik,I25,tidak_menular,484,Proyeksi (Model ML)
3524,Kabupaten Lamongan,2026,Q3,2026-Q3,rawat_inap,Penyakit Jantung Iskemik,I25,tidak_menular,446,Proyeksi (Model ML)
3524,Kabupaten Lamongan,2026,Q4,2026-Q4,rawat_inap,Penyakit Jantung Iskemik,I25,tidak_menular,471,Proyeksi (Model ML)
3524,Kabupaten Lamongan,2026,Q1,2026-Q1,rawat_inap,Pneumonia,J18,menular,271,Proyeksi (Model ML)
3524,Kabupaten Lamongan,2026,Q2,2026-Q2,rawat_inap,Pneumonia,J18,menular,254,Proyeksi (Model ML)
3524,Kabupaten Lamongan,2026,Q3,2026-Q3,rawat_inap,Pneumonia,J18,menular,276,Proyeksi (Model ML)
3524,Kabupaten Lamongan,2026,Q4,2026-Q4,rawat_inap,Pneumonia,J18,menular,242,Proyeksi (Model ML)
3524,Kabupaten Lamongan,2026,Q1,2026-Q1,rawat_inap,Tuberkulosis Paru (TB),A15,menular,460,Proyeksi (Model ML)
3524,Kabupaten Lamongan,2026,Q2,2026-Q2,rawat_inap,Tuberkulosis Paru (TB),A15,menular,397,Proyeksi (Model ML)
3524,Kabupaten Lamongan,2026,Q3,2026-Q3,rawat_inap,Tuberkulosis Paru (TB),A15,menular,378,Proyeksi (Model ML)
3524,Kabupaten Lamongan,2026,Q4,2026-Q4,rawat_inap,Tuberkulosis Paru (TB),A15,menular,377,Proyeksi (Model ML)
3524,Kabupaten Lamongan,2026,Q1,2026-Q1,rawat_jalan,Demam Tifoid,A01,menular,469,Proyeksi (Model ML)
3524,Kabupaten Lamongan,2026,Q2,2026-Q2,rawat_jalan,Demam Tifoid,A01,menular,436,Proyeksi (Model ML)
3524,Kabupaten Lamongan,2026,Q3,2026-Q3,rawat_jalan,Demam Tifoid,A01,menular,470,Proyeksi (Model ML)
3524,Kabupaten Lamongan,2026,Q4,2026-Q4,rawat_jalan,Demam Tifoid,A01,menular,431,Proyeksi (Model ML)
3524,Kabupaten Lamongan,2026,Q1,2026-Q1,rawat_jalan,Diabetes Melitus Tipe 2,E11,tidak_menular,1091,Proyeksi (Model ML)
3524,Kabupaten Lamongan,2026,Q2,2026-Q2,rawat_jalan,Diabetes Melitus Tipe 2,E11,tidak_menular,1182,Proyeksi (Model ML)
3524,Kabupaten Lamongan,2026,Q3,2026-Q3,rawat_jalan,Diabetes Melitus Tipe 2,E11,tidak_menular,1149,Proyeksi (Model ML)
3524,Kabupaten Lamongan,2026,Q4,2026-Q4,rawat_jalan,Diabetes Melitus Tipe 2,E11,tidak_menular,1128,Proyeksi (Model ML)
3524,Kabupaten Lamongan,2026,Q1,2026-Q1,rawat_jalan,Diare dan Gastroenteritis,A09,menular,1225,Proyeksi (Model ML)
3524,Kabupaten Lamongan,2026,Q2,2026-Q2,rawat_jalan,Diare dan Gastroenteritis,A09,menular,1148,Proyeksi (Model ML)
3524,Kabupaten Lamongan,2026,Q3,2026-Q3,rawat_jalan,Diare dan Gastroenteritis,A09,menular,1268,Proyeksi (Model ML)
3524,Kabupaten Lamongan,2026,Q4,2026-Q4,rawat_jalan,Diare dan Gastroenteritis,A09,menular,1241,Proyeksi (Model ML)
3524,Kabupaten Lamongan,2026,Q1,2026-Q1,rawat_jalan,Gastritis dan Duodenitis,K29,tidak_menular,716,Proyeksi (Model ML)
3524,Kabupaten Lamongan,2026,Q2,2026-Q2,rawat_jalan,Gastritis dan Duodenitis,K29,tidak_menular,689,Proyeksi (Model ML)
3524,Kabupaten Lamongan,2026,Q3,2026-Q3,rawat_jalan,Gastritis dan Duodenitis,K29,tidak_menular,710,Proyeksi (Model ML)
3524,Kabupaten Lamongan,2026,Q4,2026-Q4,rawat_jalan,Gastritis dan Duodenitis,K29,tidak_menular,731,Proyeksi (Model ML)
3524,Kabupaten Lamongan,2026,Q1,2026-Q1,rawat_jalan,Hipertensi Esensial,I10,tidak_menular,1749,Proyeksi (Model ML)
3524,Kabupaten Lamongan,2026,Q2,2026-Q2,rawat_jalan,Hipertensi Esensial,I10,tidak_menular,1834,Proyeksi (Model ML)
3524,Kabupaten Lamongan,2026,Q3,2026-Q3,rawat_jalan,Hipertensi Esensial,I10,tidak_menular,1880,Proyeksi (Model ML)
3524,Kabupaten Lamongan,2026,Q4,2026-Q4,rawat_jalan,Hipertensi Esensial,I10,tidak_menular,1765,Proyeksi (Model ML)
3524,Kabupaten Lamongan,2026,Q1,2026-Q1,rawat_jalan,Infeksi Saluran Pernapasan Akut (ISPA),J06,menular,2162,Proyeksi (Model ML)
3524,Kabupaten Lamongan,2026,Q2,2026-Q2,rawat_jalan,Infeksi Saluran Pernapasan Akut (ISPA),J06,menular,2170,Proyeksi (Model ML)
3524,Kabupaten Lamongan,2026,Q3,2026-Q3,rawat_jalan,Infeksi Saluran Pernapasan Akut (ISPA),J06,menular,2338,Proyeksi (Model ML)
3524,Kabupaten Lamongan,2026,Q4,2026-Q4,rawat_jalan,Infeksi Saluran Pernapasan Akut (ISPA),J06,menular,2250,Proyeksi (Model ML)
3525,Kabupaten Gresik,2026,Q1,2026-Q1,rawat_inap,Demam Berdarah Dengue (DBD),A90,menular,499,Proyeksi (Model ML)
3525,Kabupaten Gresik,2026,Q2,2026-Q2,rawat_inap,Demam Berdarah Dengue (DBD),A90,menular,478,Proyeksi (Model ML)
3525,Kabupaten Gresik,2026,Q3,2026-Q3,rawat_inap,Demam Berdarah Dengue (DBD),A90,menular,471,Proyeksi (Model ML)
3525,Kabupaten Gresik,2026,Q4,2026-Q4,rawat_inap,Demam Berdarah Dengue (DBD),A90,menular,487,Proyeksi (Model ML)
3525,Kabupaten Gresik,2026,Q1,2026-Q1,rawat_inap,Penyakit Jantung Iskemik,I25,tidak_menular,394,Proyeksi (Model ML)
3525,Kabupaten Gresik,2026,Q2,2026-Q2,rawat_inap,Penyakit Jantung Iskemik,I25,tidak_menular,407,Proyeksi (Model ML)
3525,Kabupaten Gresik,2026,Q3,2026-Q3,rawat_inap,Penyakit Jantung Iskemik,I25,tidak_menular,376,Proyeksi (Model ML)
3525,Kabupaten Gresik,2026,Q4,2026-Q4,rawat_inap,Penyakit Jantung Iskemik,I25,tidak_menular,396,Proyeksi (Model ML)
3525,Kabupaten Gresik,2026,Q1,2026-Q1,rawat_inap,Pneumonia,J18,menular,326,Proyeksi (Model ML)
3525,Kabupaten Gresik,2026,Q2,2026-Q2,rawat_inap,Pneumonia,J18,menular,306,Proyeksi (Model ML)
3525,Kabupaten Gresik,2026,Q3,2026-Q3,rawat_inap,Pneumonia,J18,menular,332,Proyeksi (Model ML)
3525,Kabupaten Gresik,2026,Q4,2026-Q4,rawat_inap,Pneumonia,J18,menular,292,Proyeksi (Model ML)
3525,Kabupaten Gresik,2026,Q1,2026-Q1,rawat_inap,Tuberkulosis Paru (TB),A15,menular,537,Proyeksi (Model ML)
3525,Kabupaten Gresik,2026,Q2,2026-Q2,rawat_inap,Tuberkulosis Paru (TB),A15,menular,463,Proyeksi (Model ML)
3525,Kabupaten Gresik,2026,Q3,2026-Q3,rawat_inap,Tuberkulosis Paru (TB),A15,menular,440,Proyeksi (Model ML)
3525,Kabupaten Gresik,2026,Q4,2026-Q4,rawat_inap,Tuberkulosis Paru (TB),A15,menular,440,Proyeksi (Model ML)
3525,Kabupaten Gresik,2026,Q1,2026-Q1,rawat_jalan,Demam Tifoid,A01,menular,491,Proyeksi (Model ML)
3525,Kabupaten Gresik,2026,Q2,2026-Q2,rawat_jalan,Demam Tifoid,A01,menular,456,Proyeksi (Model ML)
3525,Kabupaten Gresik,2026,Q3,2026-Q3,rawat_jalan,Demam Tifoid,A01,menular,492,Proyeksi (Model ML)
3525,Kabupaten Gresik,2026,Q4,2026-Q4,rawat_jalan,Demam Tifoid,A01,menular,451,Proyeksi (Model ML)
3525,Kabupaten Gresik,2026,Q1,2026-Q1,rawat_jalan,Diabetes Melitus Tipe 2,E11,tidak_menular,940,Proyeksi (Model ML)
3525,Kabupaten Gresik,2026,Q2,2026-Q2,rawat_jalan,Diabetes Melitus Tipe 2,E11,tidak_menular,1019,Proyeksi (Model ML)
3525,Kabupaten Gresik,2026,Q3,2026-Q3,rawat_jalan,Diabetes Melitus Tipe 2,E11,tidak_menular,991,Proyeksi (Model ML)
3525,Kabupaten Gresik,2026,Q4,2026-Q4,rawat_jalan,Diabetes Melitus Tipe 2,E11,tidak_menular,972,Proyeksi (Model ML)
3525,Kabupaten Gresik,2026,Q1,2026-Q1,rawat_jalan,Diare dan Gastroenteritis,A09,menular,1111,Proyeksi (Model ML)
3525,Kabupaten Gresik,2026,Q2,2026-Q2,rawat_jalan,Diare dan Gastroenteritis,A09,menular,1041,Proyeksi (Model ML)
3525,Kabupaten Gresik,2026,Q3,2026-Q3,rawat_jalan,Diare dan Gastroenteritis,A09,menular,1150,Proyeksi (Model ML)
3525,Kabupaten Gresik,2026,Q4,2026-Q4,rawat_jalan,Diare dan Gastroenteritis,A09,menular,1126,Proyeksi (Model ML)
3525,Kabupaten Gresik,2026,Q1,2026-Q1,rawat_jalan,Gastritis dan Duodenitis,K29,tidak_menular,785,Proyeksi (Model ML)
3525,Kabupaten Gresik,2026,Q2,2026-Q2,rawat_jalan,Gastritis dan Duodenitis,K29,tidak_menular,755,Proyeksi (Model ML)
3525,Kabupaten Gresik,2026,Q3,2026-Q3,rawat_jalan,Gastritis dan Duodenitis,K29,tidak_menular,778,Proyeksi (Model ML)
3525,Kabupaten Gresik,2026,Q4,2026-Q4,rawat_jalan,Gastritis dan Duodenitis,K29,tidak_menular,801,Proyeksi (Model ML)
3525,Kabupaten Gresik,2026,Q1,2026-Q1,rawat_jalan,Hipertensi Esensial,I10,tidak_menular,1640,Proyeksi (Model ML)
3525,Kabupaten Gresik,2026,Q2,2026-Q2,rawat_jalan,Hipertensi Esensial,I10,tidak_menular,1720,Proyeksi (Model ML)
3525,Kabupaten Gresik,2026,Q3,2026-Q3,rawat_jalan,Hipertensi Esensial,I10,tidak_menular,1763,Proyeksi (Model ML)
3525,Kabupaten Gresik,2026,Q4,2026-Q4,rawat_jalan,Hipertensi Esensial,I10,tidak_menular,1656,Proyeksi (Model ML)
3525,Kabupaten Gresik,2026,Q1,2026-Q1,rawat_jalan,Infeksi Saluran Pernapasan Akut (ISPA),J06,menular,1747,Proyeksi (Model ML)
3525,Kabupaten Gresik,2026,Q2,2026-Q2,rawat_jalan,Infeksi Saluran Pernapasan Akut (ISPA),J06,menular,1753,Proyeksi (Model ML)
3525,Kabupaten Gresik,2026,Q3,2026-Q3,rawat_jalan,Infeksi Saluran Pernapasan Akut (ISPA),J06,menular,1890,Proyeksi (Model ML)
3525,Kabupaten Gresik,2026,Q4,2026-Q4,rawat_jalan,Infeksi Saluran Pernapasan Akut (ISPA),J06,menular,1818,Proyeksi (Model ML)
3526,Kabupaten Bangkalan,2026,Q1,2026-Q1,rawat_inap,Demam Berdarah Dengue (DBD),A90,menular,469,Proyeksi (Model ML)
3526,Kabupaten Bangkalan,2026,Q2,2026-Q2,rawat_inap,Demam Berdarah Dengue (DBD),A90,menular,449,Proyeksi (Model ML)
3526,Kabupaten Bangkalan,2026,Q3,2026-Q3,rawat_inap,Demam Berdarah Dengue (DBD),A90,menular,442,Proyeksi (Model ML)
3526,Kabupaten Bangkalan,2026,Q4,2026-Q4,rawat_inap,Demam Berdarah Dengue (DBD),A90,menular,458,Proyeksi (Model ML)
3526,Kabupaten Bangkalan,2026,Q1,2026-Q1,rawat_inap,Penyakit Jantung Iskemik,I25,tidak_menular,288,Proyeksi (Model ML)
3526,Kabupaten Bangkalan,2026,Q2,2026-Q2,rawat_inap,Penyakit Jantung Iskemik,I25,tidak_menular,298,Proyeksi (Model ML)
3526,Kabupaten Bangkalan,2026,Q3,2026-Q3,rawat_inap,Penyakit Jantung Iskemik,I25,tidak_menular,275,Proyeksi (Model ML)
3526,Kabupaten Bangkalan,2026,Q4,2026-Q4,rawat_inap,Penyakit Jantung Iskemik,I25,tidak_menular,290,Proyeksi (Model ML)
3526,Kabupaten Bangkalan,2026,Q1,2026-Q1,rawat_inap,Pneumonia,J18,menular,277,Proyeksi (Model ML)
3526,Kabupaten Bangkalan,2026,Q2,2026-Q2,rawat_inap,Pneumonia,J18,menular,260,Proyeksi (Model ML)
3526,Kabupaten Bangkalan,2026,Q3,2026-Q3,rawat_inap,Pneumonia,J18,menular,282,Proyeksi (Model ML)
3526,Kabupaten Bangkalan,2026,Q4,2026-Q4,rawat_inap,Pneumonia,J18,menular,248,Proyeksi (Model ML)
3526,Kabupaten Bangkalan,2026,Q1,2026-Q1,rawat_inap,Tuberkulosis Paru (TB),A15,menular,314,Proyeksi (Model ML)
3526,Kabupaten Bangkalan,2026,Q2,2026-Q2,rawat_inap,Tuberkulosis Paru (TB),A15,menular,271,Proyeksi (Model ML)
3526,Kabupaten Bangkalan,2026,Q3,2026-Q3,rawat_inap,Tuberkulosis Paru (TB),A15,menular,257,Proyeksi (Model ML)
3526,Kabupaten Bangkalan,2026,Q4,2026-Q4,rawat_inap,Tuberkulosis Paru (TB),A15,menular,257,Proyeksi (Model ML)
3526,Kabupaten Bangkalan,2026,Q1,2026-Q1,rawat_jalan,Demam Tifoid,A01,menular,453,Proyeksi (Model ML)
3526,Kabupaten Bangkalan,2026,Q2,2026-Q2,rawat_jalan,Demam Tifoid,A01,menular,421,Proyeksi (Model ML)
3526,Kabupaten Bangkalan,2026,Q3,2026-Q3,rawat_jalan,Demam Tifoid,A01,menular,454,Proyeksi (Model ML)
3526,Kabupaten Bangkalan,2026,Q4,2026-Q4,rawat_jalan,Demam Tifoid,A01,menular,416,Proyeksi (Model ML)
3526,Kabupaten Bangkalan,2026,Q1,2026-Q1,rawat_jalan,Diabetes Melitus Tipe 2,E11,tidak_menular,721,Proyeksi (Model ML)
3526,Kabupaten Bangkalan,2026,Q2,2026-Q2,rawat_jalan,Diabetes Melitus Tipe 2,E11,tidak_menular,781,Proyeksi (Model ML)
3526,Kabupaten Bangkalan,2026,Q3,2026-Q3,rawat_jalan,Diabetes Melitus Tipe 2,E11,tidak_menular,760,Proyeksi (Model ML)
3526,Kabupaten Bangkalan,2026,Q4,2026-Q4,rawat_jalan,Diabetes Melitus Tipe 2,E11,tidak_menular,746,Proyeksi (Model ML)
3526,Kabupaten Bangkalan,2026,Q1,2026-Q1,rawat_jalan,Diare dan Gastroenteritis,A09,menular,822,Proyeksi (Model ML)
3526,Kabupaten Bangkalan,2026,Q2,2026-Q2,rawat_jalan,Diare dan Gastroenteritis,A09,menular,770,Proyeksi (Model ML)
3526,Kabupaten Bangkalan,2026,Q3,2026-Q3,rawat_jalan,Diare dan Gastroenteritis,A09,menular,851,Proyeksi (Model ML)
3526,Kabupaten Bangkalan,2026,Q4,2026-Q4,rawat_jalan,Diare dan Gastroenteritis,A09,menular,833,Proyeksi (Model ML)
3526,Kabupaten Bangkalan,2026,Q1,2026-Q1,rawat_jalan,Gastritis dan Duodenitis,K29,tidak_menular,810,Proyeksi (Model ML)
3526,Kabupaten Bangkalan,2026,Q2,2026-Q2,rawat_jalan,Gastritis dan Duodenitis,K29,tidak_menular,779,Proyeksi (Model ML)
3526,Kabupaten Bangkalan,2026,Q3,2026-Q3,rawat_jalan,Gastritis dan Duodenitis,K29,tidak_menular,803,Proyeksi (Model ML)
3526,Kabupaten Bangkalan,2026,Q4,2026-Q4,rawat_jalan,Gastritis dan Duodenitis,K29,tidak_menular,826,Proyeksi (Model ML)
3526,Kabupaten Bangkalan,2026,Q1,2026-Q1,rawat_jalan,Hipertensi Esensial,I10,tidak_menular,1237,Proyeksi (Model ML)
3526,Kabupaten Bangkalan,2026,Q2,2026-Q2,rawat_jalan,Hipertensi Esensial,I10,tidak_menular,1297,Proyeksi (Model ML)
3526,Kabupaten Bangkalan,2026,Q3,2026-Q3,rawat_jalan,Hipertensi Esensial,I10,tidak_menular,1329,Proyeksi (Model ML)
3526,Kabupaten Bangkalan,2026,Q4,2026-Q4,rawat_jalan,Hipertensi Esensial,I10,tidak_menular,1249,Proyeksi (Model ML)
3526,Kabupaten Bangkalan,2026,Q1,2026-Q1,rawat_jalan,Infeksi Saluran Pernapasan Akut (ISPA),J06,menular,1433,Proyeksi (Model ML)
3526,Kabupaten Bangkalan,2026,Q2,2026-Q2,rawat_jalan,Infeksi Saluran Pernapasan Akut (ISPA),J06,menular,1438,Proyeksi (Model ML)
3526,Kabupaten Bangkalan,2026,Q3,2026-Q3,rawat_jalan,Infeksi Saluran Pernapasan Akut (ISPA),J06,menular,1550,Proyeksi (Model ML)
3526,Kabupaten Bangkalan,2026,Q4,2026-Q4,rawat_jalan,Infeksi Saluran Pernapasan Akut (ISPA),J06,menular,1491,Proyeksi (Model ML)
3527,Kabupaten Sampang,2026,Q1,2026-Q1,rawat_inap,Demam Berdarah Dengue (DBD),A90,menular,262,Proyeksi (Model ML)
3527,Kabupaten Sampang,2026,Q2,2026-Q2,rawat_inap,Demam Berdarah Dengue (DBD),A90,menular,251,Proyeksi (Model ML)
3527,Kabupaten Sampang,2026,Q3,2026-Q3,rawat_inap,Demam Berdarah Dengue (DBD),A90,menular,247,Proyeksi (Model ML)
3527,Kabupaten Sampang,2026,Q4,2026-Q4,rawat_inap,Demam Berdarah Dengue (DBD),A90,menular,256,Proyeksi (Model ML)
3527,Kabupaten Sampang,2026,Q1,2026-Q1,rawat_inap,Penyakit Jantung Iskemik,I25,tidak_menular,343,Proyeksi (Model ML)
3527,Kabupaten Sampang,2026,Q2,2026-Q2,rawat_inap,Penyakit Jantung Iskemik,I25,tidak_menular,355,Proyeksi (Model ML)
3527,Kabupaten Sampang,2026,Q3,2026-Q3,rawat_inap,Penyakit Jantung Iskemik,I25,tidak_menular,328,Proyeksi (Model ML)
3527,Kabupaten Sampang,2026,Q4,2026-Q4,rawat_inap,Penyakit Jantung Iskemik,I25,tidak_menular,346,Proyeksi (Model ML)
3527,Kabupaten Sampang,2026,Q1,2026-Q1,rawat_inap,Pneumonia,J18,menular,218,Proyeksi (Model ML)
3527,Kabupaten Sampang,2026,Q2,2026-Q2,rawat_inap,Pneumonia,J18,menular,204,Proyeksi (Model ML)
3527,Kabupaten Sampang,2026,Q3,2026-Q3,rawat_inap,Pneumonia,J18,menular,222,Proyeksi (Model ML)
3527,Kabupaten Sampang,2026,Q4,2026-Q4,rawat_inap,Pneumonia,J18,menular,195,Proyeksi (Model ML)
3527,Kabupaten Sampang,2026,Q1,2026-Q1,rawat_inap,Tuberkulosis Paru (TB),A15,menular,242,Proyeksi (Model ML)
3527,Kabupaten Sampang,2026,Q2,2026-Q2,rawat_inap,Tuberkulosis Paru (TB),A15,menular,209,Proyeksi (Model ML)
3527,Kabupaten Sampang,2026,Q3,2026-Q3,rawat_inap,Tuberkulosis Paru (TB),A15,menular,198,Proyeksi (Model ML)
3527,Kabupaten Sampang,2026,Q4,2026-Q4,rawat_inap,Tuberkulosis Paru (TB),A15,menular,198,Proyeksi (Model ML)
3527,Kabupaten Sampang,2026,Q1,2026-Q1,rawat_jalan,Demam Tifoid,A01,menular,355,Proyeksi (Model ML)
3527,Kabupaten Sampang,2026,Q2,2026-Q2,rawat_jalan,Demam Tifoid,A01,menular,330,Proyeksi (Model ML)
3527,Kabupaten Sampang,2026,Q3,2026-Q3,rawat_jalan,Demam Tifoid,A01,menular,356,Proyeksi (Model ML)
3527,Kabupaten Sampang,2026,Q4,2026-Q4,rawat_jalan,Demam Tifoid,A01,menular,327,Proyeksi (Model ML)
3527,Kabupaten Sampang,2026,Q1,2026-Q1,rawat_jalan,Diabetes Melitus Tipe 2,E11,tidak_menular,847,Proyeksi (Model ML)
3527,Kabupaten Sampang,2026,Q2,2026-Q2,rawat_jalan,Diabetes Melitus Tipe 2,E11,tidak_menular,918,Proyeksi (Model ML)
3527,Kabupaten Sampang,2026,Q3,2026-Q3,rawat_jalan,Diabetes Melitus Tipe 2,E11,tidak_menular,893,Proyeksi (Model ML)
3527,Kabupaten Sampang,2026,Q4,2026-Q4,rawat_jalan,Diabetes Melitus Tipe 2,E11,tidak_menular,876,Proyeksi (Model ML)
3527,Kabupaten Sampang,2026,Q1,2026-Q1,rawat_jalan,Diare dan Gastroenteritis,A09,menular,821,Proyeksi (Model ML)
3527,Kabupaten Sampang,2026,Q2,2026-Q2,rawat_jalan,Diare dan Gastroenteritis,A09,menular,770,Proyeksi (Model ML)
3527,Kabupaten Sampang,2026,Q3,2026-Q3,rawat_jalan,Diare dan Gastroenteritis,A09,menular,850,Proyeksi (Model ML)
3527,Kabupaten Sampang,2026,Q4,2026-Q4,rawat_jalan,Diare dan Gastroenteritis,A09,menular,832,Proyeksi (Model ML)
3527,Kabupaten Sampang,2026,Q1,2026-Q1,rawat_jalan,Gastritis dan Duodenitis,K29,tidak_menular,489,Proyeksi (Model ML)
3527,Kabupaten Sampang,2026,Q2,2026-Q2,rawat_jalan,Gastritis dan Duodenitis,K29,tidak_menular,471,Proyeksi (Model ML)
3527,Kabupaten Sampang,2026,Q3,2026-Q3,rawat_jalan,Gastritis dan Duodenitis,K29,tidak_menular,485,Proyeksi (Model ML)
3527,Kabupaten Sampang,2026,Q4,2026-Q4,rawat_jalan,Gastritis dan Duodenitis,K29,tidak_menular,499,Proyeksi (Model ML)
3527,Kabupaten Sampang,2026,Q1,2026-Q1,rawat_jalan,Hipertensi Esensial,I10,tidak_menular,1165,Proyeksi (Model ML)
3527,Kabupaten Sampang,2026,Q2,2026-Q2,rawat_jalan,Hipertensi Esensial,I10,tidak_menular,1222,Proyeksi (Model ML)
3527,Kabupaten Sampang,2026,Q3,2026-Q3,rawat_jalan,Hipertensi Esensial,I10,tidak_menular,1252,Proyeksi (Model ML)
3527,Kabupaten Sampang,2026,Q4,2026-Q4,rawat_jalan,Hipertensi Esensial,I10,tidak_menular,1176,Proyeksi (Model ML)
3527,Kabupaten Sampang,2026,Q1,2026-Q1,rawat_jalan,Infeksi Saluran Pernapasan Akut (ISPA),J06,menular,1271,Proyeksi (Model ML)
3527,Kabupaten Sampang,2026,Q2,2026-Q2,rawat_jalan,Infeksi Saluran Pernapasan Akut (ISPA),J06,menular,1275,Proyeksi (Model ML)
3527,Kabupaten Sampang,2026,Q3,2026-Q3,rawat_jalan,Infeksi Saluran Pernapasan Akut (ISPA),J06,menular,1375,Proyeksi (Model ML)
3527,Kabupaten Sampang,2026,Q4,2026-Q4,rawat_jalan,Infeksi Saluran Pernapasan Akut (ISPA),J06,menular,1323,Proyeksi (Model ML)
3528,Kabupaten Pamekasan,2026,Q1,2026-Q1,rawat_inap,Demam Berdarah Dengue (DBD),A90,menular,311,Proyeksi (Model ML)
3528,Kabupaten Pamekasan,2026,Q2,2026-Q2,rawat_inap,Demam Berdarah Dengue (DBD),A90,menular,298,Proyeksi (Model ML)
3528,Kabupaten Pamekasan,2026,Q3,2026-Q3,rawat_inap,Demam Berdarah Dengue (DBD),A90,menular,293,Proyeksi (Model ML)
3528,Kabupaten Pamekasan,2026,Q4,2026-Q4,rawat_inap,Demam Berdarah Dengue (DBD),A90,menular,304,Proyeksi (Model ML)
3528,Kabupaten Pamekasan,2026,Q1,2026-Q1,rawat_inap,Penyakit Jantung Iskemik,I25,tidak_menular,319,Proyeksi (Model ML)
3528,Kabupaten Pamekasan,2026,Q2,2026-Q2,rawat_inap,Penyakit Jantung Iskemik,I25,tidak_menular,331,Proyeksi (Model ML)
3528,Kabupaten Pamekasan,2026,Q3,2026-Q3,rawat_inap,Penyakit Jantung Iskemik,I25,tidak_menular,305,Proyeksi (Model ML)
3528,Kabupaten Pamekasan,2026,Q4,2026-Q4,rawat_inap,Penyakit Jantung Iskemik,I25,tidak_menular,322,Proyeksi (Model ML)
3528,Kabupaten Pamekasan,2026,Q1,2026-Q1,rawat_inap,Pneumonia,J18,menular,246,Proyeksi (Model ML)
3528,Kabupaten Pamekasan,2026,Q2,2026-Q2,rawat_inap,Pneumonia,J18,menular,231,Proyeksi (Model ML)
3528,Kabupaten Pamekasan,2026,Q3,2026-Q3,rawat_inap,Pneumonia,J18,menular,251,Proyeksi (Model ML)
3528,Kabupaten Pamekasan,2026,Q4,2026-Q4,rawat_inap,Pneumonia,J18,menular,220,Proyeksi (Model ML)
3528,Kabupaten Pamekasan,2026,Q1,2026-Q1,rawat_inap,Tuberkulosis Paru (TB),A15,menular,364,Proyeksi (Model ML)
3528,Kabupaten Pamekasan,2026,Q2,2026-Q2,rawat_inap,Tuberkulosis Paru (TB),A15,menular,314,Proyeksi (Model ML)
3528,Kabupaten Pamekasan,2026,Q3,2026-Q3,rawat_inap,Tuberkulosis Paru (TB),A15,menular,298,Proyeksi (Model ML)
3528,Kabupaten Pamekasan,2026,Q4,2026-Q4,rawat_inap,Tuberkulosis Paru (TB),A15,menular,298,Proyeksi (Model ML)
3528,Kabupaten Pamekasan,2026,Q1,2026-Q1,rawat_jalan,Demam Tifoid,A01,menular,302,Proyeksi (Model ML)
3528,Kabupaten Pamekasan,2026,Q2,2026-Q2,rawat_jalan,Demam Tifoid,A01,menular,281,Proyeksi (Model ML)
3528,Kabupaten Pamekasan,2026,Q3,2026-Q3,rawat_jalan,Demam Tifoid,A01,menular,303,Proyeksi (Model ML)
3528,Kabupaten Pamekasan,2026,Q4,2026-Q4,rawat_jalan,Demam Tifoid,A01,menular,278,Proyeksi (Model ML)
3528,Kabupaten Pamekasan,2026,Q1,2026-Q1,rawat_jalan,Diabetes Melitus Tipe 2,E11,tidak_menular,814,Proyeksi (Model ML)
3528,Kabupaten Pamekasan,2026,Q2,2026-Q2,rawat_jalan,Diabetes Melitus Tipe 2,E11,tidak_menular,882,Proyeksi (Model ML)
3528,Kabupaten Pamekasan,2026,Q3,2026-Q3,rawat_jalan,Diabetes Melitus Tipe 2,E11,tidak_menular,858,Proyeksi (Model ML)
3528,Kabupaten Pamekasan,2026,Q4,2026-Q4,rawat_jalan,Diabetes Melitus Tipe 2,E11,tidak_menular,842,Proyeksi (Model ML)
3528,Kabupaten Pamekasan,2026,Q1,2026-Q1,rawat_jalan,Diare dan Gastroenteritis,A09,menular,693,Proyeksi (Model ML)
3528,Kabupaten Pamekasan,2026,Q2,2026-Q2,rawat_jalan,Diare dan Gastroenteritis,A09,menular,649,Proyeksi (Model ML)
3528,Kabupaten Pamekasan,2026,Q3,2026-Q3,rawat_jalan,Diare dan Gastroenteritis,A09,menular,717,Proyeksi (Model ML)
3528,Kabupaten Pamekasan,2026,Q4,2026-Q4,rawat_jalan,Diare dan Gastroenteritis,A09,menular,702,Proyeksi (Model ML)
3528,Kabupaten Pamekasan,2026,Q1,2026-Q1,rawat_jalan,Gastritis dan Duodenitis,K29,tidak_menular,561,Proyeksi (Model ML)
3528,Kabupaten Pamekasan,2026,Q2,2026-Q2,rawat_jalan,Gastritis dan Duodenitis,K29,tidak_menular,540,Proyeksi (Model ML)
3528,Kabupaten Pamekasan,2026,Q3,2026-Q3,rawat_jalan,Gastritis dan Duodenitis,K29,tidak_menular,557,Proyeksi (Model ML)
3528,Kabupaten Pamekasan,2026,Q4,2026-Q4,rawat_jalan,Gastritis dan Duodenitis,K29,tidak_menular,573,Proyeksi (Model ML)
3528,Kabupaten Pamekasan,2026,Q1,2026-Q1,rawat_jalan,Hipertensi Esensial,I10,tidak_menular,982,Proyeksi (Model ML)
3528,Kabupaten Pamekasan,2026,Q2,2026-Q2,rawat_jalan,Hipertensi Esensial,I10,tidak_menular,1030,Proyeksi (Model ML)
3528,Kabupaten Pamekasan,2026,Q3,2026-Q3,rawat_jalan,Hipertensi Esensial,I10,tidak_menular,1055,Proyeksi (Model ML)
3528,Kabupaten Pamekasan,2026,Q4,2026-Q4,rawat_jalan,Hipertensi Esensial,I10,tidak_menular,991,Proyeksi (Model ML)
3528,Kabupaten Pamekasan,2026,Q1,2026-Q1,rawat_jalan,Infeksi Saluran Pernapasan Akut (ISPA),J06,menular,1317,Proyeksi (Model ML)
3528,Kabupaten Pamekasan,2026,Q2,2026-Q2,rawat_jalan,Infeksi Saluran Pernapasan Akut (ISPA),J06,menular,1322,Proyeksi (Model ML)
3528,Kabupaten Pamekasan,2026,Q3,2026-Q3,rawat_jalan,Infeksi Saluran Pernapasan Akut (ISPA),J06,menular,1424,Proyeksi (Model ML)
3528,Kabupaten Pamekasan,2026,Q4,2026-Q4,rawat_jalan,Infeksi Saluran Pernapasan Akut (ISPA),J06,menular,1371,Proyeksi (Model ML)
3529,Kabupaten Sumenep,2026,Q1,2026-Q1,rawat_inap,Demam Berdarah Dengue (DBD),A90,menular,502,Proyeksi (Model ML)
3529,Kabupaten Sumenep,2026,Q2,2026-Q2,rawat_inap,Demam Berdarah Dengue (DBD),A90,menular,481,Proyeksi (Model ML)
3529,Kabupaten Sumenep,2026,Q3,2026-Q3,rawat_inap,Demam Berdarah Dengue (DBD),A90,menular,474,Proyeksi (Model ML)
3529,Kabupaten Sumenep,2026,Q4,2026-Q4,rawat_inap,Demam Berdarah Dengue (DBD),A90,menular,490,Proyeksi (Model ML)
3529,Kabupaten Sumenep,2026,Q1,2026-Q1,rawat_inap,Penyakit Jantung Iskemik,I25,tidak_menular,384,Proyeksi (Model ML)
3529,Kabupaten Sumenep,2026,Q2,2026-Q2,rawat_inap,Penyakit Jantung Iskemik,I25,tidak_menular,398,Proyeksi (Model ML)
3529,Kabupaten Sumenep,2026,Q3,2026-Q3,rawat_inap,Penyakit Jantung Iskemik,I25,tidak_menular,367,Proyeksi (Model ML)
3529,Kabupaten Sumenep,2026,Q4,2026-Q4,rawat_inap,Penyakit Jantung Iskemik,I25,tidak_menular,387,Proyeksi (Model ML)
3529,Kabupaten Sumenep,2026,Q1,2026-Q1,rawat_inap,Pneumonia,J18,menular,232,Proyeksi (Model ML)
3529,Kabupaten Sumenep,2026,Q2,2026-Q2,rawat_inap,Pneumonia,J18,menular,218,Proyeksi (Model ML)
3529,Kabupaten Sumenep,2026,Q3,2026-Q3,rawat_inap,Pneumonia,J18,menular,236,Proyeksi (Model ML)
3529,Kabupaten Sumenep,2026,Q4,2026-Q4,rawat_inap,Pneumonia,J18,menular,207,Proyeksi (Model ML)
3529,Kabupaten Sumenep,2026,Q1,2026-Q1,rawat_inap,Tuberkulosis Paru (TB),A15,menular,540,Proyeksi (Model ML)
3529,Kabupaten Sumenep,2026,Q2,2026-Q2,rawat_inap,Tuberkulosis Paru (TB),A15,menular,466,Proyeksi (Model ML)
3529,Kabupaten Sumenep,2026,Q3,2026-Q3,rawat_inap,Tuberkulosis Paru (TB),A15,menular,443,Proyeksi (Model ML)
3529,Kabupaten Sumenep,2026,Q4,2026-Q4,rawat_inap,Tuberkulosis Paru (TB),A15,menular,443,Proyeksi (Model ML)
3529,Kabupaten Sumenep,2026,Q1,2026-Q1,rawat_jalan,Demam Tifoid,A01,menular,323,Proyeksi (Model ML)
3529,Kabupaten Sumenep,2026,Q2,2026-Q2,rawat_jalan,Demam Tifoid,A01,menular,300,Proyeksi (Model ML)
3529,Kabupaten Sumenep,2026,Q3,2026-Q3,rawat_jalan,Demam Tifoid,A01,menular,324,Proyeksi (Model ML)
3529,Kabupaten Sumenep,2026,Q4,2026-Q4,rawat_jalan,Demam Tifoid,A01,menular,297,Proyeksi (Model ML)
3529,Kabupaten Sumenep,2026,Q1,2026-Q1,rawat_jalan,Diabetes Melitus Tipe 2,E11,tidak_menular,971,Proyeksi (Model ML)
3529,Kabupaten Sumenep,2026,Q2,2026-Q2,rawat_jalan,Diabetes Melitus Tipe 2,E11,tidak_menular,1052,Proyeksi (Model ML)
3529,Kabupaten Sumenep,2026,Q3,2026-Q3,rawat_jalan,Diabetes Melitus Tipe 2,E11,tidak_menular,1023,Proyeksi (Model ML)
3529,Kabupaten Sumenep,2026,Q4,2026-Q4,rawat_jalan,Diabetes Melitus Tipe 2,E11,tidak_menular,1004,Proyeksi (Model ML)
3529,Kabupaten Sumenep,2026,Q1,2026-Q1,rawat_jalan,Diare dan Gastroenteritis,A09,menular,828,Proyeksi (Model ML)
3529,Kabupaten Sumenep,2026,Q2,2026-Q2,rawat_jalan,Diare dan Gastroenteritis,A09,menular,776,Proyeksi (Model ML)
3529,Kabupaten Sumenep,2026,Q3,2026-Q3,rawat_jalan,Diare dan Gastroenteritis,A09,menular,857,Proyeksi (Model ML)
3529,Kabupaten Sumenep,2026,Q4,2026-Q4,rawat_jalan,Diare dan Gastroenteritis,A09,menular,839,Proyeksi (Model ML)
3529,Kabupaten Sumenep,2026,Q1,2026-Q1,rawat_jalan,Gastritis dan Duodenitis,K29,tidak_menular,739,Proyeksi (Model ML)
3529,Kabupaten Sumenep,2026,Q2,2026-Q2,rawat_jalan,Gastritis dan Duodenitis,K29,tidak_menular,711,Proyeksi (Model ML)
3529,Kabupaten Sumenep,2026,Q3,2026-Q3,rawat_jalan,Gastritis dan Duodenitis,K29,tidak_menular,732,Proyeksi (Model ML)
3529,Kabupaten Sumenep,2026,Q4,2026-Q4,rawat_jalan,Gastritis dan Duodenitis,K29,tidak_menular,754,Proyeksi (Model ML)
3529,Kabupaten Sumenep,2026,Q1,2026-Q1,rawat_jalan,Hipertensi Esensial,I10,tidak_menular,1266,Proyeksi (Model ML)
3529,Kabupaten Sumenep,2026,Q2,2026-Q2,rawat_jalan,Hipertensi Esensial,I10,tidak_menular,1327,Proyeksi (Model ML)
3529,Kabupaten Sumenep,2026,Q3,2026-Q3,rawat_jalan,Hipertensi Esensial,I10,tidak_menular,1361,Proyeksi (Model ML)
3529,Kabupaten Sumenep,2026,Q4,2026-Q4,rawat_jalan,Hipertensi Esensial,I10,tidak_menular,1278,Proyeksi (Model ML)
3529,Kabupaten Sumenep,2026,Q1,2026-Q1,rawat_jalan,Infeksi Saluran Pernapasan Akut (ISPA),J06,menular,1719,Proyeksi (Model ML)
3529,Kabupaten Sumenep,2026,Q2,2026-Q2,rawat_jalan,Infeksi Saluran Pernapasan Akut (ISPA),J06,menular,1725,Proyeksi (Model ML)
3529,Kabupaten Sumenep,2026,Q3,2026-Q3,rawat_jalan,Infeksi Saluran Pernapasan Akut (ISPA),J06,menular,1859,Proyeksi (Model ML)
3529,Kabupaten Sumenep,2026,Q4,2026-Q4,rawat_jalan,Infeksi Saluran Pernapasan Akut (ISPA),J06,menular,1789,Proyeksi (Model ML)
3571,Kota Kediri,2026,Q1,2026-Q1,rawat_inap,Demam Berdarah Dengue (DBD),A90,menular,92,Proyeksi (Model ML)
3571,Kota Kediri,2026,Q2,2026-Q2,rawat_inap,Demam Berdarah Dengue (DBD),A90,menular,88,Proyeksi (Model ML)
3571,Kota Kediri,2026,Q3,2026-Q3,rawat_inap,Demam Berdarah Dengue (DBD),A90,menular,87,Proyeksi (Model ML)
3571,Kota Kediri,2026,Q4,2026-Q4,rawat_inap,Demam Berdarah Dengue (DBD),A90,menular,90,Proyeksi (Model ML)
3571,Kota Kediri,2026,Q1,2026-Q1,rawat_inap,Penyakit Jantung Iskemik,I25,tidak_menular,92,Proyeksi (Model ML)
3571,Kota Kediri,2026,Q2,2026-Q2,rawat_inap,Penyakit Jantung Iskemik,I25,tidak_menular,95,Proyeksi (Model ML)
3571,Kota Kediri,2026,Q3,2026-Q3,rawat_inap,Penyakit Jantung Iskemik,I25,tidak_menular,88,Proyeksi (Model ML)
3571,Kota Kediri,2026,Q4,2026-Q4,rawat_inap,Penyakit Jantung Iskemik,I25,tidak_menular,93,Proyeksi (Model ML)
3571,Kota Kediri,2026,Q1,2026-Q1,rawat_inap,Pneumonia,J18,menular,75,Proyeksi (Model ML)
3571,Kota Kediri,2026,Q2,2026-Q2,rawat_inap,Pneumonia,J18,menular,71,Proyeksi (Model ML)
3571,Kota Kediri,2026,Q3,2026-Q3,rawat_inap,Pneumonia,J18,menular,77,Proyeksi (Model ML)
3571,Kota Kediri,2026,Q4,2026-Q4,rawat_inap,Pneumonia,J18,menular,67,Proyeksi (Model ML)
3571,Kota Kediri,2026,Q1,2026-Q1,rawat_inap,Tuberkulosis Paru (TB),A15,menular,100,Proyeksi (Model ML)
3571,Kota Kediri,2026,Q2,2026-Q2,rawat_inap,Tuberkulosis Paru (TB),A15,menular,86,Proyeksi (Model ML)
3571,Kota Kediri,2026,Q3,2026-Q3,rawat_inap,Tuberkulosis Paru (TB),A15,menular,82,Proyeksi (Model ML)
3571,Kota Kediri,2026,Q4,2026-Q4,rawat_inap,Tuberkulosis Paru (TB),A15,menular,82,Proyeksi (Model ML)
3571,Kota Kediri,2026,Q1,2026-Q1,rawat_jalan,Demam Tifoid,A01,menular,109,Proyeksi (Model ML)
3571,Kota Kediri,2026,Q2,2026-Q2,rawat_jalan,Demam Tifoid,A01,menular,101,Proyeksi (Model ML)
3571,Kota Kediri,2026,Q3,2026-Q3,rawat_jalan,Demam Tifoid,A01,menular,109,Proyeksi (Model ML)
3571,Kota Kediri,2026,Q4,2026-Q4,rawat_jalan,Demam Tifoid,A01,menular,100,Proyeksi (Model ML)
3571,Kota Kediri,2026,Q1,2026-Q1,rawat_jalan,Diabetes Melitus Tipe 2,E11,tidak_menular,196,Proyeksi (Model ML)
3571,Kota Kediri,2026,Q2,2026-Q2,rawat_jalan,Diabetes Melitus Tipe 2,E11,tidak_menular,213,Proyeksi (Model ML)
3571,Kota Kediri,2026,Q3,2026-Q3,rawat_jalan,Diabetes Melitus Tipe 2,E11,tidak_menular,207,Proyeksi (Model ML)
3571,Kota Kediri,2026,Q4,2026-Q4,rawat_jalan,Diabetes Melitus Tipe 2,E11,tidak_menular,203,Proyeksi (Model ML)
3571,Kota Kediri,2026,Q1,2026-Q1,rawat_jalan,Diare dan Gastroenteritis,A09,menular,213,Proyeksi (Model ML)
3571,Kota Kediri,2026,Q2,2026-Q2,rawat_jalan,Diare dan Gastroenteritis,A09,menular,200,Proyeksi (Model ML)
3571,Kota Kediri,2026,Q3,2026-Q3,rawat_jalan,Diare dan Gastroenteritis,A09,menular,221,Proyeksi (Model ML)
3571,Kota Kediri,2026,Q4,2026-Q4,rawat_jalan,Diare dan Gastroenteritis,A09,menular,216,Proyeksi (Model ML)
3571,Kota Kediri,2026,Q1,2026-Q1,rawat_jalan,Gastritis dan Duodenitis,K29,tidak_menular,215,Proyeksi (Model ML)
3571,Kota Kediri,2026,Q2,2026-Q2,rawat_jalan,Gastritis dan Duodenitis,K29,tidak_menular,207,Proyeksi (Model ML)
3571,Kota Kediri,2026,Q3,2026-Q3,rawat_jalan,Gastritis dan Duodenitis,K29,tidak_menular,214,Proyeksi (Model ML)
3571,Kota Kediri,2026,Q4,2026-Q4,rawat_jalan,Gastritis dan Duodenitis,K29,tidak_menular,220,Proyeksi (Model ML)
3571,Kota Kediri,2026,Q1,2026-Q1,rawat_jalan,Hipertensi Esensial,I10,tidak_menular,445,Proyeksi (Model ML)
3571,Kota Kediri,2026,Q2,2026-Q2,rawat_jalan,Hipertensi Esensial,I10,tidak_menular,466,Proyeksi (Model ML)
3571,Kota Kediri,2026,Q3,2026-Q3,rawat_jalan,Hipertensi Esensial,I10,tidak_menular,478,Proyeksi (Model ML)
3571,Kota Kediri,2026,Q4,2026-Q4,rawat_jalan,Hipertensi Esensial,I10,tidak_menular,449,Proyeksi (Model ML)
3571,Kota Kediri,2026,Q1,2026-Q1,rawat_jalan,Infeksi Saluran Pernapasan Akut (ISPA),J06,menular,390,Proyeksi (Model ML)
3571,Kota Kediri,2026,Q2,2026-Q2,rawat_jalan,Infeksi Saluran Pernapasan Akut (ISPA),J06,menular,391,Proyeksi (Model ML)
3571,Kota Kediri,2026,Q3,2026-Q3,rawat_jalan,Infeksi Saluran Pernapasan Akut (ISPA),J06,menular,422,Proyeksi (Model ML)
3571,Kota Kediri,2026,Q4,2026-Q4,rawat_jalan,Infeksi Saluran Pernapasan Akut (ISPA),J06,menular,406,Proyeksi (Model ML)
3572,Kota Blitar,2026,Q1,2026-Q1,rawat_inap,Demam Berdarah Dengue (DBD),A90,menular,61,Proyeksi (Model ML)
3572,Kota Blitar,2026,Q2,2026-Q2,rawat_inap,Demam Berdarah Dengue (DBD),A90,menular,58,Proyeksi (Model ML)
3572,Kota Blitar,2026,Q3,2026-Q3,rawat_inap,Demam Berdarah Dengue (DBD),A90,menular,57,Proyeksi (Model ML)
3572,Kota Blitar,2026,Q4,2026-Q4,rawat_inap,Demam Berdarah Dengue (DBD),A90,menular,59,Proyeksi (Model ML)
3572,Kota Blitar,2026,Q1,2026-Q1,rawat_inap,Penyakit Jantung Iskemik,I25,tidak_menular,52,Proyeksi (Model ML)
3572,Kota Blitar,2026,Q2,2026-Q2,rawat_inap,Penyakit Jantung Iskemik,I25,tidak_menular,54,Proyeksi (Model ML)
3572,Kota Blitar,2026,Q3,2026-Q3,rawat_inap,Penyakit Jantung Iskemik,I25,tidak_menular,50,Proyeksi (Model ML)
3572,Kota Blitar,2026,Q4,2026-Q4,rawat_inap,Penyakit Jantung Iskemik,I25,tidak_menular,52,Proyeksi (Model ML)
3572,Kota Blitar,2026,Q1,2026-Q1,rawat_inap,Pneumonia,J18,menular,27,Proyeksi (Model ML)
3572,Kota Blitar,2026,Q2,2026-Q2,rawat_inap,Pneumonia,J18,menular,25,Proyeksi (Model ML)
3572,Kota Blitar,2026,Q3,2026-Q3,rawat_inap,Pneumonia,J18,menular,27,Proyeksi (Model ML)
3572,Kota Blitar,2026,Q4,2026-Q4,rawat_inap,Pneumonia,J18,menular,24,Proyeksi (Model ML)
3572,Kota Blitar,2026,Q1,2026-Q1,rawat_inap,Tuberkulosis Paru (TB),A15,menular,60,Proyeksi (Model ML)
3572,Kota Blitar,2026,Q2,2026-Q2,rawat_inap,Tuberkulosis Paru (TB),A15,menular,52,Proyeksi (Model ML)
3572,Kota Blitar,2026,Q3,2026-Q3,rawat_inap,Tuberkulosis Paru (TB),A15,menular,49,Proyeksi (Model ML)
3572,Kota Blitar,2026,Q4,2026-Q4,rawat_inap,Tuberkulosis Paru (TB),A15,menular,49,Proyeksi (Model ML)
3572,Kota Blitar,2026,Q1,2026-Q1,rawat_jalan,Demam Tifoid,A01,menular,49,Proyeksi (Model ML)
3572,Kota Blitar,2026,Q2,2026-Q2,rawat_jalan,Demam Tifoid,A01,menular,46,Proyeksi (Model ML)
3572,Kota Blitar,2026,Q3,2026-Q3,rawat_jalan,Demam Tifoid,A01,menular,49,Proyeksi (Model ML)
3572,Kota Blitar,2026,Q4,2026-Q4,rawat_jalan,Demam Tifoid,A01,menular,45,Proyeksi (Model ML)
3572,Kota Blitar,2026,Q1,2026-Q1,rawat_jalan,Diabetes Melitus Tipe 2,E11,tidak_menular,138,Proyeksi (Model ML)
3572,Kota Blitar,2026,Q2,2026-Q2,rawat_jalan,Diabetes Melitus Tipe 2,E11,tidak_menular,149,Proyeksi (Model ML)
3572,Kota Blitar,2026,Q3,2026-Q3,rawat_jalan,Diabetes Melitus Tipe 2,E11,tidak_menular,145,Proyeksi (Model ML)
3572,Kota Blitar,2026,Q4,2026-Q4,rawat_jalan,Diabetes Melitus Tipe 2,E11,tidak_menular,143,Proyeksi (Model ML)
3572,Kota Blitar,2026,Q1,2026-Q1,rawat_jalan,Diare dan Gastroenteritis,A09,menular,135,Proyeksi (Model ML)
3572,Kota Blitar,2026,Q2,2026-Q2,rawat_jalan,Diare dan Gastroenteritis,A09,menular,126,Proyeksi (Model ML)
3572,Kota Blitar,2026,Q3,2026-Q3,rawat_jalan,Diare dan Gastroenteritis,A09,menular,140,Proyeksi (Model ML)
3572,Kota Blitar,2026,Q4,2026-Q4,rawat_jalan,Diare dan Gastroenteritis,A09,menular,137,Proyeksi (Model ML)
3572,Kota Blitar,2026,Q1,2026-Q1,rawat_jalan,Gastritis dan Duodenitis,K29,tidak_menular,113,Proyeksi (Model ML)
3572,Kota Blitar,2026,Q2,2026-Q2,rawat_jalan,Gastritis dan Duodenitis,K29,tidak_menular,109,Proyeksi (Model ML)
3572,Kota Blitar,2026,Q3,2026-Q3,rawat_jalan,Gastritis dan Duodenitis,K29,tidak_menular,112,Proyeksi (Model ML)
3572,Kota Blitar,2026,Q4,2026-Q4,rawat_jalan,Gastritis dan Duodenitis,K29,tidak_menular,116,Proyeksi (Model ML)
3572,Kota Blitar,2026,Q1,2026-Q1,rawat_jalan,Hipertensi Esensial,I10,tidak_menular,187,Proyeksi (Model ML)
3572,Kota Blitar,2026,Q2,2026-Q2,rawat_jalan,Hipertensi Esensial,I10,tidak_menular,196,Proyeksi (Model ML)
3572,Kota Blitar,2026,Q3,2026-Q3,rawat_jalan,Hipertensi Esensial,I10,tidak_menular,201,Proyeksi (Model ML)
3572,Kota Blitar,2026,Q4,2026-Q4,rawat_jalan,Hipertensi Esensial,I10,tidak_menular,189,Proyeksi (Model ML)
3572,Kota Blitar,2026,Q1,2026-Q1,rawat_jalan,Infeksi Saluran Pernapasan Akut (ISPA),J06,menular,166,Proyeksi (Model ML)
3572,Kota Blitar,2026,Q2,2026-Q2,rawat_jalan,Infeksi Saluran Pernapasan Akut (ISPA),J06,menular,167,Proyeksi (Model ML)
3572,Kota Blitar,2026,Q3,2026-Q3,rawat_jalan,Infeksi Saluran Pernapasan Akut (ISPA),J06,menular,180,Proyeksi (Model ML)
3572,Kota Blitar,2026,Q4,2026-Q4,rawat_jalan,Infeksi Saluran Pernapasan Akut (ISPA),J06,menular,173,Proyeksi (Model ML)
3573,Kota Malang,2026,Q1,2026-Q1,rawat_inap,Demam Berdarah Dengue (DBD),A90,menular,393,Proyeksi (Model ML)
3573,Kota Malang,2026,Q2,2026-Q2,rawat_inap,Demam Berdarah Dengue (DBD),A90,menular,376,Proyeksi (Model ML)
3573,Kota Malang,2026,Q3,2026-Q3,rawat_inap,Demam Berdarah Dengue (DBD),A90,menular,371,Proyeksi (Model ML)
3573,Kota Malang,2026,Q4,2026-Q4,rawat_inap,Demam Berdarah Dengue (DBD),A90,menular,384,Proyeksi (Model ML)
3573,Kota Malang,2026,Q1,2026-Q1,rawat_inap,Penyakit Jantung Iskemik,I25,tidak_menular,298,Proyeksi (Model ML)
3573,Kota Malang,2026,Q2,2026-Q2,rawat_inap,Penyakit Jantung Iskemik,I25,tidak_menular,309,Proyeksi (Model ML)
3573,Kota Malang,2026,Q3,2026-Q3,rawat_inap,Penyakit Jantung Iskemik,I25,tidak_menular,285,Proyeksi (Model ML)
3573,Kota Malang,2026,Q4,2026-Q4,rawat_inap,Penyakit Jantung Iskemik,I25,tidak_menular,300,Proyeksi (Model ML)
3573,Kota Malang,2026,Q1,2026-Q1,rawat_inap,Pneumonia,J18,menular,228,Proyeksi (Model ML)
3573,Kota Malang,2026,Q2,2026-Q2,rawat_inap,Pneumonia,J18,menular,214,Proyeksi (Model ML)
3573,Kota Malang,2026,Q3,2026-Q3,rawat_inap,Pneumonia,J18,menular,232,Proyeksi (Model ML)
3573,Kota Malang,2026,Q4,2026-Q4,rawat_inap,Pneumonia,J18,menular,204,Proyeksi (Model ML)
3573,Kota Malang,2026,Q1,2026-Q1,rawat_inap,Tuberkulosis Paru (TB),A15,menular,264,Proyeksi (Model ML)
3573,Kota Malang,2026,Q2,2026-Q2,rawat_inap,Tuberkulosis Paru (TB),A15,menular,228,Proyeksi (Model ML)
3573,Kota Malang,2026,Q3,2026-Q3,rawat_inap,Tuberkulosis Paru (TB),A15,menular,217,Proyeksi (Model ML)
3573,Kota Malang,2026,Q4,2026-Q4,rawat_inap,Tuberkulosis Paru (TB),A15,menular,216,Proyeksi (Model ML)
3573,Kota Malang,2026,Q1,2026-Q1,rawat_jalan,Demam Tifoid,A01,menular,331,Proyeksi (Model ML)
3573,Kota Malang,2026,Q2,2026-Q2,rawat_jalan,Demam Tifoid,A01,menular,308,Proyeksi (Model ML)
3573,Kota Malang,2026,Q3,2026-Q3,rawat_jalan,Demam Tifoid,A01,menular,332,Proyeksi (Model ML)
3573,Kota Malang,2026,Q4,2026-Q4,rawat_jalan,Demam Tifoid,A01,menular,305,Proyeksi (Model ML)
3573,Kota Malang,2026,Q1,2026-Q1,rawat_jalan,Diabetes Melitus Tipe 2,E11,tidak_menular,803,Proyeksi (Model ML)
3573,Kota Malang,2026,Q2,2026-Q2,rawat_jalan,Diabetes Melitus Tipe 2,E11,tidak_menular,870,Proyeksi (Model ML)
3573,Kota Malang,2026,Q3,2026-Q3,rawat_jalan,Diabetes Melitus Tipe 2,E11,tidak_menular,847,Proyeksi (Model ML)
3573,Kota Malang,2026,Q4,2026-Q4,rawat_jalan,Diabetes Melitus Tipe 2,E11,tidak_menular,831,Proyeksi (Model ML)
3573,Kota Malang,2026,Q1,2026-Q1,rawat_jalan,Diare dan Gastroenteritis,A09,menular,716,Proyeksi (Model ML)
3573,Kota Malang,2026,Q2,2026-Q2,rawat_jalan,Diare dan Gastroenteritis,A09,menular,670,Proyeksi (Model ML)
3573,Kota Malang,2026,Q3,2026-Q3,rawat_jalan,Diare dan Gastroenteritis,A09,menular,740,Proyeksi (Model ML)
3573,Kota Malang,2026,Q4,2026-Q4,rawat_jalan,Diare dan Gastroenteritis,A09,menular,725,Proyeksi (Model ML)
3573,Kota Malang,2026,Q1,2026-Q1,rawat_jalan,Gastritis dan Duodenitis,K29,tidak_menular,461,Proyeksi (Model ML)
3573,Kota Malang,2026,Q2,2026-Q2,rawat_jalan,Gastritis dan Duodenitis,K29,tidak_menular,444,Proyeksi (Model ML)
3573,Kota Malang,2026,Q3,2026-Q3,rawat_jalan,Gastritis dan Duodenitis,K29,tidak_menular,458,Proyeksi (Model ML)
3573,Kota Malang,2026,Q4,2026-Q4,rawat_jalan,Gastritis dan Duodenitis,K29,tidak_menular,471,Proyeksi (Model ML)
3573,Kota Malang,2026,Q1,2026-Q1,rawat_jalan,Hipertensi Esensial,I10,tidak_menular,1224,Proyeksi (Model ML)
3573,Kota Malang,2026,Q2,2026-Q2,rawat_jalan,Hipertensi Esensial,I10,tidak_menular,1283,Proyeksi (Model ML)
3573,Kota Malang,2026,Q3,2026-Q3,rawat_jalan,Hipertensi Esensial,I10,tidak_menular,1316,Proyeksi (Model ML)
3573,Kota Malang,2026,Q4,2026-Q4,rawat_jalan,Hipertensi Esensial,I10,tidak_menular,1236,Proyeksi (Model ML)
3573,Kota Malang,2026,Q1,2026-Q1,rawat_jalan,Infeksi Saluran Pernapasan Akut (ISPA),J06,menular,941,Proyeksi (Model ML)
3573,Kota Malang,2026,Q2,2026-Q2,rawat_jalan,Infeksi Saluran Pernapasan Akut (ISPA),J06,menular,944,Proyeksi (Model ML)
3573,Kota Malang,2026,Q3,2026-Q3,rawat_jalan,Infeksi Saluran Pernapasan Akut (ISPA),J06,menular,1018,Proyeksi (Model ML)
3573,Kota Malang,2026,Q4,2026-Q4,rawat_jalan,Infeksi Saluran Pernapasan Akut (ISPA),J06,menular,979,Proyeksi (Model ML)
3574,Kota Probolinggo,2026,Q1,2026-Q1,rawat_inap,Demam Berdarah Dengue (DBD),A90,menular,86,Proyeksi (Model ML)
3574,Kota Probolinggo,2026,Q2,2026-Q2,rawat_inap,Demam Berdarah Dengue (DBD),A90,menular,82,Proyeksi (Model ML)
3574,Kota Probolinggo,2026,Q3,2026-Q3,rawat_inap,Demam Berdarah Dengue (DBD),A90,menular,81,Proyeksi (Model ML)
3574,Kota Probolinggo,2026,Q4,2026-Q4,rawat_inap,Demam Berdarah Dengue (DBD),A90,menular,84,Proyeksi (Model ML)
3574,Kota Probolinggo,2026,Q1,2026-Q1,rawat_inap,Penyakit Jantung Iskemik,I25,tidak_menular,65,Proyeksi (Model ML)
3574,Kota Probolinggo,2026,Q2,2026-Q2,rawat_inap,Penyakit Jantung Iskemik,I25,tidak_menular,68,Proyeksi (Model ML)
3574,Kota Probolinggo,2026,Q3,2026-Q3,rawat_inap,Penyakit Jantung Iskemik,I25,tidak_menular,63,Proyeksi (Model ML)
3574,Kota Probolinggo,2026,Q4,2026-Q4,rawat_inap,Penyakit Jantung Iskemik,I25,tidak_menular,66,Proyeksi (Model ML)
3574,Kota Probolinggo,2026,Q1,2026-Q1,rawat_inap,Pneumonia,J18,menular,87,Proyeksi (Model ML)
3574,Kota Probolinggo,2026,Q2,2026-Q2,rawat_inap,Pneumonia,J18,menular,82,Proyeksi (Model ML)
3574,Kota Probolinggo,2026,Q3,2026-Q3,rawat_inap,Pneumonia,J18,menular,89,Proyeksi (Model ML)
3574,Kota Probolinggo,2026,Q4,2026-Q4,rawat_inap,Pneumonia,J18,menular,78,Proyeksi (Model ML)
3574,Kota Probolinggo,2026,Q1,2026-Q1,rawat_inap,Tuberkulosis Paru (TB),A15,menular,75,Proyeksi (Model ML)
3574,Kota Probolinggo,2026,Q2,2026-Q2,rawat_inap,Tuberkulosis Paru (TB),A15,menular,65,Proyeksi (Model ML)
3574,Kota Probolinggo,2026,Q3,2026-Q3,rawat_inap,Tuberkulosis Paru (TB),A15,menular,62,Proyeksi (Model ML)
3574,Kota Probolinggo,2026,Q4,2026-Q4,rawat_inap,Tuberkulosis Paru (TB),A15,menular,61,Proyeksi (Model ML)
3574,Kota Probolinggo,2026,Q1,2026-Q1,rawat_jalan,Demam Tifoid,A01,menular,95,Proyeksi (Model ML)
3574,Kota Probolinggo,2026,Q2,2026-Q2,rawat_jalan,Demam Tifoid,A01,menular,88,Proyeksi (Model ML)
3574,Kota Probolinggo,2026,Q3,2026-Q3,rawat_jalan,Demam Tifoid,A01,menular,95,Proyeksi (Model ML)
3574,Kota Probolinggo,2026,Q4,2026-Q4,rawat_jalan,Demam Tifoid,A01,menular,87,Proyeksi (Model ML)
3574,Kota Probolinggo,2026,Q1,2026-Q1,rawat_jalan,Diabetes Melitus Tipe 2,E11,tidak_menular,228,Proyeksi (Model ML)
3574,Kota Probolinggo,2026,Q2,2026-Q2,rawat_jalan,Diabetes Melitus Tipe 2,E11,tidak_menular,247,Proyeksi (Model ML)
3574,Kota Probolinggo,2026,Q3,2026-Q3,rawat_jalan,Diabetes Melitus Tipe 2,E11,tidak_menular,240,Proyeksi (Model ML)
3574,Kota Probolinggo,2026,Q4,2026-Q4,rawat_jalan,Diabetes Melitus Tipe 2,E11,tidak_menular,236,Proyeksi (Model ML)
3574,Kota Probolinggo,2026,Q1,2026-Q1,rawat_jalan,Diare dan Gastroenteritis,A09,menular,168,Proyeksi (Model ML)
3574,Kota Probolinggo,2026,Q2,2026-Q2,rawat_jalan,Diare dan Gastroenteritis,A09,menular,157,Proyeksi (Model ML)
3574,Kota Probolinggo,2026,Q3,2026-Q3,rawat_jalan,Diare dan Gastroenteritis,A09,menular,174,Proyeksi (Model ML)
3574,Kota Probolinggo,2026,Q4,2026-Q4,rawat_jalan,Diare dan Gastroenteritis,A09,menular,170,Proyeksi (Model ML)
3574,Kota Probolinggo,2026,Q1,2026-Q1,rawat_jalan,Gastritis dan Duodenitis,K29,tidak_menular,135,Proyeksi (Model ML)
3574,Kota Probolinggo,2026,Q2,2026-Q2,rawat_jalan,Gastritis dan Duodenitis,K29,tidak_menular,130,Proyeksi (Model ML)
3574,Kota Probolinggo,2026,Q3,2026-Q3,rawat_jalan,Gastritis dan Duodenitis,K29,tidak_menular,134,Proyeksi (Model ML)
3574,Kota Probolinggo,2026,Q4,2026-Q4,rawat_jalan,Gastritis dan Duodenitis,K29,tidak_menular,138,Proyeksi (Model ML)
3574,Kota Probolinggo,2026,Q1,2026-Q1,rawat_jalan,Hipertensi Esensial,I10,tidak_menular,291,Proyeksi (Model ML)
3574,Kota Probolinggo,2026,Q2,2026-Q2,rawat_jalan,Hipertensi Esensial,I10,tidak_menular,306,Proyeksi (Model ML)
3574,Kota Probolinggo,2026,Q3,2026-Q3,rawat_jalan,Hipertensi Esensial,I10,tidak_menular,313,Proyeksi (Model ML)
3574,Kota Probolinggo,2026,Q4,2026-Q4,rawat_jalan,Hipertensi Esensial,I10,tidak_menular,294,Proyeksi (Model ML)
3574,Kota Probolinggo,2026,Q1,2026-Q1,rawat_jalan,Infeksi Saluran Pernapasan Akut (ISPA),J06,menular,355,Proyeksi (Model ML)
3574,Kota Probolinggo,2026,Q2,2026-Q2,rawat_jalan,Infeksi Saluran Pernapasan Akut (ISPA),J06,menular,356,Proyeksi (Model ML)
3574,Kota Probolinggo,2026,Q3,2026-Q3,rawat_jalan,Infeksi Saluran Pernapasan Akut (ISPA),J06,menular,384,Proyeksi (Model ML)
3574,Kota Probolinggo,2026,Q4,2026-Q4,rawat_jalan,Infeksi Saluran Pernapasan Akut (ISPA),J06,menular,369,Proyeksi (Model ML)
3575,Kota Pasuruan,2026,Q1,2026-Q1,rawat_inap,Demam Berdarah Dengue (DBD),A90,menular,85,Proyeksi (Model ML)
3575,Kota Pasuruan,2026,Q2,2026-Q2,rawat_inap,Demam Berdarah Dengue (DBD),A90,menular,81,Proyeksi (Model ML)
3575,Kota Pasuruan,2026,Q3,2026-Q3,rawat_inap,Demam Berdarah Dengue (DBD),A90,menular,80,Proyeksi (Model ML)
3575,Kota Pasuruan,2026,Q4,2026-Q4,rawat_inap,Demam Berdarah Dengue (DBD),A90,menular,83,Proyeksi (Model ML)
3575,Kota Pasuruan,2026,Q1,2026-Q1,rawat_inap,Penyakit Jantung Iskemik,I25,tidak_menular,78,Proyeksi (Model ML)
3575,Kota Pasuruan,2026,Q2,2026-Q2,rawat_inap,Penyakit Jantung Iskemik,I25,tidak_menular,80,Proyeksi (Model ML)
3575,Kota Pasuruan,2026,Q3,2026-Q3,rawat_inap,Penyakit Jantung Iskemik,I25,tidak_menular,74,Proyeksi (Model ML)
3575,Kota Pasuruan,2026,Q4,2026-Q4,rawat_inap,Penyakit Jantung Iskemik,I25,tidak_menular,78,Proyeksi (Model ML)
3575,Kota Pasuruan,2026,Q1,2026-Q1,rawat_inap,Pneumonia,J18,menular,57,Proyeksi (Model ML)
3575,Kota Pasuruan,2026,Q2,2026-Q2,rawat_inap,Pneumonia,J18,menular,54,Proyeksi (Model ML)
3575,Kota Pasuruan,2026,Q3,2026-Q3,rawat_inap,Pneumonia,J18,menular,59,Proyeksi (Model ML)
3575,Kota Pasuruan,2026,Q4,2026-Q4,rawat_inap,Pneumonia,J18,menular,51,Proyeksi (Model ML)
3575,Kota Pasuruan,2026,Q1,2026-Q1,rawat_inap,Tuberkulosis Paru (TB),A15,menular,84,Proyeksi (Model ML)
3575,Kota Pasuruan,2026,Q2,2026-Q2,rawat_inap,Tuberkulosis Paru (TB),A15,menular,73,Proyeksi (Model ML)
3575,Kota Pasuruan,2026,Q3,2026-Q3,rawat_inap,Tuberkulosis Paru (TB),A15,menular,69,Proyeksi (Model ML)
3575,Kota Pasuruan,2026,Q4,2026-Q4,rawat_inap,Tuberkulosis Paru (TB),A15,menular,69,Proyeksi (Model ML)
3575,Kota Pasuruan,2026,Q1,2026-Q1,rawat_jalan,Demam Tifoid,A01,menular,64,Proyeksi (Model ML)
3575,Kota Pasuruan,2026,Q2,2026-Q2,rawat_jalan,Demam Tifoid,A01,menular,60,Proyeksi (Model ML)
3575,Kota Pasuruan,2026,Q3,2026-Q3,rawat_jalan,Demam Tifoid,A01,menular,64,Proyeksi (Model ML)
3575,Kota Pasuruan,2026,Q4,2026-Q4,rawat_jalan,Demam Tifoid,A01,menular,59,Proyeksi (Model ML)
3575,Kota Pasuruan,2026,Q1,2026-Q1,rawat_jalan,Diabetes Melitus Tipe 2,E11,tidak_menular,171,Proyeksi (Model ML)
3575,Kota Pasuruan,2026,Q2,2026-Q2,rawat_jalan,Diabetes Melitus Tipe 2,E11,tidak_menular,185,Proyeksi (Model ML)
3575,Kota Pasuruan,2026,Q3,2026-Q3,rawat_jalan,Diabetes Melitus Tipe 2,E11,tidak_menular,180,Proyeksi (Model ML)
3575,Kota Pasuruan,2026,Q4,2026-Q4,rawat_jalan,Diabetes Melitus Tipe 2,E11,tidak_menular,177,Proyeksi (Model ML)
3575,Kota Pasuruan,2026,Q1,2026-Q1,rawat_jalan,Diare dan Gastroenteritis,A09,menular,132,Proyeksi (Model ML)
3575,Kota Pasuruan,2026,Q2,2026-Q2,rawat_jalan,Diare dan Gastroenteritis,A09,menular,124,Proyeksi (Model ML)
3575,Kota Pasuruan,2026,Q3,2026-Q3,rawat_jalan,Diare dan Gastroenteritis,A09,menular,137,Proyeksi (Model ML)
3575,Kota Pasuruan,2026,Q4,2026-Q4,rawat_jalan,Diare dan Gastroenteritis,A09,menular,134,Proyeksi (Model ML)
3575,Kota Pasuruan,2026,Q1,2026-Q1,rawat_jalan,Gastritis dan Duodenitis,K29,tidak_menular,122,Proyeksi (Model ML)
3575,Kota Pasuruan,2026,Q2,2026-Q2,rawat_jalan,Gastritis dan Duodenitis,K29,tidak_menular,118,Proyeksi (Model ML)
3575,Kota Pasuruan,2026,Q3,2026-Q3,rawat_jalan,Gastritis dan Duodenitis,K29,tidak_menular,121,Proyeksi (Model ML)
3575,Kota Pasuruan,2026,Q4,2026-Q4,rawat_jalan,Gastritis dan Duodenitis,K29,tidak_menular,125,Proyeksi (Model ML)
3575,Kota Pasuruan,2026,Q1,2026-Q1,rawat_jalan,Hipertensi Esensial,I10,tidak_menular,210,Proyeksi (Model ML)
3575,Kota Pasuruan,2026,Q2,2026-Q2,rawat_jalan,Hipertensi Esensial,I10,tidak_menular,220,Proyeksi (Model ML)
3575,Kota Pasuruan,2026,Q3,2026-Q3,rawat_jalan,Hipertensi Esensial,I10,tidak_menular,226,Proyeksi (Model ML)
3575,Kota Pasuruan,2026,Q4,2026-Q4,rawat_jalan,Hipertensi Esensial,I10,tidak_menular,212,Proyeksi (Model ML)
3575,Kota Pasuruan,2026,Q1,2026-Q1,rawat_jalan,Infeksi Saluran Pernapasan Akut (ISPA),J06,menular,270,Proyeksi (Model ML)
3575,Kota Pasuruan,2026,Q2,2026-Q2,rawat_jalan,Infeksi Saluran Pernapasan Akut (ISPA),J06,menular,271,Proyeksi (Model ML)
3575,Kota Pasuruan,2026,Q3,2026-Q3,rawat_jalan,Infeksi Saluran Pernapasan Akut (ISPA),J06,menular,292,Proyeksi (Model ML)
3575,Kota Pasuruan,2026,Q4,2026-Q4,rawat_jalan,Infeksi Saluran Pernapasan Akut (ISPA),J06,menular,281,Proyeksi (Model ML)
3576,Kota Mojokerto,2026,Q1,2026-Q1,rawat_inap,Demam Berdarah Dengue (DBD),A90,menular,61,Proyeksi (Model ML)
3576,Kota Mojokerto,2026,Q2,2026-Q2,rawat_inap,Demam Berdarah Dengue (DBD),A90,menular,58,Proyeksi (Model ML)
3576,Kota Mojokerto,2026,Q3,2026-Q3,rawat_inap,Demam Berdarah Dengue (DBD),A90,menular,57,Proyeksi (Model ML)
3576,Kota Mojokerto,2026,Q4,2026-Q4,rawat_inap,Demam Berdarah Dengue (DBD),A90,menular,59,Proyeksi (Model ML)
3576,Kota Mojokerto,2026,Q1,2026-Q1,rawat_inap,Penyakit Jantung Iskemik,I25,tidak_menular,47,Proyeksi (Model ML)
3576,Kota Mojokerto,2026,Q2,2026-Q2,rawat_inap,Penyakit Jantung Iskemik,I25,tidak_menular,49,Proyeksi (Model ML)
3576,Kota Mojokerto,2026,Q3,2026-Q3,rawat_inap,Penyakit Jantung Iskemik,I25,tidak_menular,45,Proyeksi (Model ML)
3576,Kota Mojokerto,2026,Q4,2026-Q4,rawat_inap,Penyakit Jantung Iskemik,I25,tidak_menular,47,Proyeksi (Model ML)
3576,Kota Mojokerto,2026,Q1,2026-Q1,rawat_inap,Pneumonia,J18,menular,33,Proyeksi (Model ML)
3576,Kota Mojokerto,2026,Q2,2026-Q2,rawat_inap,Pneumonia,J18,menular,31,Proyeksi (Model ML)
3576,Kota Mojokerto,2026,Q3,2026-Q3,rawat_inap,Pneumonia,J18,menular,34,Proyeksi (Model ML)
3576,Kota Mojokerto,2026,Q4,2026-Q4,rawat_inap,Pneumonia,J18,menular,30,Proyeksi (Model ML)
3576,Kota Mojokerto,2026,Q1,2026-Q1,rawat_inap,Tuberkulosis Paru (TB),A15,menular,59,Proyeksi (Model ML)
3576,Kota Mojokerto,2026,Q2,2026-Q2,rawat_inap,Tuberkulosis Paru (TB),A15,menular,51,Proyeksi (Model ML)
3576,Kota Mojokerto,2026,Q3,2026-Q3,rawat_inap,Tuberkulosis Paru (TB),A15,menular,48,Proyeksi (Model ML)
3576,Kota Mojokerto,2026,Q4,2026-Q4,rawat_inap,Tuberkulosis Paru (TB),A15,menular,48,Proyeksi (Model ML)
3576,Kota Mojokerto,2026,Q1,2026-Q1,rawat_jalan,Demam Tifoid,A01,menular,48,Proyeksi (Model ML)
3576,Kota Mojokerto,2026,Q2,2026-Q2,rawat_jalan,Demam Tifoid,A01,menular,45,Proyeksi (Model ML)
3576,Kota Mojokerto,2026,Q3,2026-Q3,rawat_jalan,Demam Tifoid,A01,menular,48,Proyeksi (Model ML)
3576,Kota Mojokerto,2026,Q4,2026-Q4,rawat_jalan,Demam Tifoid,A01,menular,44,Proyeksi (Model ML)
3576,Kota Mojokerto,2026,Q1,2026-Q1,rawat_jalan,Diabetes Melitus Tipe 2,E11,tidak_menular,99,Proyeksi (Model ML)
3576,Kota Mojokerto,2026,Q2,2026-Q2,rawat_jalan,Diabetes Melitus Tipe 2,E11,tidak_menular,108,Proyeksi (Model ML)
3576,Kota Mojokerto,2026,Q3,2026-Q3,rawat_jalan,Diabetes Melitus Tipe 2,E11,tidak_menular,105,Proyeksi (Model ML)
3576,Kota Mojokerto,2026,Q4,2026-Q4,rawat_jalan,Diabetes Melitus Tipe 2,E11,tidak_menular,103,Proyeksi (Model ML)
3576,Kota Mojokerto,2026,Q1,2026-Q1,rawat_jalan,Diare dan Gastroenteritis,A09,menular,126,Proyeksi (Model ML)
3576,Kota Mojokerto,2026,Q2,2026-Q2,rawat_jalan,Diare dan Gastroenteritis,A09,menular,118,Proyeksi (Model ML)
3576,Kota Mojokerto,2026,Q3,2026-Q3,rawat_jalan,Diare dan Gastroenteritis,A09,menular,130,Proyeksi (Model ML)
3576,Kota Mojokerto,2026,Q4,2026-Q4,rawat_jalan,Diare dan Gastroenteritis,A09,menular,128,Proyeksi (Model ML)
3576,Kota Mojokerto,2026,Q1,2026-Q1,rawat_jalan,Gastritis dan Duodenitis,K29,tidak_menular,109,Proyeksi (Model ML)
3576,Kota Mojokerto,2026,Q2,2026-Q2,rawat_jalan,Gastritis dan Duodenitis,K29,tidak_menular,105,Proyeksi (Model ML)
3576,Kota Mojokerto,2026,Q3,2026-Q3,rawat_jalan,Gastritis dan Duodenitis,K29,tidak_menular,108,Proyeksi (Model ML)
3576,Kota Mojokerto,2026,Q4,2026-Q4,rawat_jalan,Gastritis dan Duodenitis,K29,tidak_menular,111,Proyeksi (Model ML)
3576,Kota Mojokerto,2026,Q1,2026-Q1,rawat_jalan,Hipertensi Esensial,I10,tidak_menular,188,Proyeksi (Model ML)
3576,Kota Mojokerto,2026,Q2,2026-Q2,rawat_jalan,Hipertensi Esensial,I10,tidak_menular,197,Proyeksi (Model ML)
3576,Kota Mojokerto,2026,Q3,2026-Q3,rawat_jalan,Hipertensi Esensial,I10,tidak_menular,202,Proyeksi (Model ML)
3576,Kota Mojokerto,2026,Q4,2026-Q4,rawat_jalan,Hipertensi Esensial,I10,tidak_menular,190,Proyeksi (Model ML)
3576,Kota Mojokerto,2026,Q1,2026-Q1,rawat_jalan,Infeksi Saluran Pernapasan Akut (ISPA),J06,menular,196,Proyeksi (Model ML)
3576,Kota Mojokerto,2026,Q2,2026-Q2,rawat_jalan,Infeksi Saluran Pernapasan Akut (ISPA),J06,menular,196,Proyeksi (Model ML)
3576,Kota Mojokerto,2026,Q3,2026-Q3,rawat_jalan,Infeksi Saluran Pernapasan Akut (ISPA),J06,menular,212,Proyeksi (Model ML)
3576,Kota Mojokerto,2026,Q4,2026-Q4,rawat_jalan,Infeksi Saluran Pernapasan Akut (ISPA),J06,menular,204,Proyeksi (Model ML)
3577,Kota Madiun,2026,Q1,2026-Q1,rawat_inap,Demam Berdarah Dengue (DBD),A90,menular,80,Proyeksi (Model ML)
3577,Kota Madiun,2026,Q2,2026-Q2,rawat_inap,Demam Berdarah Dengue (DBD),A90,menular,76,Proyeksi (Model ML)
3577,Kota Madiun,2026,Q3,2026-Q3,rawat_inap,Demam Berdarah Dengue (DBD),A90,menular,75,Proyeksi (Model ML)
3577,Kota Madiun,2026,Q4,2026-Q4,rawat_inap,Demam Berdarah Dengue (DBD),A90,menular,78,Proyeksi (Model ML)
3577,Kota Madiun,2026,Q1,2026-Q1,rawat_inap,Penyakit Jantung Iskemik,I25,tidak_menular,64,Proyeksi (Model ML)
3577,Kota Madiun,2026,Q2,2026-Q2,rawat_inap,Penyakit Jantung Iskemik,I25,tidak_menular,67,Proyeksi (Model ML)
3577,Kota Madiun,2026,Q3,2026-Q3,rawat_inap,Penyakit Jantung Iskemik,I25,tidak_menular,62,Proyeksi (Model ML)
3577,Kota Madiun,2026,Q4,2026-Q4,rawat_inap,Penyakit Jantung Iskemik,I25,tidak_menular,65,Proyeksi (Model ML)
3577,Kota Madiun,2026,Q1,2026-Q1,rawat_inap,Pneumonia,J18,menular,45,Proyeksi (Model ML)
3577,Kota Madiun,2026,Q2,2026-Q2,rawat_inap,Pneumonia,J18,menular,42,Proyeksi (Model ML)
3577,Kota Madiun,2026,Q3,2026-Q3,rawat_inap,Pneumonia,J18,menular,46,Proyeksi (Model ML)
3577,Kota Madiun,2026,Q4,2026-Q4,rawat_inap,Pneumonia,J18,menular,40,Proyeksi (Model ML)
3577,Kota Madiun,2026,Q1,2026-Q1,rawat_inap,Tuberkulosis Paru (TB),A15,menular,67,Proyeksi (Model ML)
3577,Kota Madiun,2026,Q2,2026-Q2,rawat_inap,Tuberkulosis Paru (TB),A15,menular,58,Proyeksi (Model ML)
3577,Kota Madiun,2026,Q3,2026-Q3,rawat_inap,Tuberkulosis Paru (TB),A15,menular,55,Proyeksi (Model ML)
3577,Kota Madiun,2026,Q4,2026-Q4,rawat_inap,Tuberkulosis Paru (TB),A15,menular,55,Proyeksi (Model ML)
3577,Kota Madiun,2026,Q1,2026-Q1,rawat_jalan,Demam Tifoid,A01,menular,81,Proyeksi (Model ML)
3577,Kota Madiun,2026,Q2,2026-Q2,rawat_jalan,Demam Tifoid,A01,menular,75,Proyeksi (Model ML)
3577,Kota Madiun,2026,Q3,2026-Q3,rawat_jalan,Demam Tifoid,A01,menular,81,Proyeksi (Model ML)
3577,Kota Madiun,2026,Q4,2026-Q4,rawat_jalan,Demam Tifoid,A01,menular,75,Proyeksi (Model ML)
3577,Kota Madiun,2026,Q1,2026-Q1,rawat_jalan,Diabetes Melitus Tipe 2,E11,tidak_menular,163,Proyeksi (Model ML)
3577,Kota Madiun,2026,Q2,2026-Q2,rawat_jalan,Diabetes Melitus Tipe 2,E11,tidak_menular,177,Proyeksi (Model ML)
3577,Kota Madiun,2026,Q3,2026-Q3,rawat_jalan,Diabetes Melitus Tipe 2,E11,tidak_menular,172,Proyeksi (Model ML)
3577,Kota Madiun,2026,Q4,2026-Q4,rawat_jalan,Diabetes Melitus Tipe 2,E11,tidak_menular,169,Proyeksi (Model ML)
3577,Kota Madiun,2026,Q1,2026-Q1,rawat_jalan,Diare dan Gastroenteritis,A09,menular,171,Proyeksi (Model ML)
3577,Kota Madiun,2026,Q2,2026-Q2,rawat_jalan,Diare dan Gastroenteritis,A09,menular,160,Proyeksi (Model ML)
3577,Kota Madiun,2026,Q3,2026-Q3,rawat_jalan,Diare dan Gastroenteritis,A09,menular,177,Proyeksi (Model ML)
3577,Kota Madiun,2026,Q4,2026-Q4,rawat_jalan,Diare dan Gastroenteritis,A09,menular,173,Proyeksi (Model ML)
3577,Kota Madiun,2026,Q1,2026-Q1,rawat_jalan,Gastritis dan Duodenitis,K29,tidak_menular,129,Proyeksi (Model ML)
3577,Kota Madiun,2026,Q2,2026-Q2,rawat_jalan,Gastritis dan Duodenitis,K29,tidak_menular,124,Proyeksi (Model ML)
3577,Kota Madiun,2026,Q3,2026-Q3,rawat_jalan,Gastritis dan Duodenitis,K29,tidak_menular,128,Proyeksi (Model ML)
3577,Kota Madiun,2026,Q4,2026-Q4,rawat_jalan,Gastritis dan Duodenitis,K29,tidak_menular,132,Proyeksi (Model ML)
3577,Kota Madiun,2026,Q1,2026-Q1,rawat_jalan,Hipertensi Esensial,I10,tidak_menular,246,Proyeksi (Model ML)
3577,Kota Madiun,2026,Q2,2026-Q2,rawat_jalan,Hipertensi Esensial,I10,tidak_menular,258,Proyeksi (Model ML)
3577,Kota Madiun,2026,Q3,2026-Q3,rawat_jalan,Hipertensi Esensial,I10,tidak_menular,264,Proyeksi (Model ML)
3577,Kota Madiun,2026,Q4,2026-Q4,rawat_jalan,Hipertensi Esensial,I10,tidak_menular,248,Proyeksi (Model ML)
3577,Kota Madiun,2026,Q1,2026-Q1,rawat_jalan,Infeksi Saluran Pernapasan Akut (ISPA),J06,menular,320,Proyeksi (Model ML)
3577,Kota Madiun,2026,Q2,2026-Q2,rawat_jalan,Infeksi Saluran Pernapasan Akut (ISPA),J06,menular,322,Proyeksi (Model ML)
3577,Kota Madiun,2026,Q3,2026-Q3,rawat_jalan,Infeksi Saluran Pernapasan Akut (ISPA),J06,menular,347,Proyeksi (Model ML)
3577,Kota Madiun,2026,Q4,2026-Q4,rawat_jalan,Infeksi Saluran Pernapasan Akut (ISPA),J06,menular,333,Proyeksi (Model ML)
3578,Kota Surabaya,2026,Q1,2026-Q1,rawat_inap,Demam Berdarah Dengue (DBD),A90,menular,1088,Proyeksi (Model ML)
3578,Kota Surabaya,2026,Q2,2026-Q2,rawat_inap,Demam Berdarah Dengue (DBD),A90,menular,1041,Proyeksi (Model ML)
3578,Kota Surabaya,2026,Q3,2026-Q3,rawat_inap,Demam Berdarah Dengue (DBD),A90,menular,1026,Proyeksi (Model ML)
3578,Kota Surabaya,2026,Q4,2026-Q4,rawat_inap,Demam Berdarah Dengue (DBD),A90,menular,1062,Proyeksi (Model ML)
3578,Kota Surabaya,2026,Q1,2026-Q1,rawat_inap,Penyakit Jantung Iskemik,I25,tidak_menular,873,Proyeksi (Model ML)
3578,Kota Surabaya,2026,Q2,2026-Q2,rawat_inap,Penyakit Jantung Iskemik,I25,tidak_menular,904,Proyeksi (Model ML)
3578,Kota Surabaya,2026,Q3,2026-Q3,rawat_inap,Penyakit Jantung Iskemik,I25,tidak_menular,834,Proyeksi (Model ML)
3578,Kota Surabaya,2026,Q4,2026-Q4,rawat_inap,Penyakit Jantung Iskemik,I25,tidak_menular,879,Proyeksi (Model ML)
3578,Kota Surabaya,2026,Q1,2026-Q1,rawat_inap,Pneumonia,J18,menular,877,Proyeksi (Model ML)
3578,Kota Surabaya,2026,Q2,2026-Q2,rawat_inap,Pneumonia,J18,menular,823,Proyeksi (Model ML)
3578,Kota Surabaya,2026,Q3,2026-Q3,rawat_inap,Pneumonia,J18,menular,894,Proyeksi (Model ML)
3578,Kota Surabaya,2026,Q4,2026-Q4,rawat_inap,Pneumonia,J18,menular,784,Proyeksi (Model ML)
3578,Kota Surabaya,2026,Q1,2026-Q1,rawat_inap,Tuberkulosis Paru (TB),A15,menular,1157,Proyeksi (Model ML)
3578,Kota Surabaya,2026,Q2,2026-Q2,rawat_inap,Tuberkulosis Paru (TB),A15,menular,999,Proyeksi (Model ML)
3578,Kota Surabaya,2026,Q3,2026-Q3,rawat_inap,Tuberkulosis Paru (TB),A15,menular,950,Proyeksi (Model ML)
3578,Kota Surabaya,2026,Q4,2026-Q4,rawat_inap,Tuberkulosis Paru (TB),A15,menular,948,Proyeksi (Model ML)
3578,Kota Surabaya,2026,Q1,2026-Q1,rawat_jalan,Demam Tifoid,A01,menular,1188,Proyeksi (Model ML)
3578,Kota Surabaya,2026,Q2,2026-Q2,rawat_jalan,Demam Tifoid,A01,menular,1104,Proyeksi (Model ML)
3578,Kota Surabaya,2026,Q3,2026-Q3,rawat_jalan,Demam Tifoid,A01,menular,1190,Proyeksi (Model ML)
3578,Kota Surabaya,2026,Q4,2026-Q4,rawat_jalan,Demam Tifoid,A01,menular,1093,Proyeksi (Model ML)
3578,Kota Surabaya,2026,Q1,2026-Q1,rawat_jalan,Diabetes Melitus Tipe 2,E11,tidak_menular,2736,Proyeksi (Model ML)
3578,Kota Surabaya,2026,Q2,2026-Q2,rawat_jalan,Diabetes Melitus Tipe 2,E11,tidak_menular,2964,Proyeksi (Model ML)
3578,Kota Surabaya,2026,Q3,2026-Q3,rawat_jalan,Diabetes Melitus Tipe 2,E11,tidak_menular,2883,Proyeksi (Model ML)
3578,Kota Surabaya,2026,Q4,2026-Q4,rawat_jalan,Diabetes Melitus Tipe 2,E11,tidak_menular,2829,Proyeksi (Model ML)
3578,Kota Surabaya,2026,Q1,2026-Q1,rawat_jalan,Diare dan Gastroenteritis,A09,menular,3049,Proyeksi (Model ML)
3578,Kota Surabaya,2026,Q2,2026-Q2,rawat_jalan,Diare dan Gastroenteritis,A09,menular,2857,Proyeksi (Model ML)
3578,Kota Surabaya,2026,Q3,2026-Q3,rawat_jalan,Diare dan Gastroenteritis,A09,menular,3156,Proyeksi (Model ML)
3578,Kota Surabaya,2026,Q4,2026-Q4,rawat_jalan,Diare dan Gastroenteritis,A09,menular,3090,Proyeksi (Model ML)
3578,Kota Surabaya,2026,Q1,2026-Q1,rawat_jalan,Gastritis dan Duodenitis,K29,tidak_menular,2218,Proyeksi (Model ML)
3578,Kota Surabaya,2026,Q2,2026-Q2,rawat_jalan,Gastritis dan Duodenitis,K29,tidak_menular,2135,Proyeksi (Model ML)
3578,Kota Surabaya,2026,Q3,2026-Q3,rawat_jalan,Gastritis dan Duodenitis,K29,tidak_menular,2200,Proyeksi (Model ML)
3578,Kota Surabaya,2026,Q4,2026-Q4,rawat_jalan,Gastritis dan Duodenitis,K29,tidak_menular,2263,Proyeksi (Model ML)
3578,Kota Surabaya,2026,Q1,2026-Q1,rawat_jalan,Hipertensi Esensial,I10,tidak_menular,3568,Proyeksi (Model ML)
3578,Kota Surabaya,2026,Q2,2026-Q2,rawat_jalan,Hipertensi Esensial,I10,tidak_menular,3741,Proyeksi (Model ML)
3578,Kota Surabaya,2026,Q3,2026-Q3,rawat_jalan,Hipertensi Esensial,I10,tidak_menular,3835,Proyeksi (Model ML)
3578,Kota Surabaya,2026,Q4,2026-Q4,rawat_jalan,Hipertensi Esensial,I10,tidak_menular,3602,Proyeksi (Model ML)
3578,Kota Surabaya,2026,Q1,2026-Q1,rawat_jalan,Infeksi Saluran Pernapasan Akut (ISPA),J06,menular,3617,Proyeksi (Model ML)
3578,Kota Surabaya,2026,Q2,2026-Q2,rawat_jalan,Infeksi Saluran Pernapasan Akut (ISPA),J06,menular,3630,Proyeksi (Model ML)
3578,Kota Surabaya,2026,Q3,2026-Q3,rawat_jalan,Infeksi Saluran Pernapasan Akut (ISPA),J06,menular,3912,Proyeksi (Model ML)
3578,Kota Surabaya,2026,Q4,2026-Q4,rawat_jalan,Infeksi Saluran Pernapasan Akut (ISPA),J06,menular,3765,Proyeksi (Model ML)
3579,Kota Batu,2026,Q1,2026-Q1,rawat_inap,Demam Berdarah Dengue (DBD),A90,menular,90,Proyeksi (Model ML)
3579,Kota Batu,2026,Q2,2026-Q2,rawat_inap,Demam Berdarah Dengue (DBD),A90,menular,86,Proyeksi (Model ML)
3579,Kota Batu,2026,Q3,2026-Q3,rawat_inap,Demam Berdarah Dengue (DBD),A90,menular,85,Proyeksi (Model ML)
3579,Kota Batu,2026,Q4,2026-Q4,rawat_inap,Demam Berdarah Dengue (DBD),A90,menular,88,Proyeksi (Model ML)
3579,Kota Batu,2026,Q1,2026-Q1,rawat_inap,Penyakit Jantung Iskemik,I25,tidak_menular,79,Proyeksi (Model ML)
3579,Kota Batu,2026,Q2,2026-Q2,rawat_inap,Penyakit Jantung Iskemik,I25,tidak_menular,82,Proyeksi (Model ML)
3579,Kota Batu,2026,Q3,2026-Q3,rawat_inap,Penyakit Jantung Iskemik,I25,tidak_menular,76,Proyeksi (Model ML)
3579,Kota Batu,2026,Q4,2026-Q4,rawat_inap,Penyakit Jantung Iskemik,I25,tidak_menular,80,Proyeksi (Model ML)
3579,Kota Batu,2026,Q1,2026-Q1,rawat_inap,Pneumonia,J18,menular,57,Proyeksi (Model ML)
3579,Kota Batu,2026,Q2,2026-Q2,rawat_inap,Pneumonia,J18,menular,54,Proyeksi (Model ML)
3579,Kota Batu,2026,Q3,2026-Q3,rawat_inap,Pneumonia,J18,menular,58,Proyeksi (Model ML)
3579,Kota Batu,2026,Q4,2026-Q4,rawat_inap,Pneumonia,J18,menular,51,Proyeksi (Model ML)
3579,Kota Batu,2026,Q1,2026-Q1,rawat_inap,Tuberkulosis Paru (TB),A15,menular,64,Proyeksi (Model ML)
3579,Kota Batu,2026,Q2,2026-Q2,rawat_inap,Tuberkulosis Paru (TB),A15,menular,55,Proyeksi (Model ML)
3579,Kota Batu,2026,Q3,2026-Q3,rawat_inap,Tuberkulosis Paru (TB),A15,menular,52,Proyeksi (Model ML)
3579,Kota Batu,2026,Q4,2026-Q4,rawat_inap,Tuberkulosis Paru (TB),A15,menular,52,Proyeksi (Model ML)
3579,Kota Batu,2026,Q1,2026-Q1,rawat_jalan,Demam Tifoid,A01,menular,90,Proyeksi (Model ML)
3579,Kota Batu,2026,Q2,2026-Q2,rawat_jalan,Demam Tifoid,A01,menular,83,Proyeksi (Model ML)
3579,Kota Batu,2026,Q3,2026-Q3,rawat_jalan,Demam Tifoid,A01,menular,90,Proyeksi (Model ML)
3579,Kota Batu,2026,Q4,2026-Q4,rawat_jalan,Demam Tifoid,A01,menular,82,Proyeksi (Model ML)
3579,Kota Batu,2026,Q1,2026-Q1,rawat_jalan,Diabetes Melitus Tipe 2,E11,tidak_menular,149,Proyeksi (Model ML)
3579,Kota Batu,2026,Q2,2026-Q2,rawat_jalan,Diabetes Melitus Tipe 2,E11,tidak_menular,162,Proyeksi (Model ML)
3579,Kota Batu,2026,Q3,2026-Q3,rawat_jalan,Diabetes Melitus Tipe 2,E11,tidak_menular,157,Proyeksi (Model ML)
3579,Kota Batu,2026,Q4,2026-Q4,rawat_jalan,Diabetes Melitus Tipe 2,E11,tidak_menular,154,Proyeksi (Model ML)
3579,Kota Batu,2026,Q1,2026-Q1,rawat_jalan,Diare dan Gastroenteritis,A09,menular,165,Proyeksi (Model ML)
3579,Kota Batu,2026,Q2,2026-Q2,rawat_jalan,Diare dan Gastroenteritis,A09,menular,155,Proyeksi (Model ML)
3579,Kota Batu,2026,Q3,2026-Q3,rawat_jalan,Diare dan Gastroenteritis,A09,menular,171,Proyeksi (Model ML)
3579,Kota Batu,2026,Q4,2026-Q4,rawat_jalan,Diare dan Gastroenteritis,A09,menular,167,Proyeksi (Model ML)
3579,Kota Batu,2026,Q1,2026-Q1,rawat_jalan,Gastritis dan Duodenitis,K29,tidak_menular,133,Proyeksi (Model ML)
3579,Kota Batu,2026,Q2,2026-Q2,rawat_jalan,Gastritis dan Duodenitis,K29,tidak_menular,129,Proyeksi (Model ML)
3579,Kota Batu,2026,Q3,2026-Q3,rawat_jalan,Gastritis dan Duodenitis,K29,tidak_menular,132,Proyeksi (Model ML)
3579,Kota Batu,2026,Q4,2026-Q4,rawat_jalan,Gastritis dan Duodenitis,K29,tidak_menular,136,Proyeksi (Model ML)
3579,Kota Batu,2026,Q1,2026-Q1,rawat_jalan,Hipertensi Esensial,I10,tidak_menular,281,Proyeksi (Model ML)
3579,Kota Batu,2026,Q2,2026-Q2,rawat_jalan,Hipertensi Esensial,I10,tidak_menular,295,Proyeksi (Model ML)
3579,Kota Batu,2026,Q3,2026-Q3,rawat_jalan,Hipertensi Esensial,I10,tidak_menular,302,Proyeksi (Model ML)
3579,Kota Batu,2026,Q4,2026-Q4,rawat_jalan,Hipertensi Esensial,I10,tidak_menular,284,Proyeksi (Model ML)
3579,Kota Batu,2026,Q1,2026-Q1,rawat_jalan,Infeksi Saluran Pernapasan Akut (ISPA),J06,menular,283,Proyeksi (Model ML)
3579,Kota Batu,2026,Q2,2026-Q2,rawat_jalan,Infeksi Saluran Pernapasan Akut (ISPA),J06,menular,284,Proyeksi (Model ML)
3579,Kota Batu,2026,Q3,2026-Q3,rawat_jalan,Infeksi Saluran Pernapasan Akut (ISPA),J06,menular,306,Proyeksi (Model ML)
3579,Kota Batu,2026,Q4,2026-Q4,rawat_jalan,Infeksi Saluran Pernapasan Akut (ISPA),J06,menular,295,Proyeksi (Model ML)
